Alert_ID,Transaction_ID,Customer_ID,Alert_Date,Risk_Score,Risk_Tier,Investigation_Status,Investigator_ID,Investigation_Start,Investigation_End,Resolution_Time_Minutes,Outcome
1,3591183,C837745698,2020-01-11 22:00:00,0.479421081019987,Medium,Pending,INV_21,2020-01-01 01:33:00,2020-01-01 02:09:00,36,Fraud
2,3592662,C1719653359,2020-01-11 22:00:00,0.4082180317078922,Medium,Pending,INV_9,2020-01-01 02:27:00,2020-01-01 03:55:00,88,False Positive
3,3610922,C1666560485,2020-01-12 03:00:00,0.483915326529133,Medium,Pending,INV_17,2020-01-01 02:22:00,2020-01-01 02:59:00,37,Fraud
4,3611623,C292308787,2020-01-12 09:00:00,0.5710569838078845,Medium,Pending,INV_12,2020-01-01 02:02:00,2020-01-01 04:05:00,123,Fraud
5,3623212,C744401564,2020-01-12 10:00:00,0.6593939581016333,Medium,Pending,INV_12,2020-01-01 02:29:00,2020-01-01 03:30:00,61,False Positive
6,3623213,C1350487416,2020-01-12 10:00:00,0.4578504286349131,Medium,Pending,INV_18,2020-01-01 01:48:00,2020-01-01 03:43:00,115,Fraud
7,3627567,C2025015781,2020-01-12 10:00:00,0.5656719199984774,Medium,Pending,INV_7,2020-01-01 01:42:00,2020-01-01 03:53:00,131,Fraud
8,3627568,C385774270,2020-01-12 10:00:00,0.4236764888504386,Medium,Pending,INV_8,2020-01-01 02:19:00,2020-01-01 02:45:00,26,False Positive
9,3633293,C747770450,2020-01-12 10:00:00,0.4366720131080225,Medium,Pending,INV_7,2020-01-01 02:23:00,2020-01-01 04:05:00,102,False Positive
10,3633677,C962712321,2020-01-12 10:00:00,0.4896973363921048,Medium,Pending,INV_2,2020-01-01 01:54:00,2020-01-01 02:20:00,26,False Positive
11,3635658,C1043576460,2020-01-12 10:00:00,0.6828172855782095,Medium,Pending,INV_21,2020-01-01 01:34:00,2020-01-01 03:00:00,86,Fraud
12,3635970,C448636896,2020-01-12 10:00:00,0.4237606101392003,Medium,Pending,INV_10,2020-01-01 02:46:00,2020-01-01 03:03:00,17,Fraud
13,3635971,C1532333905,2020-01-12 10:00:00,0.5541583585983624,Medium,Pending,INV_13,2020-01-01 02:38:00,2020-01-01 05:26:00,168,False Positive
14,3638377,C43514077,2020-01-12 11:00:00,0.4264645854219978,Medium,Pending,INV_2,2020-01-01 02:16:00,2020-01-01 02:59:00,43,False Positive
15,3638883,C1077345470,2020-01-12 11:00:00,0.4571334327392862,Medium,Pending,INV_18,2020-01-01 02:17:00,2020-01-01 03:14:00,57,False Positive
16,3638884,C584765160,2020-01-12 11:00:00,0.5490719211691563,Medium,Pending,INV_1,2020-01-01 02:39:00,2020-01-01 04:38:00,119,Fraud
17,3646350,C490962544,2020-01-12 11:00:00,0.4226586473647728,Medium,Pending,INV_24,2020-01-01 03:43:00,2020-01-01 04:23:00,40,Fraud
18,3646351,C884995701,2020-01-12 11:00:00,0.491924502386555,Medium,Pending,INV_10,2020-01-01 02:21:00,2020-01-01 04:48:00,147,Fraud
19,3652213,C782128694,2020-01-12 11:00:00,0.4059767691726104,Medium,Pending,INV_6,2020-01-01 03:54:00,2020-01-01 04:07:00,13,Fraud
20,3654690,C1299795752,2020-01-12 11:00:00,0.4175586073938133,Medium,Pending,INV_13,2020-01-01 02:59:00,2020-01-01 04:59:00,120,False Positive
21,3657222,C71678551,2020-01-12 11:00:00,0.5252562450712699,Medium,Pending,INV_11,2020-01-01 03:01:00,2020-01-01 05:28:00,147,Fraud
22,3661235,C1952476372,2020-01-12 11:00:00,0.5296733348755289,Medium,Pending,INV_6,2020-01-01 03:38:00,2020-01-01 05:34:00,116,False Positive
23,3661291,C1581324626,2020-01-12 11:00:00,0.4146445344696599,Medium,Pending,INV_22,2020-01-01 02:06:00,2020-01-01 04:35:00,149,Fraud
24,3665666,C2015273986,2020-01-12 12:00:00,0.4974704967693498,Medium,Pending,INV_19,2020-01-01 02:10:00,2020-01-01 04:02:00,112,Fraud
25,3666842,C1149989245,2020-01-12 12:00:00,0.4243185750559942,Medium,Pending,INV_3,2020-01-01 04:51:00,2020-01-01 06:37:00,106,Fraud
26,3667292,C531616664,2020-01-12 12:00:00,0.5935811152929049,Medium,Pending,INV_8,2020-01-01 03:35:00,2020-01-01 06:08:00,153,False Positive
27,3668459,C975455989,2020-01-12 12:00:00,0.4237585500933817,Medium,Pending,INV_8,2020-01-01 04:00:00,2020-01-01 04:25:00,25,False Positive
28,3669542,C1704187575,2020-01-12 12:00:00,0.4230017360850567,Medium,Pending,INV_10,2020-01-01 04:02:00,2020-01-01 04:15:00,13,Fraud
29,3670352,C716539842,2020-01-12 12:00:00,0.490751689513193,Medium,Pending,INV_11,2020-01-01 04:46:00,2020-01-01 06:56:00,130,Fraud
30,3670704,C1236104616,2020-01-12 12:00:00,0.5270050985027412,Medium,Pending,INV_7,2020-01-01 04:23:00,2020-01-01 06:09:00,106,Fraud
31,3670705,C336831885,2020-01-12 12:00:00,0.4102659334329401,Medium,Pending,INV_16,2020-01-01 04:47:00,2020-01-01 05:55:00,68,Fraud
32,3671361,C541227973,2020-01-12 12:00:00,0.4480201946870746,Medium,Pending,INV_25,2020-01-01 05:02:00,2020-01-01 07:36:00,154,Fraud
33,3672139,C669674444,2020-01-12 12:00:00,0.4377475618486629,Medium,Pending,INV_11,2020-01-01 04:26:00,2020-01-01 07:15:00,169,Fraud
34,3672173,C1760415550,2020-01-12 12:00:00,0.5546838420156834,Medium,Pending,INV_6,2020-01-01 05:36:00,2020-01-01 06:27:00,51,Fraud
35,3673291,C94683374,2020-01-12 12:00:00,0.4162741484571793,Medium,Pending,INV_9,2020-01-01 04:51:00,2020-01-01 07:28:00,157,False Positive
36,3674939,C593312723,2020-01-12 12:00:00,0.4035986322440655,Medium,Pending,INV_9,2020-01-01 04:53:00,2020-01-01 06:49:00,116,Fraud
37,3678044,C1900354364,2020-01-12 12:00:00,0.4373164084033831,Medium,Pending,INV_20,2020-01-01 05:53:00,2020-01-01 07:44:00,111,Fraud
38,3679251,C1445253170,2020-01-12 12:00:00,0.4012746608303232,Medium,Pending,INV_19,2020-01-01 04:49:00,2020-01-01 06:06:00,77,False Positive
39,3681712,C324239756,2020-01-12 12:00:00,0.5063374559880658,Medium,Pending,INV_3,2020-01-01 06:16:00,2020-01-01 07:03:00,47,Fraud
40,3682191,C453740720,2020-01-12 12:00:00,0.761630747483267,High,Pending,INV_9,2020-01-01 05:35:00,2020-01-01 07:45:00,130,Fraud
41,3682192,C575240886,2020-01-12 12:00:00,0.4405198536299726,Medium,Pending,INV_17,2020-01-01 06:44:00,2020-01-01 08:56:00,132,Fraud
42,3684268,C24299338,2020-01-12 12:00:00,0.7463312916372058,High,Pending,INV_5,2020-01-01 06:15:00,2020-01-01 09:03:00,168,False Positive
43,3684589,C1945074660,2020-01-12 12:00:00,0.4374402115840671,Medium,Pending,INV_22,2020-01-01 05:11:00,2020-01-01 06:59:00,108,Fraud
44,3685942,C1855735860,2020-01-12 12:00:00,0.4807473261150028,Medium,Pending,INV_13,2020-01-01 06:01:00,2020-01-01 06:15:00,14,False Positive
45,3686584,C1715283297,2020-01-12 12:00:00,1.0,High,Pending,INV_7,2020-01-01 06:19:00,2020-01-01 07:03:00,44,False Positive
46,3688602,C699131720,2020-01-12 12:00:00,0.4342603829814023,Medium,Pending,INV_23,2020-01-01 06:42:00,2020-01-01 08:34:00,112,Fraud
47,3688967,C2098885079,2020-01-12 12:00:00,0.4659859789064184,Medium,Pending,INV_15,2020-01-01 06:58:00,2020-01-01 07:35:00,37,False Positive
48,3690137,C1095526464,2020-01-12 13:00:00,0.5023327913547154,Medium,Pending,INV_9,2020-01-01 06:24:00,2020-01-01 08:59:00,155,Fraud
49,3695070,C266300209,2020-01-12 13:00:00,0.4165239055772559,Medium,Pending,INV_1,2020-01-01 07:50:00,2020-01-01 08:34:00,44,False Positive
50,3695182,C1440084225,2020-01-12 13:00:00,0.7085680101295175,High,Pending,INV_23,2020-01-01 06:54:00,2020-01-01 08:13:00,79,Fraud
51,3695183,C1184998697,2020-01-12 13:00:00,0.4482499926997,Medium,Pending,INV_4,2020-01-01 07:19:00,2020-01-01 09:06:00,107,Fraud
52,3696691,C253845944,2020-01-12 13:00:00,0.4502310968749646,Medium,Pending,INV_19,2020-01-01 07:00:00,2020-01-01 08:44:00,104,False Positive
53,3697991,C619720581,2020-01-12 13:00:00,0.5670795908918833,Medium,Pending,INV_14,2020-01-01 07:31:00,2020-01-01 09:18:00,107,False Positive
54,3698902,C873143215,2020-01-12 13:00:00,0.422677602345649,Medium,Pending,INV_8,2020-01-01 06:29:00,2020-01-01 08:33:00,124,Fraud
55,3698903,C1173769007,2020-01-12 13:00:00,0.4206358320699196,Medium,Pending,INV_11,2020-01-01 07:56:00,2020-01-01 10:36:00,160,False Positive
56,3700190,C1175472760,2020-01-12 13:00:00,0.5119113248216035,Medium,Pending,INV_21,2020-01-01 06:16:00,2020-01-01 08:34:00,138,Fraud
57,3700191,C1193826872,2020-01-12 13:00:00,0.4206918725701871,Medium,Pending,INV_9,2020-01-01 07:58:00,2020-01-01 08:57:00,59,False Positive
58,3700245,C419316563,2020-01-12 13:00:00,0.5036960122504432,Medium,Pending,INV_16,2020-01-01 06:24:00,2020-01-01 07:23:00,59,Fraud
59,3700246,C1007841851,2020-01-12 13:00:00,0.4122054764904821,Medium,Pending,INV_19,2020-01-01 06:08:00,2020-01-01 08:07:00,119,False Positive
60,3700833,C75206217,2020-01-12 13:00:00,0.4079566996836029,Medium,Pending,INV_6,2020-01-01 06:23:00,2020-01-01 08:35:00,132,False Positive
61,3700989,C1822214239,2020-01-12 13:00:00,0.4178600901699715,Medium,Pending,INV_6,2020-01-01 06:18:00,2020-01-01 06:35:00,17,Fraud
62,3702131,C155947433,2020-01-12 13:00:00,0.455248038538086,Medium,Pending,INV_14,2020-01-01 07:29:00,2020-01-01 08:11:00,42,Fraud
63,3703251,C187049358,2020-01-12 13:00:00,0.514772798883457,Medium,Pending,INV_9,2020-01-01 06:21:00,2020-01-01 09:02:00,161,Fraud
64,3703676,C1218001291,2020-01-12 13:00:00,0.4526456465482521,Medium,Pending,INV_24,2020-01-01 07:01:00,2020-01-01 07:19:00,18,Fraud
65,3703677,C849070123,2020-01-12 13:00:00,0.4406696425705648,Medium,Pending,INV_2,2020-01-01 06:55:00,2020-01-01 07:29:00,34,Fraud
66,3705055,C1573529483,2020-01-12 13:00:00,0.5405099158954735,Medium,Pending,INV_5,2020-01-01 06:15:00,2020-01-01 09:04:00,169,False Positive
67,3705056,C1700304208,2020-01-12 13:00:00,0.4153916794531097,Medium,Pending,INV_3,2020-01-01 07:09:00,2020-01-01 08:33:00,84,Fraud
68,3707202,C994167434,2020-01-12 13:00:00,0.4035330837759489,Medium,Pending,INV_21,2020-01-01 07:06:00,2020-01-01 09:53:00,167,False Positive
69,3708201,C1525478845,2020-01-12 13:00:00,0.4146722613415858,Medium,Pending,INV_14,2020-01-01 07:45:00,2020-01-01 08:11:00,26,False Positive
70,3710727,C2046925137,2020-01-12 13:00:00,0.4279199469137176,Medium,Pending,INV_13,2020-01-01 08:52:00,2020-01-01 09:42:00,50,False Positive
71,3713441,C1850145800,2020-01-12 13:00:00,0.433586507586854,Medium,Pending,INV_23,2020-01-01 07:46:00,2020-01-01 09:05:00,79,Fraud
72,3715595,C844890068,2020-01-12 14:00:00,0.4857407251329089,Medium,Pending,INV_24,2020-01-01 07:12:00,2020-01-01 09:21:00,129,Fraud
73,3717146,C517343666,2020-01-12 14:00:00,0.4241311714627246,Medium,Pending,INV_3,2020-01-01 07:37:00,2020-01-01 08:39:00,62,Fraud
74,3717688,C781771757,2020-01-12 14:00:00,0.4215052199420538,Medium,Pending,INV_8,2020-01-01 08:59:00,2020-01-01 11:18:00,139,Fraud
75,3719185,C183631913,2020-01-12 14:00:00,0.4195325029231185,Medium,Pending,INV_16,2020-01-01 07:21:00,2020-01-01 10:00:00,159,Fraud
76,3719290,C704205641,2020-01-12 14:00:00,0.4061178845827909,Medium,Pending,INV_14,2020-01-01 07:44:00,2020-01-01 08:52:00,68,Fraud
77,3720472,C1289020569,2020-01-12 14:00:00,0.4954910850179657,Medium,Pending,INV_22,2020-01-01 07:27:00,2020-01-01 08:50:00,83,Fraud
78,3721955,C1601768700,2020-01-12 14:00:00,0.4148625878889349,Medium,Pending,INV_15,2020-01-01 08:23:00,2020-01-01 11:01:00,158,False Positive
79,3721956,C1107818863,2020-01-12 14:00:00,0.4061088493366226,Medium,Pending,INV_1,2020-01-01 09:54:00,2020-01-01 12:05:00,131,False Positive
80,3726764,C887749573,2020-01-12 14:00:00,0.492560263980369,Medium,Pending,INV_19,2020-01-01 09:46:00,2020-01-01 11:10:00,84,Fraud
81,3732167,C1732336436,2020-01-12 14:00:00,0.4178751000487675,Medium,Pending,INV_20,2020-01-01 09:48:00,2020-01-01 10:36:00,48,Fraud
82,3732464,C1965567777,2020-01-12 14:00:00,0.4022863560254964,Medium,Pending,INV_13,2020-01-01 08:21:00,2020-01-01 10:51:00,150,False Positive
83,3733546,C31593462,2020-01-12 14:00:00,0.7554911991998143,High,Pending,INV_18,2020-01-01 09:51:00,2020-01-01 10:32:00,41,False Positive
84,3733547,C684295480,2020-01-12 14:00:00,0.426499008540778,Medium,Pending,INV_12,2020-01-01 08:07:00,2020-01-01 10:07:00,120,Fraud
85,3735446,C1512928781,2020-01-12 14:00:00,0.4255553143934487,Medium,Pending,INV_17,2020-01-01 08:12:00,2020-01-01 11:10:00,178,Fraud
86,3737629,C25511325,2020-01-12 14:00:00,0.5336011541814019,Medium,Pending,INV_16,2020-01-01 09:20:00,2020-01-01 10:26:00,66,Fraud
87,3740893,C728044836,2020-01-12 14:00:00,0.5490951024772162,Medium,Pending,INV_8,2020-01-01 09:55:00,2020-01-01 10:17:00,22,Fraud
88,3742402,C399983585,2020-01-12 15:00:00,0.4192922396869196,Medium,Pending,INV_2,2020-01-01 08:43:00,2020-01-01 11:06:00,143,False Positive
89,3742403,C1337073142,2020-01-12 15:00:00,0.4184486610707312,Medium,Pending,INV_19,2020-01-01 08:39:00,2020-01-01 11:29:00,170,False Positive
90,3742610,C1399227772,2020-01-12 15:00:00,0.5797603082550093,Medium,Pending,INV_10,2020-01-01 08:06:00,2020-01-01 10:19:00,133,Fraud
91,3743183,C566758972,2020-01-12 15:00:00,0.5091922333487431,Medium,Pending,INV_6,2020-01-01 10:38:00,2020-01-01 11:31:00,53,False Positive
92,3747401,C332071605,2020-01-12 15:00:00,0.5477108197596634,Medium,Pending,INV_10,2020-01-01 09:40:00,2020-01-01 09:59:00,19,Fraud
93,3747402,C1255417607,2020-01-12 15:00:00,0.483018738192429,Medium,Pending,INV_8,2020-01-01 09:41:00,2020-01-01 11:14:00,93,False Positive
94,3748419,C1361430680,2020-01-12 15:00:00,0.5239934435721489,Medium,Pending,INV_24,2020-01-01 10:03:00,2020-01-01 11:04:00,61,Fraud
95,3748420,C1547880251,2020-01-12 15:00:00,0.4006443071785942,Medium,Pending,INV_24,2020-01-01 09:32:00,2020-01-01 09:51:00,19,False Positive
96,3749261,C217293176,2020-01-12 15:00:00,0.4263221039423248,Medium,Pending,INV_3,2020-01-01 09:40:00,2020-01-01 10:31:00,51,Fraud
97,3749661,C42577384,2020-01-12 15:00:00,0.4387281451727089,Medium,Pending,INV_5,2020-01-01 10:38:00,2020-01-01 12:25:00,107,False Positive
98,3750712,C1845534968,2020-01-12 15:00:00,0.7301591866467392,High,Pending,INV_22,2020-01-01 09:24:00,2020-01-01 09:44:00,20,False Positive
99,3750973,C1237771660,2020-01-12 15:00:00,0.6177503547239627,Medium,Pending,INV_8,2020-01-01 09:57:00,2020-01-01 12:10:00,133,False Positive
100,3752734,C1339787537,2020-01-12 15:00:00,0.4790702308200113,Medium,Pending,INV_5,2020-01-01 10:58:00,2020-01-01 11:57:00,59,Fraud
101,3754019,C1685295215,2020-01-12 15:00:00,0.4646388982417612,Medium,Pending,INV_13,2020-01-01 10:48:00,2020-01-01 11:25:00,37,False Positive
102,3754020,C1949520965,2020-01-12 15:00:00,0.4622637207644686,Medium,Pending,INV_11,2020-01-01 10:50:00,2020-01-01 12:31:00,101,Fraud
103,3755847,C256397271,2020-01-12 15:00:00,0.6499179389084975,Medium,Pending,INV_20,2020-01-01 10:38:00,2020-01-01 12:17:00,99,False Positive
104,3755952,C45285929,2020-01-12 15:00:00,0.4367055562814798,Medium,Pending,INV_4,2020-01-01 10:16:00,2020-01-01 11:46:00,90,Fraud
105,3755978,C1301835320,2020-01-12 15:00:00,0.673908719355284,Medium,Pending,INV_19,2020-01-01 10:22:00,2020-01-01 12:12:00,110,False Positive
106,3755979,C2007360267,2020-01-12 15:00:00,0.4204160738086389,Medium,Pending,INV_7,2020-01-01 09:54:00,2020-01-01 12:22:00,148,False Positive
107,3757066,C1534780687,2020-01-12 15:00:00,0.459455364475964,Medium,Pending,INV_1,2020-01-01 10:33:00,2020-01-01 11:45:00,72,False Positive
108,3758465,C606497051,2020-01-12 15:00:00,0.4220634494254907,Medium,Pending,INV_2,2020-01-01 09:35:00,2020-01-01 11:39:00,124,Fraud
109,3759493,C231288689,2020-01-12 15:00:00,0.6072491907488571,Medium,Pending,INV_9,2020-01-01 10:03:00,2020-01-01 11:09:00,66,Fraud
110,3759536,C1497815394,2020-01-12 15:00:00,0.4821590906736697,Medium,Pending,INV_2,2020-01-01 10:41:00,2020-01-01 11:08:00,27,False Positive
111,3760994,C1587463343,2020-01-12 15:00:00,0.5558254897865644,Medium,Pending,INV_23,2020-01-01 11:17:00,2020-01-01 12:01:00,44,Fraud
112,3762462,C1524335354,2020-01-12 15:00:00,0.5835581671859863,Medium,Pending,INV_16,2020-01-01 11:46:00,2020-01-01 12:55:00,69,Fraud
113,3763136,C1083523322,2020-01-12 15:00:00,0.541447312311759,Medium,Pending,INV_6,2020-01-01 10:41:00,2020-01-01 13:23:00,162,Fraud
114,3766399,C906095950,2020-01-12 15:00:00,0.4499640288883564,Medium,Pending,INV_5,2020-01-01 11:46:00,2020-01-01 13:49:00,123,False Positive
115,3766884,C1087167148,2020-01-12 16:00:00,0.4848118813974752,Medium,Pending,INV_8,2020-01-01 10:49:00,2020-01-01 12:36:00,107,Fraud
116,3767147,C1927064014,2020-01-12 16:00:00,0.4380508725122746,Medium,Pending,INV_7,2020-01-01 11:40:00,2020-01-01 12:14:00,34,Fraud
117,3771433,C1304623104,2020-01-12 16:00:00,0.4418611823553329,Medium,Pending,INV_16,2020-01-01 10:06:00,2020-01-01 12:06:00,120,Fraud
118,3771898,C573837343,2020-01-12 16:00:00,0.4813706210469181,Medium,Pending,INV_18,2020-01-01 10:47:00,2020-01-01 11:25:00,38,False Positive
119,3774450,C266734444,2020-01-12 16:00:00,0.4153204243264208,Medium,Pending,INV_20,2020-01-01 10:23:00,2020-01-01 13:13:00,170,False Positive
120,3777714,C172858776,2020-01-12 16:00:00,0.517209856105792,Medium,Pending,INV_13,2020-01-01 11:39:00,2020-01-01 12:46:00,67,False Positive
121,3778565,C1473635164,2020-01-12 16:00:00,0.5839779123116597,Medium,Pending,INV_13,2020-01-01 11:36:00,2020-01-01 13:07:00,91,Fraud
122,3779137,C320268178,2020-01-12 16:00:00,0.5149680092371431,Medium,Pending,INV_24,2020-01-01 11:57:00,2020-01-01 12:48:00,51,Fraud
123,3779672,C161845266,2020-01-12 16:00:00,0.5214720669768113,Medium,Pending,INV_3,2020-01-01 11:17:00,2020-01-01 12:49:00,92,Fraud
124,3779730,C1201808245,2020-01-12 16:00:00,0.4268881850883017,Medium,Pending,INV_8,2020-01-01 12:35:00,2020-01-01 14:21:00,106,Fraud
125,3779731,C751087759,2020-01-12 16:00:00,0.4355917808411741,Medium,Pending,INV_23,2020-01-01 12:15:00,2020-01-01 13:21:00,66,False Positive
126,3781616,C1668745046,2020-01-12 16:00:00,0.4316792518062777,Medium,Pending,INV_18,2020-01-01 12:57:00,2020-01-01 15:09:00,132,Fraud
127,3781697,C2035175467,2020-01-12 16:00:00,0.4784612309674901,Medium,Pending,INV_15,2020-01-01 11:11:00,2020-01-01 13:49:00,158,False Positive
128,3781923,C684935090,2020-01-12 16:00:00,0.4262986975936056,Medium,Pending,INV_6,2020-01-01 12:22:00,2020-01-01 12:54:00,32,False Positive
129,3782845,C670639294,2020-01-12 16:00:00,0.5813092003398208,Medium,Pending,INV_17,2020-01-01 13:59:00,2020-01-01 16:13:00,134,False Positive
130,3783267,C823701970,2020-01-12 16:00:00,0.4752383466803025,Medium,Pending,INV_19,2020-01-01 12:39:00,2020-01-01 13:24:00,45,Fraud
131,3783268,C271854844,2020-01-12 16:00:00,0.4738234694882657,Medium,Pending,INV_9,2020-01-01 13:05:00,2020-01-01 13:43:00,38,Fraud
132,3785343,C527364887,2020-01-12 16:00:00,0.4065612205117749,Medium,Pending,INV_9,2020-01-01 12:57:00,2020-01-01 14:58:00,121,False Positive
133,3785872,C1538960359,2020-01-12 16:00:00,0.4277463645423573,Medium,Pending,INV_22,2020-01-01 12:59:00,2020-01-01 14:26:00,87,Fraud
134,3785873,C590489295,2020-01-12 16:00:00,0.4112299524923721,Medium,Pending,INV_19,2020-01-01 12:47:00,2020-01-01 15:37:00,170,False Positive
135,3786299,C896903193,2020-01-12 16:00:00,0.4714456077272023,Medium,Pending,INV_25,2020-01-01 13:44:00,2020-01-01 14:18:00,34,False Positive
136,3786300,C449241816,2020-01-12 16:00:00,0.4950767761537602,Medium,Pending,INV_10,2020-01-01 13:39:00,2020-01-01 13:49:00,10,Fraud
137,3787728,C1819933745,2020-01-12 16:00:00,0.4085024484211698,Medium,Pending,INV_7,2020-01-01 12:27:00,2020-01-01 14:01:00,94,Fraud
138,3789535,C1735247380,2020-01-12 16:00:00,0.4303428334650713,Medium,Pending,INV_16,2020-01-01 12:52:00,2020-01-01 14:26:00,94,Fraud
139,3790060,C731404605,2020-01-12 16:00:00,0.4515141815643164,Medium,Pending,INV_8,2020-01-01 12:05:00,2020-01-01 13:08:00,63,False Positive
140,3791460,C2065398513,2020-01-12 16:00:00,0.4346442799327082,Medium,Pending,INV_8,2020-01-01 13:53:00,2020-01-01 16:00:00,127,Fraud
141,3793472,C1876304975,2020-01-12 17:00:00,0.4030980837406676,Medium,Pending,INV_22,2020-01-01 12:07:00,2020-01-01 14:45:00,158,False Positive
142,3794773,C1867845412,2020-01-12 17:00:00,0.442049449311185,Medium,Pending,INV_4,2020-01-01 13:49:00,2020-01-01 16:41:00,172,False Positive
143,3795436,C2133303943,2020-01-12 17:00:00,0.4406943832619809,Medium,Pending,INV_16,2020-01-01 13:57:00,2020-01-01 15:32:00,95,Fraud
144,3795437,C1793966542,2020-01-12 17:00:00,0.6008040211218619,Medium,Pending,INV_23,2020-01-01 14:12:00,2020-01-01 14:23:00,11,Fraud
145,3795532,C1175984461,2020-01-12 17:00:00,0.4371444363751245,Medium,Pending,INV_10,2020-01-01 13:18:00,2020-01-01 15:15:00,117,False Positive
146,3795533,C1872840947,2020-01-12 17:00:00,0.4115659895348279,Medium,Pending,INV_2,2020-01-01 14:31:00,2020-01-01 16:12:00,101,Fraud
147,3795692,C1678637689,2020-01-12 17:00:00,0.4345734770832257,Medium,Pending,INV_15,2020-01-01 14:11:00,2020-01-01 15:05:00,54,False Positive
148,3796066,C1190626452,2020-01-12 17:00:00,0.5830885476135298,Medium,Pending,INV_20,2020-01-01 14:46:00,2020-01-01 17:17:00,151,Fraud
149,3796415,C1253079033,2020-01-12 17:00:00,0.5188004189512851,Medium,Pending,INV_10,2020-01-01 14:25:00,2020-01-01 15:47:00,82,Fraud
150,3796416,C1100410968,2020-01-12 17:00:00,0.5315808637791393,Medium,Pending,INV_21,2020-01-01 13:45:00,2020-01-01 15:48:00,123,Fraud
151,3798259,C1294816356,2020-01-12 17:00:00,0.4643278542664002,Medium,Pending,INV_16,2020-01-01 13:46:00,2020-01-01 16:40:00,174,Fraud
152,3798410,C441984477,2020-01-12 17:00:00,0.4220147540948396,Medium,Pending,INV_5,2020-01-01 13:57:00,2020-01-01 16:54:00,177,Fraud
153,3799317,C236465733,2020-01-12 17:00:00,0.4880780925992129,Medium,Pending,INV_7,2020-01-01 13:09:00,2020-01-01 13:55:00,46,Fraud
154,3799318,C718364187,2020-01-12 17:00:00,0.4208521926109925,Medium,Pending,INV_5,2020-01-01 13:05:00,2020-01-01 15:33:00,148,False Positive
155,3799894,C1223028177,2020-01-12 17:00:00,0.6940695422890548,Medium,Pending,INV_17,2020-01-01 13:19:00,2020-01-01 13:38:00,19,Fraud
156,3799895,C158892010,2020-01-12 17:00:00,0.4045875045909635,Medium,Pending,INV_10,2020-01-01 14:06:00,2020-01-01 15:09:00,63,False Positive
157,3799943,C1744392408,2020-01-12 17:00:00,0.4599436009382661,Medium,Pending,INV_13,2020-01-01 15:08:00,2020-01-01 15:18:00,10,False Positive
158,3801348,C1139460122,2020-01-12 17:00:00,0.7349116656307757,High,Pending,INV_12,2020-01-01 15:37:00,2020-01-01 15:47:00,10,Fraud
159,3802365,C385252041,2020-01-12 17:00:00,0.607724089311769,Medium,Pending,INV_19,2020-01-01 15:03:00,2020-01-01 16:26:00,83,Fraud
160,3802995,C1406624799,2020-01-12 17:00:00,0.4854044044423007,Medium,Pending,INV_1,2020-01-01 15:25:00,2020-01-01 18:20:00,175,Fraud
161,3809160,C156600776,2020-01-12 17:00:00,0.4905257184790178,Medium,Pending,INV_25,2020-01-01 15:45:00,2020-01-01 16:46:00,61,Fraud
162,3811040,C977746593,2020-01-12 17:00:00,0.4342924274234441,Medium,Pending,INV_18,2020-01-01 15:19:00,2020-01-01 17:23:00,124,Fraud
163,3811041,C1607717460,2020-01-12 17:00:00,0.4103385612925057,Medium,Pending,INV_17,2020-01-01 14:07:00,2020-01-01 16:47:00,160,Fraud
164,3811164,C33817990,2020-01-12 17:00:00,0.5555678716146337,Medium,Pending,INV_5,2020-01-01 14:31:00,2020-01-01 16:44:00,133,False Positive
165,3811229,C1025223884,2020-01-12 17:00:00,0.4867763126495303,Medium,Pending,INV_16,2020-01-01 15:54:00,2020-01-01 16:47:00,53,False Positive
166,3812249,C1920591060,2020-01-12 17:00:00,0.5583918585367538,Medium,Pending,INV_3,2020-01-01 15:01:00,2020-01-01 16:49:00,108,Fraud
167,3812250,C788360480,2020-01-12 17:00:00,0.5225871036897479,Medium,Pending,INV_11,2020-01-01 15:58:00,2020-01-01 18:40:00,162,Fraud
168,3812827,C1776390461,2020-01-12 17:00:00,0.4746020162000579,Medium,Pending,INV_15,2020-01-01 16:12:00,2020-01-01 18:59:00,167,Fraud
169,3812828,C208329746,2020-01-12 17:00:00,0.4692335069630695,Medium,Pending,INV_14,2020-01-01 15:55:00,2020-01-01 16:12:00,17,Fraud
170,3814883,C165012828,2020-01-12 17:00:00,0.4269238706912374,Medium,Pending,INV_8,2020-01-01 16:11:00,2020-01-01 16:49:00,38,False Positive
171,3815328,C452313985,2020-01-12 17:00:00,0.4162671386526635,Medium,Pending,INV_15,2020-01-01 16:05:00,2020-01-01 16:34:00,29,Fraud
172,3815329,C377571159,2020-01-12 17:00:00,0.4184527606421736,Medium,Pending,INV_11,2020-01-01 15:53:00,2020-01-01 18:41:00,168,Fraud
173,3815798,C1672304119,2020-01-12 17:00:00,0.551253708759629,Medium,Pending,INV_3,2020-01-01 16:09:00,2020-01-01 18:51:00,162,False Positive
174,3815799,C153152648,2020-01-12 17:00:00,0.4001119856903424,Medium,Pending,INV_11,2020-01-01 15:31:00,2020-01-01 15:49:00,18,Fraud
175,3816444,C1459702162,2020-01-12 17:00:00,0.5109515375412153,Medium,Pending,INV_9,2020-01-01 16:22:00,2020-01-01 17:51:00,89,Fraud
176,3816553,C629712073,2020-01-12 17:00:00,0.557837279073483,Medium,Pending,INV_3,2020-01-01 15:07:00,2020-01-01 16:24:00,77,Fraud
177,3816554,C1953100208,2020-01-12 17:00:00,0.4024701290587108,Medium,Pending,INV_16,2020-01-01 15:54:00,2020-01-01 16:40:00,46,Fraud
178,3821449,C1676023417,2020-01-12 18:00:00,0.4924693870043366,Medium,Pending,INV_24,2020-01-01 15:57:00,2020-01-01 16:32:00,35,False Positive
179,3822231,C578190255,2020-01-12 18:00:00,0.5276836749148812,Medium,Pending,INV_23,2020-01-01 16:15:00,2020-01-01 17:47:00,92,False Positive
180,3822701,C1225002176,2020-01-12 18:00:00,0.4271370131963167,Medium,Pending,INV_16,2020-01-01 15:21:00,2020-01-01 18:04:00,163,False Positive
181,3825307,C1541339097,2020-01-12 18:00:00,0.4271495309694014,Medium,Pending,INV_18,2020-01-01 15:12:00,2020-01-01 15:43:00,31,False Positive
182,3826206,C1362894854,2020-01-12 18:00:00,0.406436790972971,Medium,Pending,INV_8,2020-01-01 16:17:00,2020-01-01 16:58:00,41,False Positive
183,3827189,C1998525990,2020-01-12 18:00:00,0.5676875779099978,Medium,Pending,INV_25,2020-01-01 16:53:00,2020-01-01 17:03:00,10,False Positive
184,3827190,C1427876134,2020-01-12 18:00:00,0.4565707367439512,Medium,Pending,INV_4,2020-01-01 15:55:00,2020-01-01 16:58:00,63,Fraud
185,3827424,C496051401,2020-01-12 18:00:00,0.4282109243345562,Medium,Pending,INV_5,2020-01-01 16:29:00,2020-01-01 16:50:00,21,Fraud
186,3827425,C2101165270,2020-01-12 18:00:00,0.4471717508917369,Medium,Pending,INV_19,2020-01-01 16:50:00,2020-01-01 19:31:00,161,False Positive
187,3828774,C464295785,2020-01-12 18:00:00,0.6071367790778782,Medium,Pending,INV_23,2020-01-01 16:16:00,2020-01-01 18:27:00,131,False Positive
188,3828775,C2039041492,2020-01-12 18:00:00,0.4149510566573215,Medium,Pending,INV_16,2020-01-01 17:43:00,2020-01-01 18:50:00,67,Fraud
189,3828824,C1368963451,2020-01-12 18:00:00,0.409085200218748,Medium,Pending,INV_19,2020-01-01 17:38:00,2020-01-01 18:24:00,46,False Positive
190,3830152,C952958807,2020-01-12 18:00:00,0.4618012117802146,Medium,Pending,INV_25,2020-01-01 17:12:00,2020-01-01 19:59:00,167,False Positive
191,3831591,C745981761,2020-01-12 18:00:00,0.5712289150229146,Medium,Pending,INV_10,2020-01-01 17:57:00,2020-01-01 20:54:00,177,False Positive
192,3831901,C632079286,2020-01-12 18:00:00,0.4826704902711656,Medium,Pending,INV_13,2020-01-01 16:26:00,2020-01-01 17:19:00,53,False Positive
193,3832751,C1122413066,2020-01-12 18:00:00,0.609628783475421,Medium,Pending,INV_23,2020-01-01 17:33:00,2020-01-01 18:27:00,54,Fraud
194,3833122,C757204460,2020-01-12 18:00:00,0.4579564784397747,Medium,Pending,INV_24,2020-01-01 17:48:00,2020-01-01 20:40:00,172,Fraud
195,3833220,C112439114,2020-01-12 18:00:00,0.4082018015968546,Medium,Pending,INV_24,2020-01-01 17:26:00,2020-01-01 18:43:00,77,False Positive
196,3834388,C566169398,2020-01-12 18:00:00,0.5147572375338936,Medium,Pending,INV_16,2020-01-01 16:14:00,2020-01-01 19:06:00,172,False Positive
197,3835290,C140591783,2020-01-12 18:00:00,0.7082864436031345,High,Pending,INV_7,2020-01-01 16:21:00,2020-01-01 17:07:00,46,Fraud
198,3835891,C874478710,2020-01-12 18:00:00,0.4168665923743168,Medium,Pending,INV_14,2020-01-01 18:17:00,2020-01-01 20:43:00,146,Fraud
199,3836049,C189794691,2020-01-12 18:00:00,0.5846721827352859,Medium,Pending,INV_5,2020-01-01 17:13:00,2020-01-01 17:34:00,21,Fraud
200,3836319,C1110779546,2020-01-12 18:00:00,0.4586098152396025,Medium,Pending,INV_23,2020-01-01 17:42:00,2020-01-01 18:15:00,33,Fraud
201,3836933,C1578741470,2020-01-12 18:00:00,0.4004094378762293,Medium,Pending,INV_3,2020-01-01 18:20:00,2020-01-01 20:46:00,146,False Positive
202,3836934,C1958620793,2020-01-12 18:00:00,0.4874143688705767,Medium,Pending,INV_7,2020-01-01 18:21:00,2020-01-01 18:58:00,37,Fraud
203,3837200,C1363464542,2020-01-12 18:00:00,0.5444170314607049,Medium,Pending,INV_22,2020-01-01 17:34:00,2020-01-01 17:56:00,22,Fraud
204,3837910,C171512830,2020-01-12 18:00:00,0.4293278317926224,Medium,Pending,INV_25,2020-01-01 17:24:00,2020-01-01 17:46:00,22,Fraud
205,3838268,C1254703602,2020-01-12 18:00:00,0.437870004638875,Medium,Pending,INV_25,2020-01-01 19:16:00,2020-01-01 21:36:00,140,Fraud
206,3838729,C1662170557,2020-01-12 18:00:00,0.4477297581361648,Medium,Pending,INV_18,2020-01-01 19:18:00,2020-01-01 20:17:00,59,Fraud
207,3839627,C621607831,2020-01-12 18:00:00,0.4628037345998004,Medium,Pending,INV_1,2020-01-01 19:48:00,2020-01-01 21:24:00,96,False Positive
208,3840000,C1551396234,2020-01-12 18:00:00,0.5848460835861256,Medium,Pending,INV_11,2020-01-01 19:47:00,2020-01-01 20:28:00,41,False Positive
209,3840001,C265490212,2020-01-12 18:00:00,0.4741150995421599,Medium,Pending,INV_11,2020-01-01 19:23:00,2020-01-01 22:04:00,161,False Positive
210,3841771,C219724923,2020-01-12 18:00:00,0.4392655979211584,Medium,Pending,INV_13,2020-01-01 18:31:00,2020-01-01 21:11:00,160,Fraud
211,3841894,C1582344102,2020-01-12 18:00:00,0.4847033581140901,Medium,Pending,INV_15,2020-01-01 19:39:00,2020-01-01 21:05:00,86,False Positive
212,3842063,C568879090,2020-01-12 18:00:00,0.4111633101691539,Medium,Pending,INV_25,2020-01-01 18:44:00,2020-01-01 21:17:00,153,Fraud
213,3842647,C1349367295,2020-01-12 18:00:00,0.5714473930814954,Medium,Pending,INV_4,2020-01-01 19:32:00,2020-01-01 20:50:00,78,Fraud
214,3842665,C601774538,2020-01-12 18:00:00,0.4590379482030876,Medium,Pending,INV_18,2020-01-01 19:01:00,2020-01-01 21:25:00,144,False Positive
215,3843122,C140070799,2020-01-12 18:00:00,0.4316973380484317,Medium,Pending,INV_20,2020-01-01 18:20:00,2020-01-01 19:44:00,84,False Positive
216,3846932,C1465545297,2020-01-12 18:00:00,0.4351183922919985,Medium,Pending,INV_4,2020-01-01 19:58:00,2020-01-01 21:00:00,62,False Positive
217,3849466,C952727134,2020-01-12 18:00:00,0.4288441936712183,Medium,Pending,INV_3,2020-01-01 18:50:00,2020-01-01 20:21:00,91,False Positive
218,3849654,C543086845,2020-01-12 18:00:00,0.6389054331861863,Medium,Pending,INV_22,2020-01-01 18:24:00,2020-01-01 20:52:00,148,False Positive
219,3849655,C1813537708,2020-01-12 18:00:00,0.4150751752886736,Medium,Pending,INV_9,2020-01-01 19:21:00,2020-01-01 19:41:00,20,Fraud
220,3850857,C990806761,2020-01-12 18:00:00,0.458847415772309,Medium,Pending,INV_6,2020-01-01 19:40:00,2020-01-01 22:25:00,165,False Positive
221,3853686,C1079825850,2020-01-12 19:00:00,0.416683275555763,Medium,Pending,INV_13,2020-01-01 19:40:00,2020-01-01 22:13:00,153,Fraud
222,3853738,C1905725397,2020-01-12 19:00:00,0.4544510526519353,Medium,Pending,INV_5,2020-01-01 19:32:00,2020-01-01 20:22:00,50,False Positive
223,3853739,C520626363,2020-01-12 19:00:00,0.4076392842256498,Medium,Pending,INV_13,2020-01-01 19:07:00,2020-01-01 19:58:00,51,Fraud
224,3853996,C41081789,2020-01-12 19:00:00,0.5700509325748953,Medium,Pending,INV_7,2020-01-01 19:12:00,2020-01-01 19:55:00,43,False Positive
225,3854364,C383401007,2020-01-12 19:00:00,0.5345120585720164,Medium,Pending,INV_18,2020-01-01 20:17:00,2020-01-01 22:57:00,160,Fraud
226,3854615,C679189901,2020-01-12 19:00:00,0.4269552549281961,Medium,Pending,INV_25,2020-01-01 20:18:00,2020-01-01 21:24:00,66,Fraud
227,3855325,C1194712625,2020-01-12 19:00:00,0.5571019201780947,Medium,Pending,INV_5,2020-01-01 19:20:00,2020-01-01 21:53:00,153,False Positive
228,3856511,C71114444,2020-01-12 19:00:00,0.4305761562565269,Medium,Pending,INV_8,2020-01-01 19:28:00,2020-01-01 20:29:00,61,False Positive
229,3856961,C820643524,2020-01-12 19:00:00,0.5366364443631065,Medium,Pending,INV_7,2020-01-01 19:21:00,2020-01-01 19:36:00,15,False Positive
230,3857904,C1549128592,2020-01-12 19:00:00,0.4570776960287643,Medium,Pending,INV_21,2020-01-01 19:29:00,2020-01-01 21:13:00,104,Fraud
231,3859608,C1273768806,2020-01-12 19:00:00,0.7511376413570119,High,Pending,INV_16,2020-01-01 19:27:00,2020-01-01 21:11:00,104,Fraud
232,3862075,C206223994,2020-01-12 19:00:00,0.5436354379164623,Medium,Pending,INV_1,2020-01-01 20:13:00,2020-01-01 21:32:00,79,Fraud
233,3864130,C256698564,2020-01-12 19:00:00,0.7312377557177336,High,Pending,INV_17,2020-01-01 20:31:00,2020-01-01 22:45:00,134,False Positive
234,3864131,C1542160234,2020-01-12 19:00:00,0.4309924568668623,Medium,Pending,INV_21,2020-01-01 20:56:00,2020-01-01 23:49:00,173,Fraud
235,3864326,C633676696,2020-01-12 19:00:00,0.5893024120915336,Medium,Pending,INV_22,2020-01-01 20:24:00,2020-01-01 20:44:00,20,Fraud
236,3864327,C729460978,2020-01-12 19:00:00,0.4516233567235543,Medium,Pending,INV_6,2020-01-01 21:47:00,2020-01-02 00:20:00,153,False Positive
237,3864453,C1511757918,2020-01-12 19:00:00,0.4084836603277811,Medium,Pending,INV_25,2020-01-01 21:18:00,2020-01-01 21:36:00,18,False Positive
238,3864642,C810505598,2020-01-12 19:00:00,0.4927637579807677,Medium,Pending,INV_22,2020-01-01 21:18:00,2020-01-01 23:50:00,152,False Positive
239,3864643,C598154353,2020-01-12 19:00:00,0.5117309144501093,Medium,Pending,INV_16,2020-01-01 21:39:00,2020-01-01 22:39:00,60,Fraud
240,3865584,C126362999,2020-01-12 19:00:00,0.4964075368274127,Medium,Pending,INV_16,2020-01-01 22:29:00,2020-01-02 00:03:00,94,False Positive
241,3865585,C960156586,2020-01-12 19:00:00,0.4901180739834307,Medium,Pending,INV_5,2020-01-01 22:35:00,2020-01-02 01:21:00,166,Fraud
242,3867127,C1512215721,2020-01-12 19:00:00,0.4177612080464002,Medium,Pending,INV_14,2020-01-01 22:43:00,2020-01-01 23:54:00,71,False Positive
243,3867478,C1516273183,2020-01-12 19:00:00,0.561530963639385,Medium,Pending,INV_20,2020-01-01 23:06:00,2020-01-01 23:41:00,35,False Positive
244,3867479,C1041279319,2020-01-12 19:00:00,0.579967403890318,Medium,Pending,INV_20,2020-01-01 22:30:00,2020-01-02 00:51:00,141,Fraud
245,3867970,C299996948,2020-01-12 19:00:00,0.4431033122949293,Medium,Pending,INV_14,2020-01-01 22:58:00,2020-01-02 00:50:00,112,Fraud
246,3867971,C419818712,2020-01-12 19:00:00,0.4276029310316589,Medium,Pending,INV_19,2020-01-01 22:57:00,2020-01-02 01:34:00,157,Fraud
247,3870535,C970690907,2020-01-12 19:00:00,0.4528616865653984,Medium,Pending,INV_23,2020-01-01 23:25:00,2020-01-02 01:34:00,129,False Positive
248,3871572,C2084296908,2020-01-12 19:00:00,0.4125334610602269,Medium,Pending,INV_24,2020-01-01 22:12:00,2020-01-01 23:16:00,64,Fraud
249,3871573,C1023903629,2020-01-12 19:00:00,0.4101175129848893,Medium,Pending,INV_4,2020-01-01 22:41:00,2020-01-02 00:23:00,102,False Positive
250,3871631,C658546481,2020-01-12 19:00:00,0.425726954161138,Medium,Pending,INV_10,2020-01-01 22:15:00,2020-01-02 00:29:00,134,Fraud
251,3871663,C839864885,2020-01-12 19:00:00,0.4410249913878354,Medium,Pending,INV_7,2020-01-01 23:57:00,2020-01-02 02:47:00,170,Fraud
252,3873119,C2139988800,2020-01-12 19:00:00,0.4009374621631191,Medium,Pending,INV_15,2020-01-01 22:13:00,2020-01-02 00:20:00,127,False Positive
253,3873286,C1463049424,2020-01-12 19:00:00,0.407951950810797,Medium,Pending,INV_2,2020-01-01 23:04:00,2020-01-02 01:12:00,128,False Positive
254,3874939,C626152842,2020-01-12 19:00:00,0.6312482096373516,Medium,Pending,INV_11,2020-01-01 23:58:00,2020-01-02 00:17:00,19,Fraud
255,3874967,C1015946711,2020-01-12 19:00:00,0.407196318417373,Medium,Pending,INV_4,2020-01-01 22:05:00,2020-01-01 23:31:00,86,Fraud
256,3875276,C371210855,2020-01-12 19:00:00,0.5015227029077913,Medium,Pending,INV_13,2020-01-01 23:40:00,2020-01-02 00:01:00,21,Fraud
257,3876558,C1620913175,2020-01-12 19:00:00,0.5485755076742896,Medium,Pending,INV_24,2020-01-01 23:38:00,2020-01-02 02:18:00,160,False Positive
258,3876559,C1169144755,2020-01-12 19:00:00,0.401468142490117,Medium,Pending,INV_5,2020-01-01 22:26:00,2020-01-01 23:26:00,60,Fraud
259,3878111,C1861117738,2020-01-12 19:00:00,0.6341166643514147,Medium,Pending,INV_6,2020-01-01 23:40:00,2020-01-02 01:47:00,127,Fraud
260,3880287,C1595257447,2020-01-12 19:00:00,0.5609297794065528,Medium,Pending,INV_21,2020-01-01 23:40:00,2020-01-02 01:15:00,95,False Positive
261,3880662,C831435828,2020-01-12 19:00:00,0.6725739199135703,Medium,Pending,INV_12,2020-01-01 22:22:00,2020-01-02 00:27:00,125,Fraud
262,3881375,C1481401270,2020-01-12 19:00:00,0.4435530935337742,Medium,Pending,INV_15,2020-01-01 22:25:00,2020-01-01 22:52:00,27,False Positive
263,3882437,C1248306329,2020-01-12 19:00:00,0.4694531562628735,Medium,Pending,INV_23,2020-01-01 22:08:00,2020-01-01 22:42:00,34,Fraud
264,3882438,C1723260859,2020-01-12 19:00:00,0.5709856051814262,Medium,Pending,INV_24,2020-01-02 00:05:00,2020-01-02 01:57:00,112,Fraud
265,3882496,C1980218750,2020-01-12 19:00:00,0.4573133824286235,Medium,Pending,INV_4,2020-01-01 23:17:00,2020-01-01 23:57:00,40,False Positive
266,3882681,C2063817135,2020-01-12 19:00:00,0.4736745224056979,Medium,Pending,INV_3,2020-01-02 00:43:00,2020-01-02 02:06:00,83,False Positive
267,3884501,C1354928643,2020-01-12 19:00:00,0.464515487594986,Medium,Pending,INV_10,2020-01-02 01:16:00,2020-01-02 03:50:00,154,Fraud
268,3884519,C425634143,2020-01-12 19:00:00,0.5232900637722046,Medium,Pending,INV_9,2020-01-02 01:58:00,2020-01-02 04:12:00,134,False Positive
269,3884563,C2103541807,2020-01-12 19:00:00,0.4905469485512953,Medium,Pending,INV_14,2020-01-02 00:53:00,2020-01-02 01:11:00,18,Fraud
270,3884564,C1337595391,2020-01-12 19:00:00,0.5220328208227968,Medium,Pending,INV_21,2020-01-02 01:05:00,2020-01-02 02:16:00,71,Fraud
271,3884824,C1771534040,2020-01-12 19:00:00,0.4001719361584823,Medium,Pending,INV_13,2020-01-02 01:07:00,2020-01-02 03:36:00,149,False Positive
272,3885273,C1025939899,2020-01-12 19:00:00,0.5694012230034307,Medium,Pending,INV_2,2020-01-02 02:52:00,2020-01-02 03:56:00,64,False Positive
273,3888066,C2098212882,2020-01-12 19:00:00,0.413796163441507,Medium,Pending,INV_16,2020-01-02 02:52:00,2020-01-02 04:32:00,100,False Positive
274,3888067,C859716258,2020-01-12 19:00:00,0.4186423034089498,Medium,Pending,INV_9,2020-01-02 01:53:00,2020-01-02 02:23:00,30,False Positive
275,3888278,C1971023464,2020-01-12 19:00:00,0.5952459196727574,Medium,Pending,INV_4,2020-01-02 01:50:00,2020-01-02 04:23:00,153,Fraud
276,3888279,C1128065168,2020-01-12 19:00:00,0.4059539911507384,Medium,Pending,INV_17,2020-01-02 01:37:00,2020-01-02 03:35:00,118,Fraud
277,3889635,C930202336,2020-01-12 20:00:00,0.4488610889437721,Medium,Pending,INV_14,2020-01-02 02:10:00,2020-01-02 02:27:00,17,Fraud
278,3889636,C1685803300,2020-01-12 20:00:00,0.5624191806452973,Medium,Pending,INV_20,2020-01-02 01:50:00,2020-01-02 02:08:00,18,Fraud
279,3889815,C1511368134,2020-01-12 20:00:00,0.4687004076004263,Medium,Pending,INV_5,2020-01-02 02:10:00,2020-01-02 02:24:00,14,False Positive
280,3890101,C1545425967,2020-01-12 20:00:00,0.5088293379459229,Medium,Pending,INV_19,2020-01-02 02:14:00,2020-01-02 03:48:00,94,False Positive
281,3890102,C398669472,2020-01-12 20:00:00,0.4100549431252548,Medium,Pending,INV_20,2020-01-02 02:45:00,2020-01-02 04:11:00,86,False Positive
282,3890726,C173148914,2020-01-12 20:00:00,0.7131417851741912,High,Pending,INV_5,2020-01-02 01:49:00,2020-01-02 04:12:00,143,Fraud
283,3891385,C2145266505,2020-01-12 20:00:00,0.4887495522140878,Medium,Pending,INV_5,2020-01-02 02:38:00,2020-01-02 04:03:00,85,Fraud
284,3892530,C1139847449,2020-01-12 20:00:00,0.7863850121374583,High,Pending,INV_6,2020-01-02 02:14:00,2020-01-02 03:28:00,74,Fraud
285,3892664,C27346694,2020-01-12 20:00:00,0.4017069361472065,Medium,Pending,INV_10,2020-01-02 02:21:00,2020-01-02 03:41:00,80,False Positive
286,3892981,C1247182605,2020-01-12 20:00:00,0.4172801416884374,Medium,Pending,INV_5,2020-01-02 02:12:00,2020-01-02 04:12:00,120,False Positive
287,3893013,C92835612,2020-01-12 20:00:00,0.5434765754152423,Medium,Pending,INV_21,2020-01-02 02:04:00,2020-01-02 04:09:00,125,Fraud
288,3894562,C1414844949,2020-01-12 20:00:00,0.5358003806056721,Medium,Pending,INV_24,2020-01-02 01:38:00,2020-01-02 03:39:00,121,Fraud
289,3894771,C183256540,2020-01-12 20:00:00,0.5395229906197427,Medium,Pending,INV_10,2020-01-02 02:31:00,2020-01-02 05:25:00,174,False Positive
290,3894772,C481996635,2020-01-12 20:00:00,0.460071286524642,Medium,Pending,INV_8,2020-01-02 03:15:00,2020-01-02 05:01:00,106,Fraud
291,3896402,C1259414396,2020-01-12 20:00:00,0.4163196147723967,Medium,Pending,INV_22,2020-01-02 03:28:00,2020-01-02 04:56:00,88,Fraud
292,3896887,C123249678,2020-01-12 20:00:00,0.6633078990925092,Medium,Pending,INV_19,2020-01-02 02:53:00,2020-01-02 03:52:00,59,False Positive
293,3896888,C320765058,2020-01-12 20:00:00,0.4599810345437645,Medium,Pending,INV_20,2020-01-02 03:08:00,2020-01-02 05:25:00,137,False Positive
294,3897278,C1971552782,2020-01-12 20:00:00,0.5529908548521256,Medium,Pending,INV_1,2020-01-02 03:18:00,2020-01-02 06:04:00,166,Fraud
295,3897349,C723071266,2020-01-12 20:00:00,0.4873756556681405,Medium,Pending,INV_23,2020-01-02 02:33:00,2020-01-02 03:41:00,68,Fraud
296,3898575,C69207480,2020-01-12 20:00:00,0.6537231920758293,Medium,Pending,INV_7,2020-01-02 03:06:00,2020-01-02 05:45:00,159,Fraud
297,3898576,C1590294576,2020-01-12 20:00:00,0.4775548825144193,Medium,Pending,INV_5,2020-01-02 03:53:00,2020-01-02 04:18:00,25,Fraud
298,3899863,C629399423,2020-01-12 20:00:00,0.5417374913380115,Medium,Pending,INV_22,2020-01-02 02:50:00,2020-01-02 03:54:00,64,False Positive
299,3900052,C582922071,2020-01-12 20:00:00,0.5479623432066094,Medium,Pending,INV_12,2020-01-02 03:43:00,2020-01-02 06:05:00,142,False Positive
300,3900872,C2012631779,2020-01-12 20:00:00,0.4183783279141183,Medium,Pending,INV_11,2020-01-02 03:35:00,2020-01-02 06:13:00,158,False Positive
301,3905005,C280291865,2020-01-12 20:00:00,0.4111064415162319,Medium,Pending,INV_15,2020-01-02 03:12:00,2020-01-02 03:58:00,46,False Positive
302,3906307,C1543531480,2020-01-12 20:00:00,0.5123568009084578,Medium,Pending,INV_25,2020-01-02 03:21:00,2020-01-02 06:00:00,159,False Positive
303,3907329,C371381343,2020-01-12 20:00:00,0.5008293472608148,Medium,Pending,INV_1,2020-01-02 04:04:00,2020-01-02 06:42:00,158,False Positive
304,3907330,C1014679131,2020-01-12 20:00:00,0.4264196130301381,Medium,Pending,INV_25,2020-01-02 03:26:00,2020-01-02 05:14:00,108,Fraud
305,3909964,C622002759,2020-01-12 20:00:00,0.4793232140024308,Medium,Pending,INV_18,2020-01-02 04:25:00,2020-01-02 04:58:00,33,Fraud
306,3909965,C1244192934,2020-01-12 20:00:00,0.426225872482722,Medium,Pending,INV_23,2020-01-02 03:21:00,2020-01-02 03:46:00,25,Fraud
307,3910321,C776013573,2020-01-12 20:00:00,0.4444405143409884,Medium,Pending,INV_25,2020-01-02 04:44:00,2020-01-02 07:37:00,173,Fraud
308,3910584,C1551488980,2020-01-12 20:00:00,0.5690771674830677,Medium,Pending,INV_5,2020-01-02 04:49:00,2020-01-02 06:50:00,121,False Positive
309,3910585,C1573760427,2020-01-12 20:00:00,0.4298242274175038,Medium,Pending,INV_22,2020-01-02 04:24:00,2020-01-02 06:56:00,152,False Positive
310,3911095,C1633788245,2020-01-12 20:00:00,0.5504043880477794,Medium,Pending,INV_2,2020-01-02 04:49:00,2020-01-02 06:02:00,73,Fraud
311,3911096,C204258337,2020-01-12 20:00:00,0.423754272427851,Medium,Pending,INV_5,2020-01-02 05:02:00,2020-01-02 07:15:00,133,False Positive
312,3911648,C505076106,2020-01-12 20:00:00,0.4292402856000741,Medium,Pending,INV_16,2020-01-02 05:45:00,2020-01-02 08:03:00,138,False Positive
313,3911957,C1584456031,2020-01-12 20:00:00,0.8250240698854945,High,Pending,INV_11,2020-01-02 04:05:00,2020-01-02 06:20:00,135,Fraud
314,3911958,C2001136456,2020-01-12 20:00:00,0.4284541791274043,Medium,Pending,INV_1,2020-01-02 06:21:00,2020-01-02 07:53:00,92,False Positive
315,3912774,C1302296244,2020-01-12 20:00:00,0.4824741159454025,Medium,Pending,INV_25,2020-01-02 05:30:00,2020-01-02 07:17:00,107,False Positive
316,3913089,C1082560246,2020-01-12 20:00:00,0.4793753937530052,Medium,Pending,INV_16,2020-01-02 06:20:00,2020-01-02 07:18:00,58,False Positive
317,3913395,C1027368795,2020-01-12 20:00:00,0.4180936097584234,Medium,Pending,INV_12,2020-01-02 05:32:00,2020-01-02 07:57:00,145,Fraud
318,3913559,C1317011842,2020-01-12 20:00:00,0.459592468225942,Medium,Pending,INV_9,2020-01-02 07:04:00,2020-01-02 07:58:00,54,Fraud
319,3913734,C782472943,2020-01-12 20:00:00,0.4304199525970651,Medium,Pending,INV_14,2020-01-02 07:47:00,2020-01-02 08:55:00,68,Fraud
320,3913812,C865139105,2020-01-12 20:00:00,0.6637293439869298,Medium,Pending,INV_24,2020-01-02 07:35:00,2020-01-02 09:05:00,90,Fraud
321,3913951,C1455308835,2020-01-12 20:00:00,0.4952562828037649,Medium,Pending,INV_22,2020-01-02 06:33:00,2020-01-02 07:38:00,65,False Positive
322,3914027,C225814491,2020-01-12 20:00:00,0.4224424356140415,Medium,Pending,INV_5,2020-01-02 07:46:00,2020-01-02 08:11:00,25,Fraud
323,3914855,C1757506738,2020-01-12 20:00:00,0.4355543085426149,Medium,Pending,INV_6,2020-01-02 07:55:00,2020-01-02 10:54:00,179,Fraud
324,3916719,C868673021,2020-01-12 20:00:00,0.4399435038302577,Medium,Pending,INV_24,2020-01-02 06:12:00,2020-01-02 08:30:00,138,False Positive
325,3917703,C69208486,2020-01-12 20:00:00,0.6055399843022609,Medium,Pending,INV_17,2020-01-02 07:55:00,2020-01-02 09:38:00,103,False Positive
326,3917704,C570722616,2020-01-12 20:00:00,0.4325404606771204,Medium,Pending,INV_8,2020-01-02 07:50:00,2020-01-02 09:19:00,89,Fraud
327,3918680,C1775541743,2020-01-12 20:00:00,0.4211218031330156,Medium,Pending,INV_8,2020-01-02 08:13:00,2020-01-02 10:48:00,155,Fraud
328,3919269,C1061356691,2020-01-12 20:00:00,0.4289104358127799,Medium,Pending,INV_14,2020-01-02 07:21:00,2020-01-02 09:25:00,124,Fraud
329,3919270,C1358912433,2020-01-12 20:00:00,0.4165284834736794,Medium,Pending,INV_22,2020-01-02 07:33:00,2020-01-02 10:09:00,156,Fraud
330,3919658,C839057136,2020-01-12 20:00:00,0.4185594469516721,Medium,Pending,INV_1,2020-01-02 07:25:00,2020-01-02 09:05:00,100,Fraud
331,3919659,C465993614,2020-01-12 20:00:00,0.4923799598444214,Medium,Pending,INV_2,2020-01-02 07:54:00,2020-01-02 10:48:00,174,False Positive
332,3920262,C120440051,2020-01-12 20:00:00,0.5732798668363848,Medium,Pending,INV_5,2020-01-02 07:17:00,2020-01-02 08:04:00,47,False Positive
333,3920333,C1298218181,2020-01-12 20:00:00,0.4167630072644266,Medium,Pending,INV_1,2020-01-02 08:20:00,2020-01-02 09:26:00,66,Fraud
334,3920334,C315791959,2020-01-12 20:00:00,0.403509271187951,Medium,Pending,INV_11,2020-01-02 08:24:00,2020-01-02 10:49:00,145,False Positive
335,3921423,C2146002726,2020-01-12 20:00:00,0.4258859192633314,Medium,Pending,INV_2,2020-01-02 08:56:00,2020-01-02 10:05:00,69,Fraud
336,3921424,C477553292,2020-01-12 20:00:00,0.531437620402053,Medium,Pending,INV_7,2020-01-02 08:07:00,2020-01-02 10:02:00,115,False Positive
337,3921459,C1417805000,2020-01-12 20:00:00,0.4548856584117414,Medium,Pending,INV_19,2020-01-02 08:14:00,2020-01-02 09:00:00,46,Fraud
338,3921621,C298757438,2020-01-12 20:00:00,0.6599937562748202,Medium,Pending,INV_20,2020-01-02 08:13:00,2020-01-02 10:37:00,144,False Positive
339,3924715,C165670978,2020-01-12 21:00:00,0.4810053889163921,Medium,Pending,INV_1,2020-01-02 09:40:00,2020-01-02 10:14:00,34,Fraud
340,3925416,C755133500,2020-01-12 21:00:00,0.4684580692500741,Medium,Pending,INV_11,2020-01-02 09:25:00,2020-01-02 10:36:00,71,Fraud
341,3927705,C925134290,2020-01-12 21:00:00,0.5718282147295272,Medium,Pending,INV_22,2020-01-02 09:41:00,2020-01-02 12:39:00,178,Fraud
342,3927706,C320426830,2020-01-12 21:00:00,0.4323885519474122,Medium,Pending,INV_19,2020-01-02 09:55:00,2020-01-02 12:21:00,146,False Positive
343,3928924,C489883234,2020-01-12 21:00:00,0.5633933322891319,Medium,Pending,INV_6,2020-01-02 09:38:00,2020-01-02 11:21:00,103,False Positive
344,3928991,C253519451,2020-01-12 21:00:00,0.4524150440834185,Medium,Pending,INV_22,2020-01-02 08:44:00,2020-01-02 11:35:00,171,Fraud
345,3929514,C1075674067,2020-01-12 21:00:00,0.5954465994533924,Medium,Pending,INV_25,2020-01-02 08:33:00,2020-01-02 11:16:00,163,Fraud
346,3930062,C248755549,2020-01-12 21:00:00,0.409540325718926,Medium,Pending,INV_5,2020-01-02 09:47:00,2020-01-02 10:08:00,21,False Positive
347,3930075,C1096580993,2020-01-12 21:00:00,0.4411819280952855,Medium,Pending,INV_7,2020-01-02 09:36:00,2020-01-02 12:28:00,172,False Positive
348,3930302,C2145280837,2020-01-12 21:00:00,0.5254544877191136,Medium,Pending,INV_25,2020-01-02 09:46:00,2020-01-02 12:00:00,134,False Positive
349,3930396,C661511930,2020-01-12 21:00:00,0.6537243936808832,Medium,Pending,INV_15,2020-01-02 09:49:00,2020-01-02 12:31:00,162,False Positive
350,3930397,C1107446041,2020-01-12 21:00:00,0.4231909237237402,Medium,Pending,INV_15,2020-01-02 09:25:00,2020-01-02 11:11:00,106,False Positive
351,3930577,C1260344462,2020-01-12 21:00:00,0.6775885036473088,Medium,Pending,INV_6,2020-01-02 10:10:00,2020-01-02 11:48:00,98,Fraud
352,3930578,C196454625,2020-01-12 21:00:00,0.4505550617581577,Medium,Pending,INV_3,2020-01-02 09:56:00,2020-01-02 10:32:00,36,Fraud
353,3930751,C935986831,2020-01-12 21:00:00,0.4487433670855841,Medium,Pending,INV_15,2020-01-02 09:26:00,2020-01-02 09:54:00,28,Fraud
354,3931059,C715445293,2020-01-12 21:00:00,0.4646453900438713,Medium,Pending,INV_7,2020-01-02 10:12:00,2020-01-02 13:04:00,172,Fraud
355,3931060,C1646345024,2020-01-12 21:00:00,0.4724066699855916,Medium,Pending,INV_13,2020-01-02 10:00:00,2020-01-02 12:17:00,137,Fraud
356,3932474,C1943142760,2020-01-12 21:00:00,0.626685417894377,Medium,Pending,INV_18,2020-01-02 09:40:00,2020-01-02 09:55:00,15,False Positive
357,3932475,C318991639,2020-01-12 21:00:00,0.4132198701291177,Medium,Pending,INV_1,2020-01-02 10:55:00,2020-01-02 13:19:00,144,Fraud
358,3933462,C1494577774,2020-01-12 21:00:00,0.4636125070283343,Medium,Pending,INV_16,2020-01-02 10:09:00,2020-01-02 12:21:00,132,False Positive
359,3933463,C1475366356,2020-01-12 21:00:00,0.4244608706423905,Medium,Pending,INV_6,2020-01-02 09:22:00,2020-01-02 10:51:00,89,Fraud
360,3933738,C1642965683,2020-01-12 21:00:00,0.4105480147057567,Medium,Pending,INV_7,2020-01-02 09:21:00,2020-01-02 11:06:00,105,Fraud
361,3933739,C1175785549,2020-01-12 21:00:00,0.5211477443910362,Medium,Pending,INV_10,2020-01-02 10:54:00,2020-01-02 12:32:00,98,False Positive
362,3933770,C1508556112,2020-01-12 21:00:00,0.4991206426124852,Medium,Pending,INV_18,2020-01-02 11:36:00,2020-01-02 13:17:00,101,Fraud
363,3934250,C68968235,2020-01-12 21:00:00,0.7591829181430815,High,Pending,INV_2,2020-01-02 11:18:00,2020-01-02 12:09:00,51,Fraud
364,3935388,C1774402263,2020-01-12 21:00:00,0.6705202835134482,Medium,Pending,INV_22,2020-01-02 10:22:00,2020-01-02 12:05:00,103,False Positive
365,3935389,C672411458,2020-01-12 21:00:00,0.4394408374307507,Medium,Pending,INV_2,2020-01-02 11:13:00,2020-01-02 12:26:00,73,Fraud
366,3935648,C1125352866,2020-01-12 21:00:00,0.5358701313976453,Medium,Pending,INV_17,2020-01-02 10:38:00,2020-01-02 11:24:00,46,Fraud
367,3935686,C719740019,2020-01-12 21:00:00,0.5208085021093133,Medium,Pending,INV_16,2020-01-02 10:23:00,2020-01-02 11:42:00,79,Fraud
368,3936021,C1683710408,2020-01-12 21:00:00,0.4264634505265067,Medium,Pending,INV_25,2020-01-02 10:07:00,2020-01-02 11:33:00,86,False Positive
369,3936563,C1274394094,2020-01-12 22:00:00,0.4058564810028411,Medium,Pending,INV_7,2020-01-02 11:24:00,2020-01-02 13:07:00,103,Fraud
370,3936767,C412043613,2020-01-12 22:00:00,0.4777891399212369,Medium,Pending,INV_13,2020-01-02 10:23:00,2020-01-02 11:51:00,88,False Positive
371,3937153,C811810230,2020-01-12 22:00:00,0.8111176249574368,High,Pending,INV_2,2020-01-02 10:30:00,2020-01-02 10:58:00,28,Fraud
372,3937154,C1103439794,2020-01-12 22:00:00,0.4529539822365148,Medium,Pending,INV_8,2020-01-02 10:24:00,2020-01-02 12:06:00,102,False Positive
373,3937298,C1635648823,2020-01-12 22:00:00,0.5537451922016756,Medium,Pending,INV_20,2020-01-02 10:46:00,2020-01-02 12:11:00,85,False Positive
374,3937563,C1496691337,2020-01-12 22:00:00,0.4195353807479137,Medium,Pending,INV_3,2020-01-02 10:51:00,2020-01-02 13:01:00,130,Fraud
375,3937564,C1177923418,2020-01-12 22:00:00,0.578796744047273,Medium,Pending,INV_25,2020-01-02 10:11:00,2020-01-02 11:29:00,78,Fraud
376,3937840,C1980920085,2020-01-12 22:00:00,0.5917643178309572,Medium,Pending,INV_21,2020-01-02 10:55:00,2020-01-02 13:54:00,179,False Positive
377,3938197,C192371038,2020-01-12 22:00:00,0.5305078786241504,Medium,Pending,INV_19,2020-01-02 10:17:00,2020-01-02 10:40:00,23,Fraud
378,3940528,C1683113401,2020-01-12 22:00:00,0.4223709022153397,Medium,Pending,INV_17,2020-01-02 11:10:00,2020-01-02 14:02:00,172,Fraud
379,3940645,C1662464358,2020-01-12 22:00:00,0.5037235457327852,Medium,Pending,INV_14,2020-01-02 11:17:00,2020-01-02 11:59:00,42,Fraud
380,3941240,C1531243345,2020-01-12 22:00:00,0.6146185248254132,Medium,Pending,INV_19,2020-01-02 10:19:00,2020-01-02 11:05:00,46,False Positive
381,3941901,C2094706712,2020-01-12 22:00:00,0.6899363418063537,Medium,Pending,INV_3,2020-01-02 11:51:00,2020-01-02 12:45:00,54,Fraud
382,3941902,C1191310740,2020-01-12 22:00:00,0.5250798962596397,Medium,Pending,INV_7,2020-01-02 10:37:00,2020-01-02 11:45:00,68,False Positive
383,3941936,C263057187,2020-01-12 22:00:00,0.416225554743138,Medium,Pending,INV_8,2020-01-02 10:49:00,2020-01-02 12:21:00,92,False Positive
384,3944909,C888485554,2020-01-12 22:00:00,0.4263504579295734,Medium,Pending,INV_16,2020-01-02 12:25:00,2020-01-02 14:23:00,118,Fraud
385,3946486,C391379708,2020-01-12 22:00:00,0.5785633973282103,Medium,Pending,INV_25,2020-01-02 12:40:00,2020-01-02 14:27:00,107,False Positive
386,3946736,C21973006,2020-01-12 22:00:00,0.4867546563478213,Medium,Pending,INV_21,2020-01-02 12:08:00,2020-01-02 13:49:00,101,Fraud
387,3946830,C1667108697,2020-01-12 22:00:00,0.5180190251571295,Medium,Pending,INV_6,2020-01-02 11:25:00,2020-01-02 13:14:00,109,Fraud
388,3946899,C639925408,2020-01-12 22:00:00,0.4221694764385493,Medium,Pending,INV_24,2020-01-02 12:47:00,2020-01-02 13:19:00,32,Fraud
389,3946921,C1425667947,2020-01-12 22:00:00,0.8291842556357418,High,Pending,INV_13,2020-01-02 11:07:00,2020-01-02 13:17:00,130,Fraud
390,3947119,C1848238880,2020-01-12 22:00:00,0.4773417284241378,Medium,Pending,INV_5,2020-01-02 11:50:00,2020-01-02 12:35:00,45,False Positive
391,3947120,C602332398,2020-01-12 22:00:00,0.4104838460882227,Medium,Pending,INV_15,2020-01-02 12:05:00,2020-01-02 14:18:00,133,False Positive
392,3948192,C1594446101,2020-01-12 23:00:00,0.4285161269449745,Medium,Pending,INV_5,2020-01-02 11:28:00,2020-01-02 12:53:00,85,Fraud
393,3948509,C1680772125,2020-01-12 23:00:00,0.7174426222450498,High,Pending,INV_2,2020-01-02 12:49:00,2020-01-02 15:01:00,132,Fraud
394,3948510,C560508233,2020-01-12 23:00:00,0.4664437409865937,Medium,Pending,INV_17,2020-01-02 11:37:00,2020-01-02 14:25:00,168,Fraud
395,3949507,C485827693,2020-01-12 23:00:00,0.4492978063906248,Medium,Pending,INV_3,2020-01-02 12:47:00,2020-01-02 14:07:00,80,Fraud
396,3950054,C694045771,2020-01-12 23:00:00,0.4112417221491337,Medium,Pending,INV_23,2020-01-02 11:37:00,2020-01-02 13:21:00,104,False Positive
397,3951027,C70980571,2020-01-12 23:00:00,0.4395962327762702,Medium,Pending,INV_23,2020-01-02 12:41:00,2020-01-02 14:50:00,129,Fraud
398,3951373,C214674995,2020-01-12 23:00:00,0.4006827267378015,Medium,Pending,INV_19,2020-01-02 11:25:00,2020-01-02 11:37:00,12,Fraud
399,3951374,C711039936,2020-01-12 23:00:00,0.5295415934840298,Medium,Pending,INV_18,2020-01-02 13:06:00,2020-01-02 15:00:00,114,False Positive
400,3951788,C964007698,2020-01-12 23:00:00,0.5624665305023709,Medium,Pending,INV_11,2020-01-02 13:10:00,2020-01-02 13:36:00,26,False Positive
401,3952421,C1316421293,2020-01-12 23:00:00,0.5947726467484427,Medium,Pending,INV_6,2020-01-02 12:51:00,2020-01-02 13:47:00,56,Fraud
402,3953203,C1357223417,2020-01-12 23:00:00,0.4577298900581924,Medium,Pending,INV_9,2020-01-02 13:50:00,2020-01-02 14:09:00,19,Fraud
403,3953204,C597104192,2020-01-12 23:00:00,0.4243876500445073,Medium,Pending,INV_15,2020-01-02 13:14:00,2020-01-02 15:19:00,125,Fraud
404,3953741,C1767645960,2020-01-12 23:00:00,0.4031942830948735,Medium,Pending,INV_22,2020-01-02 12:07:00,2020-01-02 13:14:00,67,Fraud
405,3953889,C893113779,2020-01-12 23:00:00,0.6891402356383651,Medium,Pending,INV_10,2020-01-02 13:20:00,2020-01-02 15:41:00,141,Fraud
406,3954749,C407051356,2020-01-13 00:00:00,0.4900777201497827,Medium,Pending,INV_5,2020-01-02 12:30:00,2020-01-02 14:50:00,140,False Positive
407,3955288,C1452457861,2020-01-13 00:00:00,0.5811338308185152,Medium,Pending,INV_2,2020-01-02 13:05:00,2020-01-02 13:17:00,12,False Positive
408,3955555,C1723890270,2020-01-13 00:00:00,0.4805392367267969,Medium,Pending,INV_24,2020-01-02 12:35:00,2020-01-02 12:51:00,16,Fraud
409,3956687,C935820474,2020-01-13 00:00:00,0.4304261071410677,Medium,Pending,INV_9,2020-01-02 13:14:00,2020-01-02 13:26:00,12,Fraud
410,3956779,C2032511839,2020-01-13 00:00:00,0.4733145941775981,Medium,Pending,INV_7,2020-01-02 13:49:00,2020-01-02 15:35:00,106,False Positive
411,3956916,C1975254090,2020-01-13 00:00:00,0.5328623227541736,Medium,Pending,INV_25,2020-01-02 12:05:00,2020-01-02 13:39:00,94,Fraud
412,3956917,C91558746,2020-01-13 00:00:00,0.4381424150695297,Medium,Pending,INV_8,2020-01-02 12:05:00,2020-01-02 13:36:00,91,Fraud
413,3957016,C1698695771,2020-01-13 00:00:00,0.4042031296932779,Medium,Pending,INV_1,2020-01-02 13:58:00,2020-01-02 14:24:00,26,False Positive
414,3957079,C1453605570,2020-01-13 00:00:00,0.56326996094118,Medium,Pending,INV_12,2020-01-02 12:18:00,2020-01-02 14:31:00,133,False Positive
415,3957928,C2144190304,2020-01-13 00:00:00,0.4600509455598408,Medium,Pending,INV_8,2020-01-02 12:31:00,2020-01-02 13:14:00,43,Fraud
416,3958046,C662971535,2020-01-13 00:00:00,0.4094819871082933,Medium,Pending,INV_12,2020-01-02 13:45:00,2020-01-02 16:29:00,164,False Positive
417,3958074,C1381303384,2020-01-13 00:00:00,0.4439398917831608,Medium,Pending,INV_10,2020-01-02 13:07:00,2020-01-02 14:00:00,53,False Positive
418,3958770,C1074861133,2020-01-13 01:00:00,0.4766601505359925,Medium,Pending,INV_17,2020-01-02 14:57:00,2020-01-02 17:45:00,168,False Positive
419,3959157,C1783075050,2020-01-13 01:00:00,0.4586249140897224,Medium,Pending,INV_15,2020-01-02 14:51:00,2020-01-02 15:21:00,30,Fraud
420,3960278,C765197285,2020-01-13 03:00:00,0.5166920336873569,Medium,Pending,INV_10,2020-01-02 14:54:00,2020-01-02 16:03:00,69,Fraud
421,3960963,C435736627,2020-01-13 09:00:00,0.4069535155988501,Medium,Pending,INV_23,2020-01-02 13:22:00,2020-01-02 14:47:00,85,False Positive
422,3962259,C129944225,2020-01-13 09:00:00,0.5383607163429013,Medium,Pending,INV_8,2020-01-02 14:30:00,2020-01-02 16:33:00,123,Fraud
423,3962260,C132461955,2020-01-13 09:00:00,0.409201764162481,Medium,Pending,INV_13,2020-01-02 13:41:00,2020-01-02 14:41:00,60,False Positive
424,3963206,C1560421779,2020-01-13 09:00:00,0.4635069146496577,Medium,Pending,INV_9,2020-01-02 13:34:00,2020-01-02 15:35:00,121,Fraud
425,3963207,C267892591,2020-01-13 09:00:00,0.5114773998627955,Medium,Pending,INV_21,2020-01-02 14:39:00,2020-01-02 15:40:00,61,False Positive
426,3963399,C1312906425,2020-01-13 09:00:00,0.5858690195319352,Medium,Pending,INV_21,2020-01-02 14:22:00,2020-01-02 15:37:00,75,Fraud
427,3963648,C515885166,2020-01-13 09:00:00,0.4779147017810424,Medium,Pending,INV_9,2020-01-02 14:22:00,2020-01-02 16:48:00,146,Fraud
428,3963724,C208859877,2020-01-13 09:00:00,0.5448762718278211,Medium,Pending,INV_13,2020-01-02 14:51:00,2020-01-02 17:39:00,168,Fraud
429,3963725,C1127008481,2020-01-13 09:00:00,0.4150455521538854,Medium,Pending,INV_8,2020-01-02 14:08:00,2020-01-02 15:14:00,66,False Positive
430,3964692,C1323232560,2020-01-13 09:00:00,0.4262321755141851,Medium,Pending,INV_24,2020-01-02 14:14:00,2020-01-02 16:02:00,108,False Positive
431,3965212,C1568995278,2020-01-13 09:00:00,0.5502583761102554,Medium,Pending,INV_14,2020-01-02 14:56:00,2020-01-02 15:14:00,18,Fraud
432,3965213,C1710368360,2020-01-13 09:00:00,0.4501014200725007,Medium,Pending,INV_7,2020-01-02 15:25:00,2020-01-02 15:46:00,21,Fraud
433,3965380,C1346063355,2020-01-13 09:00:00,0.4385253830087741,Medium,Pending,INV_2,2020-01-02 14:33:00,2020-01-02 15:23:00,50,False Positive
434,3966069,C891250969,2020-01-13 09:00:00,0.5190808140092839,Medium,Pending,INV_23,2020-01-02 14:40:00,2020-01-02 16:58:00,138,False Positive
435,3966070,C1023668072,2020-01-13 09:00:00,0.5338559968266299,Medium,Pending,INV_21,2020-01-02 14:49:00,2020-01-02 16:02:00,73,Fraud
436,3966173,C1979779411,2020-01-13 09:00:00,0.5777488333586752,Medium,Pending,INV_14,2020-01-02 15:42:00,2020-01-02 17:36:00,114,Fraud
437,3966174,C436406406,2020-01-13 09:00:00,0.496797657758214,Medium,Pending,INV_16,2020-01-02 14:32:00,2020-01-02 17:19:00,167,False Positive
438,3966362,C624944133,2020-01-13 09:00:00,0.5021998682725951,Medium,Pending,INV_5,2020-01-02 14:30:00,2020-01-02 17:21:00,171,Fraud
439,3966417,C951935604,2020-01-13 09:00:00,0.4459480110597605,Medium,Pending,INV_15,2020-01-02 14:18:00,2020-01-02 14:50:00,32,Fraud
440,3966472,C80571844,2020-01-13 09:00:00,0.4198056057399735,Medium,Pending,INV_20,2020-01-02 14:19:00,2020-01-02 15:58:00,99,False Positive
441,3967545,C1622870367,2020-01-13 09:00:00,0.6567020329434983,Medium,Pending,INV_1,2020-01-02 14:44:00,2020-01-02 16:55:00,131,Fraud
442,3967969,C2120801782,2020-01-13 09:00:00,0.7059548167180862,High,Pending,INV_4,2020-01-02 15:04:00,2020-01-02 15:30:00,26,Fraud
443,3968080,C1542494659,2020-01-13 09:00:00,0.4758060750451554,Medium,Pending,INV_6,2020-01-02 15:17:00,2020-01-02 15:56:00,39,Fraud
444,3969237,C1085720598,2020-01-13 09:00:00,0.4147122907895731,Medium,Pending,INV_1,2020-01-02 14:41:00,2020-01-02 15:45:00,64,Fraud
445,3969238,C891246737,2020-01-13 09:00:00,0.495675829769477,Medium,Pending,INV_15,2020-01-02 14:16:00,2020-01-02 15:57:00,101,False Positive
446,3969461,C1230329260,2020-01-13 09:00:00,0.5222707552061986,Medium,Pending,INV_9,2020-01-02 15:25:00,2020-01-02 18:06:00,161,False Positive
447,3969811,C617833265,2020-01-13 09:00:00,0.4941520824194725,Medium,Pending,INV_21,2020-01-02 16:28:00,2020-01-02 19:19:00,171,False Positive
448,3969812,C646671668,2020-01-13 09:00:00,0.4294494621042771,Medium,Pending,INV_10,2020-01-02 16:35:00,2020-01-02 16:56:00,21,Fraud
449,3970104,C960168077,2020-01-13 09:00:00,0.4258115608168664,Medium,Pending,INV_15,2020-01-02 15:33:00,2020-01-02 17:45:00,132,Fraud
450,3970592,C1076609603,2020-01-13 09:00:00,0.5639614479631945,Medium,Pending,INV_9,2020-01-02 16:01:00,2020-01-02 16:11:00,10,False Positive
451,3971442,C1296840527,2020-01-13 09:00:00,0.4340489440310839,Medium,Pending,INV_15,2020-01-02 16:03:00,2020-01-02 18:43:00,160,Fraud
452,3972209,C329129505,2020-01-13 09:00:00,0.414618103474531,Medium,Pending,INV_14,2020-01-02 15:53:00,2020-01-02 16:39:00,46,Fraud
453,3972822,C1851498352,2020-01-13 09:00:00,0.409431140640332,Medium,Pending,INV_17,2020-01-02 16:58:00,2020-01-02 19:52:00,174,Fraud
454,3973644,C515813026,2020-01-13 09:00:00,0.408630553876474,Medium,Pending,INV_12,2020-01-02 15:59:00,2020-01-02 18:43:00,164,Fraud
455,3973645,C1072861941,2020-01-13 09:00:00,0.4753486434839832,Medium,Pending,INV_7,2020-01-02 16:22:00,2020-01-02 17:58:00,96,False Positive
456,3974045,C150783217,2020-01-13 09:00:00,0.4266498069083645,Medium,Pending,INV_2,2020-01-02 16:20:00,2020-01-02 17:34:00,74,Fraud
457,3974046,C1336686775,2020-01-13 09:00:00,0.4220885580417261,Medium,Pending,INV_16,2020-01-02 16:07:00,2020-01-02 16:53:00,46,False Positive
458,3974062,C1084961202,2020-01-13 09:00:00,0.5651633793714281,Medium,Pending,INV_16,2020-01-02 16:16:00,2020-01-02 17:21:00,65,Fraud
459,3974598,C1937125986,2020-01-13 09:00:00,0.5135707120972178,Medium,Pending,INV_11,2020-01-02 17:28:00,2020-01-02 18:20:00,52,False Positive
460,3974674,C1077326407,2020-01-13 09:00:00,0.4370737198467562,Medium,Pending,INV_14,2020-01-02 17:06:00,2020-01-02 19:46:00,160,Fraud
461,3974975,C1929249489,2020-01-13 09:00:00,0.5809165257427242,Medium,Pending,INV_8,2020-01-02 16:45:00,2020-01-02 18:12:00,87,False Positive
462,3975260,C1575116073,2020-01-13 09:00:00,0.4554497451613787,Medium,Pending,INV_8,2020-01-02 17:49:00,2020-01-02 19:11:00,82,False Positive
463,3975451,C1298650483,2020-01-13 09:00:00,0.4442233173937508,Medium,Pending,INV_11,2020-01-02 17:50:00,2020-01-02 19:22:00,92,Fraud
464,3975851,C1287288161,2020-01-13 09:00:00,0.5050835387488836,Medium,Pending,INV_9,2020-01-02 17:32:00,2020-01-02 20:09:00,157,Fraud
465,3975852,C649996623,2020-01-13 09:00:00,0.4941545011522367,Medium,Pending,INV_11,2020-01-02 17:12:00,2020-01-02 19:00:00,108,False Positive
466,3976619,C738838586,2020-01-13 09:00:00,0.5069232583283878,Medium,Pending,INV_4,2020-01-02 17:45:00,2020-01-02 20:41:00,176,False Positive
467,3977500,C623987066,2020-01-13 09:00:00,0.4877679728655362,Medium,Pending,INV_20,2020-01-02 17:59:00,2020-01-02 20:39:00,160,Fraud
468,3978540,C127938067,2020-01-13 09:00:00,0.4972891713183247,Medium,Pending,INV_22,2020-01-02 16:19:00,2020-01-02 16:50:00,31,False Positive
469,3980076,C503937936,2020-01-13 09:00:00,0.6580685842441087,Medium,Pending,INV_17,2020-01-02 17:38:00,2020-01-02 19:56:00,138,Fraud
470,3980077,C1753505198,2020-01-13 09:00:00,0.4150605811899111,Medium,Pending,INV_5,2020-01-02 17:44:00,2020-01-02 18:11:00,27,Fraud
471,3980218,C1275690114,2020-01-13 09:00:00,0.6669766400366562,Medium,Pending,INV_3,2020-01-02 17:04:00,2020-01-02 18:22:00,78,Fraud
472,3980721,C1714613851,2020-01-13 09:00:00,0.4940359816566654,Medium,Pending,INV_12,2020-01-02 17:30:00,2020-01-02 19:59:00,149,Fraud
473,3980845,C984130284,2020-01-13 09:00:00,0.4054885982840671,Medium,Pending,INV_11,2020-01-02 17:37:00,2020-01-02 19:44:00,127,False Positive
474,3981588,C1697395210,2020-01-13 10:00:00,0.6323110604663715,Medium,Pending,INV_23,2020-01-02 18:44:00,2020-01-02 20:34:00,110,Fraud
475,3982238,C1062535519,2020-01-13 10:00:00,0.4794365803546446,Medium,Pending,INV_12,2020-01-02 18:02:00,2020-01-02 18:27:00,25,False Positive
476,3982239,C391600524,2020-01-13 10:00:00,0.431105951489223,Medium,Pending,INV_15,2020-01-02 17:19:00,2020-01-02 19:07:00,108,False Positive
477,3983146,C1086933587,2020-01-13 10:00:00,0.4889924365833474,Medium,Pending,INV_1,2020-01-02 17:15:00,2020-01-02 19:40:00,145,Fraud
478,3983832,C2096304725,2020-01-13 10:00:00,0.5347009395435837,Medium,Pending,INV_24,2020-01-02 17:12:00,2020-01-02 19:39:00,147,Fraud
479,3984136,C748391366,2020-01-13 10:00:00,0.6404687430172384,Medium,Pending,INV_9,2020-01-02 17:14:00,2020-01-02 18:37:00,83,Fraud
480,3984304,C523459061,2020-01-13 10:00:00,0.508695494408132,Medium,Pending,INV_1,2020-01-02 17:59:00,2020-01-02 20:40:00,161,False Positive
481,3985213,C388777332,2020-01-13 10:00:00,0.452046670318657,Medium,Pending,INV_14,2020-01-02 18:38:00,2020-01-02 20:45:00,127,Fraud
482,3985598,C1478770620,2020-01-13 10:00:00,0.4776981063556745,Medium,Pending,INV_25,2020-01-02 18:01:00,2020-01-02 18:53:00,52,Fraud
483,3985599,C466891395,2020-01-13 10:00:00,0.4254113409214649,Medium,Pending,INV_8,2020-01-02 18:46:00,2020-01-02 21:11:00,145,Fraud
484,3987955,C52099901,2020-01-13 10:00:00,0.4262843724532621,Medium,Pending,INV_14,2020-01-02 17:17:00,2020-01-02 19:26:00,129,False Positive
485,3988163,C197810089,2020-01-13 10:00:00,0.521126731181628,Medium,Pending,INV_19,2020-01-02 19:49:00,2020-01-02 20:24:00,35,Fraud
486,3988164,C1971949990,2020-01-13 10:00:00,0.5800148598314978,Medium,Pending,INV_8,2020-01-02 18:05:00,2020-01-02 19:14:00,69,False Positive
487,3988292,C1788896326,2020-01-13 10:00:00,0.5619498077694988,Medium,Pending,INV_21,2020-01-02 19:03:00,2020-01-02 19:43:00,40,Fraud
488,3988293,C342398736,2020-01-13 10:00:00,0.5449465383505914,Medium,Pending,INV_18,2020-01-02 19:44:00,2020-01-02 22:18:00,154,False Positive
489,3988563,C632309450,2020-01-13 10:00:00,0.4727326790133453,Medium,Pending,INV_24,2020-01-02 18:31:00,2020-01-02 20:29:00,118,False Positive
490,3991243,C812415403,2020-01-13 10:00:00,0.6290713113050757,Medium,Pending,INV_14,2020-01-02 18:15:00,2020-01-02 19:54:00,99,False Positive
491,3991244,C985106801,2020-01-13 10:00:00,0.4325974679738671,Medium,Pending,INV_6,2020-01-02 19:37:00,2020-01-02 21:03:00,86,Fraud
492,3991639,C300140823,2020-01-13 10:00:00,0.783458759606971,High,Pending,INV_13,2020-01-02 19:21:00,2020-01-02 21:19:00,118,False Positive
493,3992086,C1251345685,2020-01-13 10:00:00,0.5768518807317252,Medium,Pending,INV_22,2020-01-02 19:41:00,2020-01-02 20:10:00,29,Fraud
494,3992397,C2120715360,2020-01-13 10:00:00,0.4271526155105491,Medium,Pending,INV_4,2020-01-02 18:27:00,2020-01-02 18:40:00,13,Fraud
495,3992984,C604492107,2020-01-13 10:00:00,0.6463794180597917,Medium,Pending,INV_20,2020-01-02 18:09:00,2020-01-02 19:36:00,87,Fraud
496,3993300,C572822641,2020-01-13 10:00:00,0.4309101713404627,Medium,Pending,INV_7,2020-01-02 19:24:00,2020-01-02 21:16:00,112,Fraud
497,3993301,C650238375,2020-01-13 10:00:00,0.5390405337346384,Medium,Pending,INV_1,2020-01-02 19:54:00,2020-01-02 21:07:00,73,False Positive
498,3994299,C204877075,2020-01-13 10:00:00,0.4788243234701879,Medium,Pending,INV_22,2020-01-02 18:08:00,2020-01-02 18:22:00,14,False Positive
499,3994315,C756061556,2020-01-13 10:00:00,0.4154410947321414,Medium,Pending,INV_12,2020-01-02 20:55:00,2020-01-02 21:21:00,26,Fraud
500,3994505,C1945091542,2020-01-13 10:00:00,0.5878117477628713,Medium,Pending,INV_2,2020-01-02 19:21:00,2020-01-02 19:52:00,31,Fraud
501,3994691,C190554010,2020-01-13 10:00:00,0.4999442591681318,Medium,Pending,INV_21,2020-01-02 19:54:00,2020-01-02 20:06:00,12,Fraud
502,3994692,C1732390561,2020-01-13 10:00:00,0.5512693075150086,Medium,Pending,INV_16,2020-01-02 20:36:00,2020-01-02 22:59:00,143,Fraud
503,3995775,C920507021,2020-01-13 10:00:00,0.4151999065727759,Medium,Pending,INV_4,2020-01-02 20:06:00,2020-01-02 22:46:00,160,False Positive
504,3996007,C431831480,2020-01-13 10:00:00,0.4530382723814912,Medium,Pending,INV_19,2020-01-02 19:41:00,2020-01-02 22:36:00,175,False Positive
505,3996008,C1546307260,2020-01-13 10:00:00,0.4616035114409849,Medium,Pending,INV_7,2020-01-02 20:56:00,2020-01-02 23:39:00,163,Fraud
506,3996489,C480633082,2020-01-13 10:00:00,0.552049144954619,Medium,Pending,INV_8,2020-01-02 20:49:00,2020-01-02 22:14:00,85,False Positive
507,3996490,C1275289547,2020-01-13 10:00:00,0.5384973473711986,Medium,Pending,INV_19,2020-01-02 19:44:00,2020-01-02 22:43:00,179,Fraud
508,3996525,C2004560688,2020-01-13 10:00:00,0.5798297155798122,Medium,Pending,INV_17,2020-01-02 19:50:00,2020-01-02 20:46:00,56,False Positive
509,3996526,C250468227,2020-01-13 10:00:00,0.4687947701321862,Medium,Pending,INV_7,2020-01-02 20:04:00,2020-01-02 20:47:00,43,Fraud
510,3997023,C387653443,2020-01-13 10:00:00,0.4432454938465905,Medium,Pending,INV_8,2020-01-02 20:08:00,2020-01-02 22:50:00,162,False Positive
511,3997024,C689771980,2020-01-13 10:00:00,0.4190329873200003,Medium,Pending,INV_19,2020-01-02 19:33:00,2020-01-02 21:32:00,119,False Positive
512,3997423,C1018418701,2020-01-13 10:00:00,0.5650822409314841,Medium,Pending,INV_24,2020-01-02 21:22:00,2020-01-02 22:52:00,90,Fraud
513,3997559,C1147768581,2020-01-13 10:00:00,0.4161296481992379,Medium,Pending,INV_22,2020-01-02 21:09:00,2020-01-02 21:22:00,13,False Positive
514,3998400,C673859360,2020-01-13 10:00:00,0.4018037928291251,Medium,Pending,INV_3,2020-01-02 20:12:00,2020-01-02 22:37:00,145,False Positive
515,3998415,C1374388388,2020-01-13 10:00:00,0.4364618833612697,Medium,Pending,INV_6,2020-01-02 21:34:00,2020-01-02 22:51:00,77,False Positive
516,3998574,C1259855626,2020-01-13 10:00:00,0.4662951088246522,Medium,Pending,INV_20,2020-01-02 20:50:00,2020-01-02 21:13:00,23,Fraud
517,3998979,C145658684,2020-01-13 10:00:00,0.4191842519730441,Medium,Pending,INV_18,2020-01-02 21:14:00,2020-01-02 21:41:00,27,False Positive
518,3998980,C1103525093,2020-01-13 10:00:00,0.4680262649133051,Medium,Pending,INV_16,2020-01-02 20:44:00,2020-01-02 22:19:00,95,Fraud
519,3998995,C936386692,2020-01-13 10:00:00,0.4089716304818738,Medium,Pending,INV_20,2020-01-02 20:05:00,2020-01-02 22:34:00,149,False Positive
520,4000072,C1298505038,2020-01-13 10:00:00,0.509031147170189,Medium,Pending,INV_20,2020-01-02 21:29:00,2020-01-02 23:02:00,93,False Positive
521,4001359,C872876496,2020-01-13 10:00:00,0.4036917935493729,Medium,Pending,INV_25,2020-01-02 22:40:00,2020-01-03 01:20:00,160,False Positive
522,4001761,C1786916289,2020-01-13 10:00:00,0.5694757023751758,Medium,Pending,INV_14,2020-01-02 21:53:00,2020-01-02 22:12:00,19,False Positive
523,4001762,C1677561922,2020-01-13 10:00:00,0.4404000391662476,Medium,Pending,INV_4,2020-01-02 21:47:00,2020-01-03 00:04:00,137,False Positive
524,4001900,C50633307,2020-01-13 10:00:00,0.4353830416215628,Medium,Pending,INV_11,2020-01-02 22:00:00,2020-01-02 23:35:00,95,Fraud
525,4002093,C594917056,2020-01-13 10:00:00,0.4087949054919144,Medium,Pending,INV_2,2020-01-02 21:50:00,2020-01-02 22:59:00,69,Fraud
526,4002108,C1391561617,2020-01-13 10:00:00,0.4170104693029491,Medium,Pending,INV_11,2020-01-02 21:59:00,2020-01-02 23:41:00,102,Fraud
527,4002132,C1311963329,2020-01-13 10:00:00,0.4756180656139605,Medium,Pending,INV_7,2020-01-02 22:08:00,2020-01-02 23:37:00,89,False Positive
528,4002351,C1129563863,2020-01-13 10:00:00,0.4532389402740429,Medium,Pending,INV_22,2020-01-02 21:26:00,2020-01-02 22:32:00,66,False Positive
529,4002770,C1785839533,2020-01-13 10:00:00,0.419750032585247,Medium,Pending,INV_24,2020-01-02 22:21:00,2020-01-03 00:53:00,152,Fraud
530,4003263,C302949052,2020-01-13 10:00:00,0.4108387120372958,Medium,Pending,INV_20,2020-01-02 21:49:00,2020-01-03 00:11:00,142,Fraud
531,4003371,C1510283995,2020-01-13 10:00:00,0.5438052738000254,Medium,Pending,INV_25,2020-01-02 21:56:00,2020-01-02 23:57:00,121,False Positive
532,4003614,C850555360,2020-01-13 10:00:00,0.410795719806364,Medium,Pending,INV_20,2020-01-02 22:43:00,2020-01-03 00:58:00,135,Fraud
533,4003692,C72331908,2020-01-13 10:00:00,0.4287413422150787,Medium,Pending,INV_15,2020-01-02 22:53:00,2020-01-03 00:31:00,98,Fraud
534,4003693,C2084924681,2020-01-13 10:00:00,0.4274022164196971,Medium,Pending,INV_11,2020-01-02 22:33:00,2020-01-03 01:15:00,162,Fraud
535,4004373,C1785610229,2020-01-13 10:00:00,0.4565335972360033,Medium,Pending,INV_1,2020-01-02 22:00:00,2020-01-02 23:43:00,103,Fraud
536,4004374,C1576649855,2020-01-13 10:00:00,0.4403110190785343,Medium,Pending,INV_18,2020-01-02 23:24:00,2020-01-03 00:03:00,39,False Positive
537,4004959,C528034819,2020-01-13 10:00:00,0.5294672756236326,Medium,Pending,INV_21,2020-01-02 22:32:00,2020-01-02 23:08:00,36,Fraud
538,4004974,C434906044,2020-01-13 10:00:00,0.4026603988915735,Medium,Pending,INV_2,2020-01-02 23:14:00,2020-01-02 23:24:00,10,Fraud
539,4006049,C1753244211,2020-01-13 10:00:00,0.6748165529858409,Medium,Pending,INV_22,2020-01-02 23:38:00,2020-01-03 02:13:00,155,Fraud
540,4006050,C799495205,2020-01-13 10:00:00,0.4738710539267532,Medium,Pending,INV_22,2020-01-02 22:39:00,2020-01-03 01:13:00,154,False Positive
541,4006394,C1609437529,2020-01-13 10:00:00,0.4824723537831482,Medium,Pending,INV_15,2020-01-02 22:49:00,2020-01-03 00:25:00,96,Fraud
542,4006587,C146260131,2020-01-13 10:00:00,0.6016769015917092,Medium,Pending,INV_12,2020-01-02 22:31:00,2020-01-03 00:25:00,114,False Positive
543,4006588,C153108599,2020-01-13 10:00:00,0.4415433028835307,Medium,Pending,INV_14,2020-01-02 22:41:00,2020-01-03 00:59:00,138,Fraud
544,4006835,C643740020,2020-01-13 10:00:00,0.4123550428891843,Medium,Pending,INV_19,2020-01-02 22:31:00,2020-01-03 00:05:00,94,Fraud
545,4007155,C1291583449,2020-01-13 10:00:00,0.4266899819664418,Medium,Pending,INV_17,2020-01-02 22:07:00,2020-01-03 00:25:00,138,False Positive
546,4010048,C2104932733,2020-01-13 10:00:00,0.4810236202385941,Medium,Pending,INV_1,2020-01-02 23:03:00,2020-01-03 01:14:00,131,Fraud
547,4010375,C1098888868,2020-01-13 10:00:00,0.5976984537408281,Medium,Pending,INV_15,2020-01-02 23:55:00,2020-01-03 01:01:00,66,False Positive
548,4011802,C331500736,2020-01-13 11:00:00,0.4204216938432158,Medium,Pending,INV_8,2020-01-02 23:28:00,2020-01-03 00:33:00,65,False Positive
549,4011956,C1313169305,2020-01-13 11:00:00,0.495695321531387,Medium,Pending,INV_8,2020-01-02 22:32:00,2020-01-03 01:17:00,165,Fraud
550,4011957,C978763175,2020-01-13 11:00:00,0.5739775574691406,Medium,Pending,INV_19,2020-01-02 23:22:00,2020-01-03 01:06:00,104,False Positive
551,4012207,C60200644,2020-01-13 11:00:00,0.5645934963104122,Medium,Pending,INV_12,2020-01-02 23:52:00,2020-01-03 01:13:00,81,False Positive
552,4012208,C1681033826,2020-01-13 11:00:00,0.5304581825743366,Medium,Pending,INV_25,2020-01-03 00:56:00,2020-01-03 02:54:00,118,Fraud
553,4013045,C1438212901,2020-01-13 11:00:00,0.5430297799783057,Medium,Pending,INV_15,2020-01-03 00:56:00,2020-01-03 03:48:00,172,False Positive
554,4014013,C1225841464,2020-01-13 11:00:00,0.421474756009325,Medium,Pending,INV_2,2020-01-03 00:42:00,2020-01-03 02:39:00,117,Fraud
555,4014660,C445600135,2020-01-13 11:00:00,0.6088074783569082,Medium,Pending,INV_9,2020-01-02 23:14:00,2020-01-03 01:57:00,163,Fraud
556,4014722,C1369805237,2020-01-13 11:00:00,0.4259471931704486,Medium,Pending,INV_11,2020-01-02 23:35:00,2020-01-03 02:07:00,152,Fraud
557,4015043,C1647498376,2020-01-13 11:00:00,0.4260855944630696,Medium,Pending,INV_6,2020-01-03 00:06:00,2020-01-03 02:05:00,119,Fraud
558,4015350,C1290193714,2020-01-13 11:00:00,0.4930031794346625,Medium,Pending,INV_2,2020-01-03 00:07:00,2020-01-03 02:28:00,141,Fraud
559,4015351,C2145557479,2020-01-13 11:00:00,0.4813899752250873,Medium,Pending,INV_15,2020-01-03 00:48:00,2020-01-03 03:27:00,159,Fraud
560,4015505,C230721320,2020-01-13 11:00:00,0.5976579241604203,Medium,Pending,INV_25,2020-01-02 23:40:00,2020-01-03 01:02:00,82,Fraud
561,4016239,C1335787735,2020-01-13 11:00:00,0.4438148008277495,Medium,Pending,INV_2,2020-01-03 00:31:00,2020-01-03 00:46:00,15,False Positive
562,4016809,C810511194,2020-01-13 11:00:00,0.4324523035733882,Medium,Pending,INV_23,2020-01-02 23:28:00,2020-01-02 23:52:00,24,False Positive
563,4016810,C1997806194,2020-01-13 11:00:00,0.4106715517296718,Medium,Pending,INV_6,2020-01-03 00:54:00,2020-01-03 01:45:00,51,False Positive
564,4019110,C513090315,2020-01-13 11:00:00,0.5492399106895185,Medium,Pending,INV_1,2020-01-03 00:18:00,2020-01-03 01:26:00,68,Fraud
565,4019491,C1373829035,2020-01-13 11:00:00,0.4461559362106887,Medium,Pending,INV_21,2020-01-02 23:28:00,2020-01-03 02:19:00,171,False Positive
566,4020647,C57173313,2020-01-13 11:00:00,0.4480500570979339,Medium,Pending,INV_16,2020-01-02 23:36:00,2020-01-03 00:38:00,62,Fraud
567,4021366,C1421969256,2020-01-13 11:00:00,0.5001993714532612,Medium,Pending,INV_2,2020-01-03 00:45:00,2020-01-03 01:14:00,29,Fraud
568,4021782,C1037380555,2020-01-13 11:00:00,0.4883132711431834,Medium,Pending,INV_1,2020-01-02 23:41:00,2020-01-02 23:58:00,17,Fraud
569,4022041,C119338063,2020-01-13 11:00:00,0.5274154645364747,Medium,Pending,INV_6,2020-01-03 00:19:00,2020-01-03 01:14:00,55,Fraud
570,4023328,C170775932,2020-01-13 11:00:00,0.528494810800378,Medium,Pending,INV_22,2020-01-02 23:20:00,2020-01-02 23:51:00,31,False Positive
571,4023329,C530094846,2020-01-13 11:00:00,0.5559825233402471,Medium,Pending,INV_22,2020-01-03 00:34:00,2020-01-03 02:51:00,137,Fraud
572,4024092,C1421258455,2020-01-13 11:00:00,0.4604441443684055,Medium,Pending,INV_18,2020-01-03 01:39:00,2020-01-03 02:07:00,28,Fraud
573,4024107,C1436606095,2020-01-13 11:00:00,0.4551867235148592,Medium,Pending,INV_11,2020-01-03 01:25:00,2020-01-03 02:26:00,61,Fraud
574,4026712,C254616274,2020-01-13 11:00:00,0.4935278587026565,Medium,Pending,INV_14,2020-01-03 01:52:00,2020-01-03 04:34:00,162,Fraud
575,4026713,C196703060,2020-01-13 11:00:00,0.4855061251675644,Medium,Pending,INV_22,2020-01-03 00:53:00,2020-01-03 03:17:00,144,Fraud
576,4027304,C227656960,2020-01-13 11:00:00,0.4506696759805138,Medium,Pending,INV_9,2020-01-03 00:48:00,2020-01-03 01:40:00,52,Fraud
577,4027628,C433416354,2020-01-13 11:00:00,0.4612866296595343,Medium,Pending,INV_9,2020-01-03 01:13:00,2020-01-03 02:08:00,55,Fraud
578,4027629,C573773059,2020-01-13 11:00:00,0.4335636662628315,Medium,Pending,INV_24,2020-01-03 00:08:00,2020-01-03 01:42:00,94,Fraud
579,4027745,C274238274,2020-01-13 11:00:00,0.4320610555462844,Medium,Pending,INV_12,2020-01-03 00:27:00,2020-01-03 01:11:00,44,False Positive
580,4028583,C50811564,2020-01-13 11:00:00,0.7259643759831769,High,Pending,INV_18,2020-01-03 00:41:00,2020-01-03 02:32:00,111,Fraud
581,4028584,C1385331403,2020-01-13 11:00:00,0.4398820131359915,Medium,Pending,INV_16,2020-01-03 02:26:00,2020-01-03 05:02:00,156,False Positive
582,4028598,C650473049,2020-01-13 11:00:00,0.4006744566450183,Medium,Pending,INV_22,2020-01-03 01:28:00,2020-01-03 03:38:00,130,Fraud
583,4030420,C999878136,2020-01-13 11:00:00,0.5265708271236722,Medium,Pending,INV_1,2020-01-03 02:01:00,2020-01-03 03:32:00,91,Fraud
584,4030421,C1492193532,2020-01-13 11:00:00,0.4416907151918319,Medium,Pending,INV_10,2020-01-03 01:45:00,2020-01-03 02:44:00,59,Fraud
585,4030958,C1999568874,2020-01-13 11:00:00,0.4495943531891759,Medium,Pending,INV_16,2020-01-03 02:25:00,2020-01-03 02:48:00,23,Fraud
586,4031031,C1476496404,2020-01-13 11:00:00,0.5738367508462441,Medium,Pending,INV_3,2020-01-03 02:58:00,2020-01-03 05:30:00,152,Fraud
587,4031216,C102887612,2020-01-13 11:00:00,0.401084947465766,Medium,Pending,INV_24,2020-01-03 02:07:00,2020-01-03 04:00:00,113,False Positive
588,4031721,C1206430088,2020-01-13 11:00:00,0.4554223176874226,Medium,Pending,INV_1,2020-01-03 02:09:00,2020-01-03 05:00:00,171,Fraud
589,4033491,C1394594195,2020-01-13 11:00:00,0.4507407532402752,Medium,Pending,INV_15,2020-01-03 03:39:00,2020-01-03 04:44:00,65,False Positive
590,4033492,C92581683,2020-01-13 11:00:00,0.5671148615477086,Medium,Pending,INV_13,2020-01-03 03:55:00,2020-01-03 04:56:00,61,Fraud
591,4033733,C702955316,2020-01-13 11:00:00,0.4689752256329648,Medium,Pending,INV_4,2020-01-03 03:52:00,2020-01-03 04:52:00,60,False Positive
592,4033781,C385948493,2020-01-13 11:00:00,0.452267257262634,Medium,Pending,INV_21,2020-01-03 03:16:00,2020-01-03 04:41:00,85,Fraud
593,4033782,C2078962001,2020-01-13 11:00:00,0.4530656876644829,Medium,Pending,INV_17,2020-01-03 04:52:00,2020-01-03 05:58:00,66,Fraud
594,4033894,C891821473,2020-01-13 11:00:00,0.6535997584858106,Medium,Pending,INV_5,2020-01-03 04:45:00,2020-01-03 06:36:00,111,False Positive
595,4033993,C218688766,2020-01-13 11:00:00,0.4472808650961529,Medium,Pending,INV_24,2020-01-03 03:38:00,2020-01-03 04:30:00,52,False Positive
596,4033994,C1391925805,2020-01-13 11:00:00,0.5114597602188272,Medium,Pending,INV_15,2020-01-03 04:58:00,2020-01-03 06:15:00,77,Fraud
597,4034463,C708522799,2020-01-13 11:00:00,0.5371631321871316,Medium,Pending,INV_15,2020-01-03 03:09:00,2020-01-03 04:18:00,69,False Positive
598,4036042,C1432793930,2020-01-13 11:00:00,0.4024109818312547,Medium,Pending,INV_14,2020-01-03 04:21:00,2020-01-03 05:55:00,94,False Positive
599,4036500,C2078388947,2020-01-13 11:00:00,0.4822254587380496,Medium,Pending,INV_12,2020-01-03 04:42:00,2020-01-03 05:45:00,63,Fraud
600,4037503,C959898313,2020-01-13 11:00:00,0.4010143475466221,Medium,Pending,INV_14,2020-01-03 04:39:00,2020-01-03 05:36:00,57,Fraud
601,4037518,C1494361578,2020-01-13 11:00:00,0.4433418159433632,Medium,Pending,INV_11,2020-01-03 04:51:00,2020-01-03 05:25:00,34,Fraud
602,4038099,C1293276010,2020-01-13 11:00:00,0.7210586005439409,High,Pending,INV_6,2020-01-03 04:36:00,2020-01-03 05:06:00,30,Fraud
603,4038435,C437103388,2020-01-13 11:00:00,0.4155357992923863,Medium,Pending,INV_15,2020-01-03 04:37:00,2020-01-03 06:34:00,117,Fraud
604,4038436,C1670532398,2020-01-13 11:00:00,0.4983224508809452,Medium,Pending,INV_13,2020-01-03 03:27:00,2020-01-03 06:15:00,168,Fraud
605,4039640,C738713996,2020-01-13 11:00:00,0.4772099003329232,Medium,Pending,INV_13,2020-01-03 04:23:00,2020-01-03 07:22:00,179,Fraud
606,4039641,C1615148513,2020-01-13 11:00:00,0.43737142122807,Medium,Pending,INV_8,2020-01-03 05:11:00,2020-01-03 06:31:00,80,Fraud
607,4040172,C798870943,2020-01-13 11:00:00,0.4314203800094637,Medium,Pending,INV_15,2020-01-03 05:29:00,2020-01-03 05:58:00,29,Fraud
608,4040241,C977829701,2020-01-13 11:00:00,0.4290750538878701,Medium,Pending,INV_9,2020-01-03 05:00:00,2020-01-03 06:43:00,103,False Positive
609,4040343,C488445524,2020-01-13 11:00:00,0.5512544839838108,Medium,Pending,INV_18,2020-01-03 04:29:00,2020-01-03 05:10:00,41,False Positive
610,4040790,C1709550812,2020-01-13 11:00:00,0.4791628264948598,Medium,Pending,INV_7,2020-01-03 05:24:00,2020-01-03 08:19:00,175,False Positive
611,4040791,C382316120,2020-01-13 11:00:00,0.4111804202255145,Medium,Pending,INV_24,2020-01-03 05:56:00,2020-01-03 06:36:00,40,Fraud
612,4041686,C1709187697,2020-01-13 11:00:00,0.4552801711185287,Medium,Pending,INV_21,2020-01-03 05:51:00,2020-01-03 06:51:00,60,Fraud
613,4042517,C1684735083,2020-01-13 12:00:00,0.4701294188905514,Medium,Pending,INV_16,2020-01-03 05:44:00,2020-01-03 07:58:00,134,Fraud
614,4043420,C41466638,2020-01-13 12:00:00,0.4669930680372257,Medium,Pending,INV_10,2020-01-03 05:40:00,2020-01-03 06:33:00,53,Fraud
615,4043953,C596895684,2020-01-13 12:00:00,0.6008735765555239,Medium,Pending,INV_25,2020-01-03 06:10:00,2020-01-03 06:22:00,12,False Positive
616,4043969,C977638033,2020-01-13 12:00:00,0.4259117962889238,Medium,Pending,INV_17,2020-01-03 06:20:00,2020-01-03 06:34:00,14,Fraud
617,4043970,C997363429,2020-01-13 12:00:00,0.5207001358697799,Medium,Pending,INV_18,2020-01-03 06:03:00,2020-01-03 08:18:00,135,False Positive
618,4044176,C1621759239,2020-01-13 12:00:00,0.7333442275302968,High,Pending,INV_20,2020-01-03 05:46:00,2020-01-03 06:43:00,57,False Positive
619,4044227,C1690842469,2020-01-13 12:00:00,0.4642536895124003,Medium,Pending,INV_10,2020-01-03 05:22:00,2020-01-03 06:36:00,74,Fraud
620,4044351,C1136562495,2020-01-13 12:00:00,0.4088244973542289,Medium,Pending,INV_3,2020-01-03 05:44:00,2020-01-03 07:42:00,118,Fraud
621,4045118,C1081865515,2020-01-13 12:00:00,0.6092757569990037,Medium,Pending,INV_10,2020-01-03 05:37:00,2020-01-03 07:10:00,93,False Positive
622,4045221,C1177776187,2020-01-13 12:00:00,0.4283807583251124,Medium,Pending,INV_14,2020-01-03 06:21:00,2020-01-03 09:03:00,162,Fraud
623,4045222,C603607327,2020-01-13 12:00:00,0.4352850787421377,Medium,Pending,INV_25,2020-01-03 06:23:00,2020-01-03 08:35:00,132,Fraud
624,4045250,C600447721,2020-01-13 12:00:00,0.5388922874432215,Medium,Pending,INV_24,2020-01-03 07:32:00,2020-01-03 09:44:00,132,False Positive
625,4045460,C855845998,2020-01-13 12:00:00,0.4205126351814826,Medium,Pending,INV_13,2020-01-03 07:46:00,2020-01-03 09:07:00,81,Fraud
626,4045690,C1182130738,2020-01-13 12:00:00,0.5644339020484488,Medium,Pending,INV_22,2020-01-03 07:12:00,2020-01-03 07:48:00,36,False Positive
627,4045832,C1769534655,2020-01-13 12:00:00,0.5889971048356943,Medium,Pending,INV_7,2020-01-03 07:16:00,2020-01-03 08:51:00,95,Fraud
628,4046236,C1485894065,2020-01-13 12:00:00,0.4831981167994476,Medium,Pending,INV_11,2020-01-03 08:42:00,2020-01-03 11:27:00,165,False Positive
629,4046764,C183836878,2020-01-13 12:00:00,0.5450646151854315,Medium,Pending,INV_1,2020-01-03 08:35:00,2020-01-03 09:00:00,25,Fraud
630,4046780,C45694924,2020-01-13 12:00:00,0.4490945198637812,Medium,Pending,INV_8,2020-01-03 07:52:00,2020-01-03 08:16:00,24,False Positive
631,4047486,C625118656,2020-01-13 12:00:00,0.6018559194673347,Medium,Pending,INV_12,2020-01-03 08:32:00,2020-01-03 09:00:00,28,False Positive
632,4048449,C962484785,2020-01-13 12:00:00,0.6886276388275913,Medium,Pending,INV_11,2020-01-03 07:45:00,2020-01-03 08:47:00,62,False Positive
633,4048450,C50702401,2020-01-13 12:00:00,0.5367357654371154,Medium,Pending,INV_14,2020-01-03 08:08:00,2020-01-03 08:30:00,22,Fraud
634,4048586,C1826695380,2020-01-13 12:00:00,0.4356401309630887,Medium,Pending,INV_6,2020-01-03 07:31:00,2020-01-03 09:17:00,106,Fraud
635,4048674,C1960608501,2020-01-13 12:00:00,0.7077616581753141,High,Pending,INV_16,2020-01-03 07:48:00,2020-01-03 08:03:00,15,False Positive
636,4048675,C2058005210,2020-01-13 12:00:00,0.5504134700133576,Medium,Pending,INV_9,2020-01-03 08:56:00,2020-01-03 09:24:00,28,False Positive
637,4049279,C738006334,2020-01-13 12:00:00,0.5519671788920623,Medium,Pending,INV_25,2020-01-03 07:11:00,2020-01-03 08:14:00,63,False Positive
638,4049280,C1716942619,2020-01-13 12:00:00,0.4542150120326267,Medium,Pending,INV_10,2020-01-03 07:50:00,2020-01-03 08:22:00,32,Fraud
639,4050028,C679640558,2020-01-13 12:00:00,0.4385498243779407,Medium,Pending,INV_10,2020-01-03 08:50:00,2020-01-03 11:23:00,153,Fraud
640,4050029,C673007562,2020-01-13 12:00:00,0.4418597530594102,Medium,Pending,INV_16,2020-01-03 09:46:00,2020-01-03 10:45:00,59,False Positive
641,4053073,C1857584583,2020-01-13 12:00:00,0.4092444978086716,Medium,Pending,INV_12,2020-01-03 08:12:00,2020-01-03 10:04:00,112,False Positive
642,4053231,C55478598,2020-01-13 12:00:00,0.6179388423286981,Medium,Pending,INV_22,2020-01-03 08:46:00,2020-01-03 11:21:00,155,Fraud
643,4053728,C598177993,2020-01-13 12:00:00,0.5376375036612051,Medium,Pending,INV_17,2020-01-03 08:32:00,2020-01-03 09:42:00,70,Fraud
644,4053770,C889809184,2020-01-13 12:00:00,0.5856683561068797,Medium,Pending,INV_17,2020-01-03 09:57:00,2020-01-03 11:33:00,96,False Positive
645,4053826,C593985052,2020-01-13 12:00:00,0.413800599968176,Medium,Pending,INV_18,2020-01-03 08:05:00,2020-01-03 11:01:00,176,Fraud
646,4053827,C829191817,2020-01-13 12:00:00,0.4103269489067566,Medium,Pending,INV_2,2020-01-03 09:56:00,2020-01-03 10:44:00,48,False Positive
647,4053841,C77841064,2020-01-13 12:00:00,0.4289093778490889,Medium,Pending,INV_16,2020-01-03 09:07:00,2020-01-03 11:37:00,150,Fraud
648,4053892,C1640241868,2020-01-13 12:00:00,0.4325591483654236,Medium,Pending,INV_10,2020-01-03 09:58:00,2020-01-03 10:27:00,29,False Positive
649,4054243,C621534543,2020-01-13 12:00:00,0.5662083816442394,Medium,Pending,INV_24,2020-01-03 08:52:00,2020-01-03 10:33:00,101,False Positive
650,4054682,C1426219136,2020-01-13 12:00:00,0.5112458633126419,Medium,Pending,INV_14,2020-01-03 09:09:00,2020-01-03 10:38:00,89,Fraud
651,4054772,C594965264,2020-01-13 12:00:00,0.4906742363033431,Medium,Pending,INV_12,2020-01-03 08:24:00,2020-01-03 11:01:00,157,False Positive
652,4054881,C1715233676,2020-01-13 12:00:00,0.4484208281666216,Medium,Pending,INV_14,2020-01-03 09:54:00,2020-01-03 10:25:00,31,Fraud
653,4054896,C416703311,2020-01-13 12:00:00,0.4287009910316404,Medium,Pending,INV_2,2020-01-03 09:31:00,2020-01-03 12:28:00,177,Fraud
654,4054914,C1720436586,2020-01-13 12:00:00,0.5592176903647839,Medium,Pending,INV_9,2020-01-03 09:18:00,2020-01-03 09:36:00,18,Fraud
655,4054915,C904905786,2020-01-13 12:00:00,0.4021537929175664,Medium,Pending,INV_5,2020-01-03 09:02:00,2020-01-03 11:58:00,176,False Positive
656,4055347,C982635532,2020-01-13 12:00:00,0.4461383993948546,Medium,Pending,INV_19,2020-01-03 09:21:00,2020-01-03 11:38:00,137,Fraud
657,4055359,C1832195283,2020-01-13 12:00:00,0.5721358660579389,Medium,Pending,INV_11,2020-01-03 09:05:00,2020-01-03 12:02:00,177,Fraud
658,4055360,C298150872,2020-01-13 12:00:00,0.4280353340886472,Medium,Pending,INV_14,2020-01-03 10:49:00,2020-01-03 11:43:00,54,False Positive
659,4055726,C1163102205,2020-01-13 12:00:00,0.7062666634798094,High,Pending,INV_10,2020-01-03 10:03:00,2020-01-03 11:05:00,62,False Positive
660,4055727,C2024608805,2020-01-13 12:00:00,0.415176414887306,Medium,Pending,INV_3,2020-01-03 10:38:00,2020-01-03 12:23:00,105,Fraud
661,4057503,C863106680,2020-01-13 12:00:00,0.4392017612613128,Medium,Pending,INV_17,2020-01-03 10:23:00,2020-01-03 10:48:00,25,Fraud
662,4058399,C1711117387,2020-01-13 12:00:00,0.4442162658673633,Medium,Pending,INV_20,2020-01-03 10:16:00,2020-01-03 11:00:00,44,Fraud
663,4058529,C1117229889,2020-01-13 12:00:00,0.5182917423306208,Medium,Pending,INV_13,2020-01-03 10:05:00,2020-01-03 11:43:00,98,Fraud
664,4058568,C894440208,2020-01-13 12:00:00,0.5057435962532146,Medium,Pending,INV_24,2020-01-03 10:16:00,2020-01-03 12:59:00,163,Fraud
665,4058569,C1570620611,2020-01-13 12:00:00,0.4230207363466577,Medium,Pending,INV_9,2020-01-03 10:15:00,2020-01-03 10:41:00,26,False Positive
666,4058657,C515250662,2020-01-13 12:00:00,0.6913506198238495,Medium,Pending,INV_14,2020-01-03 10:36:00,2020-01-03 11:45:00,69,Fraud
667,4059030,C2092347686,2020-01-13 12:00:00,0.4658822451576273,Medium,Pending,INV_3,2020-01-03 11:01:00,2020-01-03 11:29:00,28,Fraud
668,4059031,C1232733369,2020-01-13 12:00:00,0.4424449344177519,Medium,Pending,INV_5,2020-01-03 11:29:00,2020-01-03 12:03:00,34,False Positive
669,4059047,C1576451498,2020-01-13 12:00:00,0.4852465190355173,Medium,Pending,INV_5,2020-01-03 10:54:00,2020-01-03 13:48:00,174,False Positive
670,4059048,C1507848494,2020-01-13 12:00:00,0.4228659725082369,Medium,Pending,INV_25,2020-01-03 11:01:00,2020-01-03 13:02:00,121,Fraud
671,4059332,C225873254,2020-01-13 12:00:00,0.4467045043169981,Medium,Pending,INV_13,2020-01-03 10:35:00,2020-01-03 10:59:00,24,Fraud
672,4059333,C1941130084,2020-01-13 12:00:00,0.4307936046707997,Medium,Pending,INV_5,2020-01-03 10:54:00,2020-01-03 12:40:00,106,Fraud
673,4060578,C94924602,2020-01-13 12:00:00,0.411966935133351,Medium,Pending,INV_9,2020-01-03 11:34:00,2020-01-03 12:43:00,69,Fraud
674,4060599,C2127282686,2020-01-13 12:00:00,0.8589935037438068,High,Pending,INV_17,2020-01-03 10:06:00,2020-01-03 10:35:00,29,False Positive
675,4060682,C2004657111,2020-01-13 12:00:00,0.5888273296797921,Medium,Pending,INV_6,2020-01-03 11:46:00,2020-01-03 13:22:00,96,False Positive
676,4060683,C1219429670,2020-01-13 12:00:00,0.4353485695874844,Medium,Pending,INV_10,2020-01-03 10:36:00,2020-01-03 11:02:00,26,Fraud
677,4060709,C635398060,2020-01-13 12:00:00,0.4504435231419569,Medium,Pending,INV_6,2020-01-03 10:10:00,2020-01-03 12:20:00,130,False Positive
678,4061246,C1011191693,2020-01-13 12:00:00,0.6166474438559642,Medium,Pending,INV_5,2020-01-03 11:38:00,2020-01-03 14:31:00,173,False Positive
679,4061880,C1277585791,2020-01-13 12:00:00,0.5591472337841218,Medium,Pending,INV_23,2020-01-03 11:40:00,2020-01-03 12:29:00,49,Fraud
680,4061881,C1059780093,2020-01-13 12:00:00,0.4845767273111536,Medium,Pending,INV_24,2020-01-03 10:43:00,2020-01-03 12:04:00,81,Fraud
681,4062309,C1465725874,2020-01-13 12:00:00,0.4684930926034792,Medium,Pending,INV_7,2020-01-03 10:39:00,2020-01-03 11:00:00,21,Fraud
682,4062310,C1683256469,2020-01-13 12:00:00,0.407553279395032,Medium,Pending,INV_7,2020-01-03 11:28:00,2020-01-03 13:56:00,148,False Positive
683,4063003,C1556101780,2020-01-13 12:00:00,0.5683968396609524,Medium,Pending,INV_18,2020-01-03 11:15:00,2020-01-03 12:40:00,85,False Positive
684,4063153,C696934098,2020-01-13 12:00:00,0.4367904387104521,Medium,Pending,INV_18,2020-01-03 12:56:00,2020-01-03 13:07:00,11,False Positive
685,4063154,C390428065,2020-01-13 12:00:00,0.5348000108164034,Medium,Pending,INV_9,2020-01-03 11:40:00,2020-01-03 13:14:00,94,False Positive
686,4063367,C1696224835,2020-01-13 12:00:00,0.5081139669316904,Medium,Pending,INV_15,2020-01-03 11:23:00,2020-01-03 12:34:00,71,False Positive
687,4063619,C1451158473,2020-01-13 12:00:00,0.4942982255045137,Medium,Pending,INV_1,2020-01-03 12:23:00,2020-01-03 13:44:00,81,False Positive
688,4063620,C1028613912,2020-01-13 12:00:00,0.4261147779659376,Medium,Pending,INV_15,2020-01-03 11:35:00,2020-01-03 12:37:00,62,Fraud
689,4064988,C1773319125,2020-01-13 12:00:00,0.6080822643883275,Medium,Pending,INV_1,2020-01-03 12:00:00,2020-01-03 13:17:00,77,Fraud
690,4064989,C1583333530,2020-01-13 12:00:00,0.401420002719128,Medium,Pending,INV_12,2020-01-03 12:49:00,2020-01-03 13:16:00,27,Fraud
691,4065429,C1656583718,2020-01-13 12:00:00,0.5251392187038135,Medium,Pending,INV_21,2020-01-03 12:11:00,2020-01-03 13:09:00,58,Fraud
692,4065443,C267433594,2020-01-13 12:00:00,0.4078258887428507,Medium,Pending,INV_4,2020-01-03 11:24:00,2020-01-03 11:44:00,20,False Positive
693,4065747,C1841452467,2020-01-13 12:00:00,0.5003378275673618,Medium,Pending,INV_24,2020-01-03 12:43:00,2020-01-03 13:46:00,63,False Positive
694,4066516,C1595928228,2020-01-13 12:00:00,0.4082497281395473,Medium,Pending,INV_8,2020-01-03 12:50:00,2020-01-03 15:07:00,137,False Positive
695,4068588,C743488823,2020-01-13 12:00:00,0.5337723833180364,Medium,Pending,INV_2,2020-01-03 12:55:00,2020-01-03 14:57:00,122,Fraud
696,4068589,C1673547288,2020-01-13 12:00:00,0.5350805292227311,Medium,Pending,INV_14,2020-01-03 11:18:00,2020-01-03 12:08:00,50,False Positive
697,4068603,C630202707,2020-01-13 12:00:00,0.4291789521768202,Medium,Pending,INV_16,2020-01-03 12:16:00,2020-01-03 13:41:00,85,False Positive
698,4068950,C994609303,2020-01-13 12:00:00,0.4956672993503863,Medium,Pending,INV_23,2020-01-03 11:46:00,2020-01-03 13:39:00,113,Fraud
699,4069645,C598203332,2020-01-13 12:00:00,0.4213556501359393,Medium,Pending,INV_12,2020-01-03 12:53:00,2020-01-03 14:15:00,82,False Positive
700,4069646,C1539451063,2020-01-13 12:00:00,0.4191355754967415,Medium,Pending,INV_14,2020-01-03 11:57:00,2020-01-03 12:25:00,28,False Positive
701,4069834,C75830118,2020-01-13 12:00:00,0.5927142258869851,Medium,Pending,INV_19,2020-01-03 11:50:00,2020-01-03 12:02:00,12,False Positive
702,4071394,C1712295766,2020-01-13 12:00:00,0.4695232172808158,Medium,Pending,INV_6,2020-01-03 11:29:00,2020-01-03 12:30:00,61,False Positive
703,4072146,C988219650,2020-01-13 12:00:00,0.6869558377428306,Medium,Pending,INV_25,2020-01-03 12:51:00,2020-01-03 14:42:00,111,Fraud
704,4072147,C992524594,2020-01-13 12:00:00,0.4055657070423831,Medium,Pending,INV_11,2020-01-03 12:50:00,2020-01-03 13:12:00,22,Fraud
705,4072322,C993658588,2020-01-13 12:00:00,0.5319439980794292,Medium,Pending,INV_24,2020-01-03 13:24:00,2020-01-03 14:07:00,43,Fraud
706,4072323,C949556221,2020-01-13 12:00:00,0.4237160557232621,Medium,Pending,INV_4,2020-01-03 12:23:00,2020-01-03 15:08:00,165,False Positive
707,4073264,C1083403839,2020-01-13 12:00:00,0.5608957753237778,Medium,Pending,INV_10,2020-01-03 13:02:00,2020-01-03 15:10:00,128,Fraud
708,4073265,C1993444076,2020-01-13 12:00:00,0.4396847066936354,Medium,Pending,INV_10,2020-01-03 13:53:00,2020-01-03 16:28:00,155,Fraud
709,4073349,C2144929087,2020-01-13 12:00:00,0.6936762313387619,Medium,Pending,INV_18,2020-01-03 12:49:00,2020-01-03 14:53:00,124,Fraud
710,4073698,C98177732,2020-01-13 13:00:00,0.5508815186172559,Medium,Pending,INV_12,2020-01-03 13:18:00,2020-01-03 13:48:00,30,Fraud
711,4073699,C1782287149,2020-01-13 13:00:00,0.4440954652984888,Medium,Pending,INV_15,2020-01-03 12:12:00,2020-01-03 13:22:00,70,Fraud
712,4074340,C1642245289,2020-01-13 13:00:00,0.4994967629400443,Medium,Pending,INV_4,2020-01-03 12:37:00,2020-01-03 14:59:00,142,Fraud
713,4074341,C500235149,2020-01-13 13:00:00,0.4861281782112392,Medium,Pending,INV_20,2020-01-03 12:48:00,2020-01-03 15:35:00,167,False Positive
714,4074921,C148580811,2020-01-13 13:00:00,0.4178015574882723,Medium,Pending,INV_11,2020-01-03 13:28:00,2020-01-03 14:41:00,73,False Positive
715,4075249,C1766883669,2020-01-13 13:00:00,0.5086377593638163,Medium,Pending,INV_3,2020-01-03 14:00:00,2020-01-03 14:12:00,12,Fraud
716,4075766,C1581671762,2020-01-13 13:00:00,0.4005135534823703,Medium,Pending,INV_4,2020-01-03 13:52:00,2020-01-03 14:46:00,54,Fraud
717,4076756,C1539737626,2020-01-13 13:00:00,0.7754129073468067,High,Pending,INV_22,2020-01-03 13:44:00,2020-01-03 15:27:00,103,Fraud
718,4077034,C689906292,2020-01-13 13:00:00,0.6685473395608468,Medium,Pending,INV_9,2020-01-03 13:23:00,2020-01-03 13:45:00,22,Fraud
719,4077782,C1101406132,2020-01-13 13:00:00,0.6092303244550291,Medium,Pending,INV_2,2020-01-03 14:05:00,2020-01-03 14:32:00,27,Fraud
720,4079473,C1573879412,2020-01-13 13:00:00,0.4557631786414775,Medium,Pending,INV_18,2020-01-03 14:49:00,2020-01-03 16:41:00,112,Fraud
721,4079502,C1225399194,2020-01-13 13:00:00,0.5208579731184679,Medium,Pending,INV_17,2020-01-03 13:12:00,2020-01-03 15:58:00,166,Fraud
722,4079775,C81357706,2020-01-13 13:00:00,0.553360368434196,Medium,Pending,INV_24,2020-01-03 13:52:00,2020-01-03 14:28:00,36,False Positive
723,4079834,C974726479,2020-01-13 13:00:00,0.4131757757895742,Medium,Pending,INV_12,2020-01-03 14:43:00,2020-01-03 17:08:00,145,Fraud
724,4079835,C513929096,2020-01-13 13:00:00,0.4358485880489531,Medium,Pending,INV_24,2020-01-03 13:37:00,2020-01-03 15:50:00,133,Fraud
725,4079928,C406636210,2020-01-13 13:00:00,0.4101167981097671,Medium,Pending,INV_17,2020-01-03 13:09:00,2020-01-03 16:08:00,179,False Positive
726,4080358,C6333741,2020-01-13 13:00:00,0.6916971242857667,Medium,Pending,INV_22,2020-01-03 14:10:00,2020-01-03 15:58:00,108,False Positive
727,4080373,C712769619,2020-01-13 13:00:00,0.4114353572182059,Medium,Pending,INV_21,2020-01-03 13:40:00,2020-01-03 14:12:00,32,False Positive
728,4081066,C1109331216,2020-01-13 13:00:00,0.4368720603971953,Medium,Pending,INV_8,2020-01-03 14:05:00,2020-01-03 16:27:00,142,Fraud
729,4081095,C1920233194,2020-01-13 13:00:00,0.493948746447289,Medium,Pending,INV_3,2020-01-03 15:40:00,2020-01-03 15:58:00,18,Fraud
730,4081430,C397095289,2020-01-13 13:00:00,0.4322434631157684,Medium,Pending,INV_14,2020-01-03 15:37:00,2020-01-03 17:31:00,114,False Positive
731,4081556,C197400888,2020-01-13 13:00:00,0.449629815568739,Medium,Pending,INV_11,2020-01-03 14:19:00,2020-01-03 14:30:00,11,Fraud
732,4081571,C1648940239,2020-01-13 13:00:00,0.407028963054319,Medium,Pending,INV_4,2020-01-03 15:23:00,2020-01-03 17:58:00,155,Fraud
733,4082094,C1634156801,2020-01-13 13:00:00,0.4476116217094679,Medium,Pending,INV_5,2020-01-03 15:08:00,2020-01-03 17:20:00,132,Fraud
734,4082148,C1842185101,2020-01-13 13:00:00,0.4183208906019263,Medium,Pending,INV_15,2020-01-03 15:05:00,2020-01-03 17:16:00,131,Fraud
735,4082719,C863389710,2020-01-13 13:00:00,0.4521931446041838,Medium,Pending,INV_12,2020-01-03 15:41:00,2020-01-03 17:23:00,102,Fraud
736,4083040,C317876252,2020-01-13 13:00:00,0.5928711629730365,Medium,Pending,INV_24,2020-01-03 15:28:00,2020-01-03 16:24:00,56,Fraud
737,4083041,C845128215,2020-01-13 13:00:00,0.448714004428544,Medium,Pending,INV_25,2020-01-03 16:17:00,2020-01-03 17:38:00,81,False Positive
738,4083112,C1265692742,2020-01-13 13:00:00,0.5119768632946438,Medium,Pending,INV_25,2020-01-03 16:07:00,2020-01-03 18:35:00,148,Fraud
739,4083212,C38577361,2020-01-13 13:00:00,0.5561494874566368,Medium,Pending,INV_7,2020-01-03 15:21:00,2020-01-03 16:46:00,85,Fraud
740,4083919,C968876500,2020-01-13 13:00:00,0.4776961450490954,Medium,Pending,INV_23,2020-01-03 15:47:00,2020-01-03 18:33:00,166,Fraud
741,4083991,C1943526895,2020-01-13 13:00:00,0.500677881494719,Medium,Pending,INV_22,2020-01-03 16:43:00,2020-01-03 18:34:00,111,Fraud
742,4086474,C93664170,2020-01-13 13:00:00,0.4059103312184161,Medium,Pending,INV_17,2020-01-03 16:09:00,2020-01-03 17:10:00,61,False Positive
743,4086500,C1587228136,2020-01-13 13:00:00,0.409272339093934,Medium,Pending,INV_22,2020-01-03 16:33:00,2020-01-03 17:06:00,33,False Positive
744,4086997,C864519365,2020-01-13 13:00:00,0.430776599562741,Medium,Pending,INV_21,2020-01-03 16:56:00,2020-01-03 17:29:00,33,False Positive
745,4087867,C1177251642,2020-01-13 13:00:00,0.6478594741292799,Medium,Pending,INV_23,2020-01-03 17:26:00,2020-01-03 18:29:00,63,Fraud
746,4088150,C34922470,2020-01-13 13:00:00,0.4840472735011804,Medium,Pending,INV_14,2020-01-03 17:48:00,2020-01-03 20:33:00,165,False Positive
747,4088151,C1846132190,2020-01-13 13:00:00,0.423114441020663,Medium,Pending,INV_14,2020-01-03 16:53:00,2020-01-03 18:50:00,117,Fraud
748,4088303,C1891483689,2020-01-13 13:00:00,0.4606639395054605,Medium,Pending,INV_5,2020-01-03 17:23:00,2020-01-03 19:56:00,153,Fraud
749,4088304,C1124226135,2020-01-13 13:00:00,0.5390197289831491,Medium,Pending,INV_3,2020-01-03 16:43:00,2020-01-03 18:52:00,129,Fraud
750,4088610,C1977498087,2020-01-13 13:00:00,0.5787113841262427,Medium,Pending,INV_7,2020-01-03 17:05:00,2020-01-03 18:16:00,71,Fraud
751,4089163,C171534619,2020-01-13 13:00:00,0.4305019197197057,Medium,Pending,INV_7,2020-01-03 17:38:00,2020-01-03 19:48:00,130,Fraud
752,4089164,C1036914686,2020-01-13 13:00:00,0.414584674108648,Medium,Pending,INV_2,2020-01-03 17:15:00,2020-01-03 20:00:00,165,Fraud
753,4089239,C1331682853,2020-01-13 13:00:00,0.4575463013281289,Medium,Pending,INV_14,2020-01-03 16:28:00,2020-01-03 16:55:00,27,False Positive
754,4089389,C1082375488,2020-01-13 13:00:00,0.5693904943490182,Medium,Pending,INV_24,2020-01-03 17:44:00,2020-01-03 18:34:00,50,False Positive
755,4089929,C1943135550,2020-01-13 13:00:00,0.4968797958572369,Medium,Pending,INV_21,2020-01-03 16:37:00,2020-01-03 19:13:00,156,False Positive
756,4089994,C12403900,2020-01-13 13:00:00,0.5218664502776476,Medium,Pending,INV_19,2020-01-03 17:50:00,2020-01-03 20:22:00,152,Fraud
757,4090049,C1316741701,2020-01-13 13:00:00,0.4488478616717047,Medium,Pending,INV_9,2020-01-03 17:44:00,2020-01-03 17:54:00,10,Fraud
758,4090050,C1965169101,2020-01-13 13:00:00,0.4378630404179652,Medium,Pending,INV_20,2020-01-03 17:43:00,2020-01-03 18:46:00,63,False Positive
759,4090152,C406832442,2020-01-13 13:00:00,0.5319324035636651,Medium,Pending,INV_2,2020-01-03 16:34:00,2020-01-03 17:37:00,63,False Positive
760,4090168,C1492073822,2020-01-13 13:00:00,0.4206839579083777,Medium,Pending,INV_24,2020-01-03 17:35:00,2020-01-03 19:15:00,100,False Positive
761,4091044,C2133011035,2020-01-13 13:00:00,0.4600645649114953,Medium,Pending,INV_18,2020-01-03 17:28:00,2020-01-03 19:48:00,140,Fraud
762,4091700,C16560613,2020-01-13 13:00:00,0.4275893905805316,Medium,Pending,INV_18,2020-01-03 17:54:00,2020-01-03 18:09:00,15,Fraud
763,4091701,C228880345,2020-01-13 13:00:00,0.4010847243181137,Medium,Pending,INV_10,2020-01-03 18:46:00,2020-01-03 19:16:00,30,Fraud
764,4091952,C2078655271,2020-01-13 13:00:00,0.4189380587034599,Medium,Pending,INV_9,2020-01-03 18:45:00,2020-01-03 20:48:00,123,False Positive
765,4092068,C1243889127,2020-01-13 13:00:00,0.5084956533809901,Medium,Pending,INV_15,2020-01-03 17:21:00,2020-01-03 20:16:00,175,Fraud
766,4092083,C1818794863,2020-01-13 13:00:00,0.4060488086099142,Medium,Pending,INV_19,2020-01-03 17:49:00,2020-01-03 19:37:00,108,Fraud
767,4092918,C995570325,2020-01-13 13:00:00,0.5132248608741183,Medium,Pending,INV_2,2020-01-03 17:13:00,2020-01-03 19:07:00,114,False Positive
768,4093535,C1113869074,2020-01-13 13:00:00,0.4716516903009434,Medium,Pending,INV_18,2020-01-03 18:56:00,2020-01-03 21:06:00,130,Fraud
769,4093556,C1041914844,2020-01-13 13:00:00,0.4748941547156028,Medium,Pending,INV_14,2020-01-03 18:11:00,2020-01-03 19:38:00,87,Fraud
770,4094220,C1350569527,2020-01-13 13:00:00,0.4962159339390977,Medium,Pending,INV_20,2020-01-03 17:17:00,2020-01-03 19:39:00,142,False Positive
771,4094233,C114509514,2020-01-13 13:00:00,0.6232119100957192,Medium,Pending,INV_16,2020-01-03 18:42:00,2020-01-03 20:11:00,89,Fraud
772,4094234,C294063973,2020-01-13 13:00:00,0.434089546227236,Medium,Pending,INV_22,2020-01-03 18:02:00,2020-01-03 18:27:00,25,Fraud
773,4094711,C755110431,2020-01-13 13:00:00,0.4097453953825402,Medium,Pending,INV_9,2020-01-03 18:15:00,2020-01-03 21:01:00,166,Fraud
774,4094770,C750123004,2020-01-13 13:00:00,0.4797781147648308,Medium,Pending,INV_21,2020-01-03 17:58:00,2020-01-03 18:54:00,56,False Positive
775,4095121,C17727023,2020-01-13 13:00:00,0.4628210643964009,Medium,Pending,INV_13,2020-01-03 17:19:00,2020-01-03 19:18:00,119,False Positive
776,4096879,C155474398,2020-01-13 13:00:00,0.6689402061088421,Medium,Pending,INV_4,2020-01-03 17:59:00,2020-01-03 19:36:00,97,Fraud
777,4097351,C314740639,2020-01-13 13:00:00,0.4406582857407459,Medium,Pending,INV_4,2020-01-03 18:07:00,2020-01-03 20:39:00,152,False Positive
778,4098592,C270232395,2020-01-13 13:00:00,0.4080281604665604,Medium,Pending,INV_24,2020-01-03 17:06:00,2020-01-03 18:18:00,72,False Positive
779,4098606,C167166506,2020-01-13 13:00:00,0.4081421220558608,Medium,Pending,INV_1,2020-01-03 18:07:00,2020-01-03 19:35:00,88,Fraud
780,4098999,C839117858,2020-01-13 13:00:00,0.5417176131755349,Medium,Pending,INV_4,2020-01-03 17:52:00,2020-01-03 19:35:00,103,Fraud
781,4099209,C471161766,2020-01-13 13:00:00,0.5392323085079791,Medium,Pending,INV_15,2020-01-03 18:21:00,2020-01-03 19:21:00,60,False Positive
782,4099394,C1972776275,2020-01-13 13:00:00,0.504395088034201,Medium,Pending,INV_15,2020-01-03 17:28:00,2020-01-03 19:25:00,117,Fraud
783,4099769,C1408116717,2020-01-13 13:00:00,0.7063945884936969,High,Pending,INV_3,2020-01-03 19:17:00,2020-01-03 19:53:00,36,Fraud
784,4100212,C2051168644,2020-01-13 13:00:00,0.4561431349581994,Medium,Pending,INV_18,2020-01-03 18:06:00,2020-01-03 21:01:00,175,Fraud
785,4100257,C170977668,2020-01-13 13:00:00,0.5632025132571101,Medium,Pending,INV_11,2020-01-03 19:37:00,2020-01-03 21:55:00,138,Fraud
786,4101758,C2055519027,2020-01-13 13:00:00,0.402892981820216,Medium,Pending,INV_4,2020-01-03 19:18:00,2020-01-03 21:23:00,125,Fraud
787,4102546,C2009810132,2020-01-13 13:00:00,0.4192213946612436,Medium,Pending,INV_9,2020-01-03 18:55:00,2020-01-03 19:22:00,27,False Positive
788,4102810,C218872536,2020-01-13 13:00:00,0.4408396723737537,Medium,Pending,INV_1,2020-01-03 18:11:00,2020-01-03 19:53:00,102,False Positive
789,4102853,C1026363971,2020-01-13 13:00:00,0.55831499215904,Medium,Pending,INV_11,2020-01-03 18:22:00,2020-01-03 18:56:00,34,False Positive
790,4102868,C828839160,2020-01-13 13:00:00,0.4192288822606984,Medium,Pending,INV_7,2020-01-03 19:00:00,2020-01-03 20:18:00,78,Fraud
791,4103251,C1616413731,2020-01-13 13:00:00,0.5726840065718518,Medium,Pending,INV_7,2020-01-03 19:03:00,2020-01-03 20:37:00,94,Fraud
792,4103252,C1009987242,2020-01-13 13:00:00,0.5603645975902893,Medium,Pending,INV_12,2020-01-03 18:34:00,2020-01-03 21:14:00,160,False Positive
793,4103371,C1867706604,2020-01-13 13:00:00,0.4283004962716383,Medium,Pending,INV_23,2020-01-03 19:09:00,2020-01-03 21:57:00,168,Fraud
794,4103372,C1002061774,2020-01-13 13:00:00,0.498645996198091,Medium,Pending,INV_22,2020-01-03 18:31:00,2020-01-03 20:32:00,121,Fraud
795,4103412,C879520606,2020-01-13 13:00:00,0.5216645875948668,Medium,Pending,INV_19,2020-01-03 18:49:00,2020-01-03 19:58:00,69,Fraud
796,4104931,C1615466611,2020-01-13 14:00:00,0.4663289846372802,Medium,Pending,INV_21,2020-01-03 19:39:00,2020-01-03 20:05:00,26,False Positive
797,4105339,C420748282,2020-01-13 14:00:00,0.8055181932617301,High,Pending,INV_9,2020-01-03 18:24:00,2020-01-03 19:28:00,64,False Positive
798,4105348,C184899407,2020-01-13 14:00:00,0.6546515545331912,Medium,Pending,INV_11,2020-01-03 18:09:00,2020-01-03 19:11:00,62,False Positive
799,4105962,C327674790,2020-01-13 14:00:00,0.5861975328563644,Medium,Pending,INV_25,2020-01-03 18:37:00,2020-01-03 18:52:00,15,Fraud
800,4106071,C2040122898,2020-01-13 14:00:00,0.4876189936018513,Medium,Pending,INV_23,2020-01-03 19:00:00,2020-01-03 20:19:00,79,False Positive
801,4106087,C1248752219,2020-01-13 14:00:00,0.4296100863891499,Medium,Pending,INV_9,2020-01-03 18:32:00,2020-01-03 19:33:00,61,False Positive
802,4106136,C1556481953,2020-01-13 14:00:00,0.4609778087557454,Medium,Pending,INV_17,2020-01-03 18:35:00,2020-01-03 19:32:00,57,Fraud
803,4106137,C1046824526,2020-01-13 14:00:00,0.4244964280508995,Medium,Pending,INV_8,2020-01-03 18:52:00,2020-01-03 20:02:00,70,Fraud
804,4106288,C934183448,2020-01-13 14:00:00,0.4210442237731865,Medium,Pending,INV_8,2020-01-03 19:28:00,2020-01-03 21:32:00,124,Fraud
805,4106482,C1423766399,2020-01-13 14:00:00,0.7415883292531296,High,Pending,INV_5,2020-01-03 18:59:00,2020-01-03 21:26:00,147,False Positive
806,4106690,C1246682805,2020-01-13 14:00:00,0.6019188835267242,Medium,Pending,INV_15,2020-01-03 19:42:00,2020-01-03 21:27:00,105,Fraud
807,4106940,C920913031,2020-01-13 14:00:00,0.5016284810283039,Medium,Pending,INV_10,2020-01-03 20:56:00,2020-01-03 22:32:00,96,False Positive
808,4106956,C821543017,2020-01-13 14:00:00,0.6754284601940649,Medium,Pending,INV_25,2020-01-03 20:38:00,2020-01-03 23:14:00,156,False Positive
809,4106957,C1168069310,2020-01-13 14:00:00,0.5157490696349253,Medium,Pending,INV_25,2020-01-03 19:56:00,2020-01-03 20:12:00,16,Fraud
810,4106981,C152536544,2020-01-13 14:00:00,0.6721093120389965,Medium,Pending,INV_22,2020-01-03 20:18:00,2020-01-03 21:36:00,78,False Positive
811,4106982,C346533775,2020-01-13 14:00:00,0.4105577709603895,Medium,Pending,INV_5,2020-01-03 20:22:00,2020-01-03 20:37:00,15,Fraud
812,4108072,C1513479033,2020-01-13 14:00:00,0.4139197764128586,Medium,Pending,INV_11,2020-01-03 20:17:00,2020-01-03 21:33:00,76,Fraud
813,4108123,C887154101,2020-01-13 14:00:00,0.5264810433969791,Medium,Pending,INV_14,2020-01-03 21:20:00,2020-01-03 21:47:00,27,Fraud
814,4108124,C915073996,2020-01-13 14:00:00,0.4629114070901686,Medium,Pending,INV_15,2020-01-03 21:59:00,2020-01-03 23:09:00,70,Fraud
815,4108484,C399751586,2020-01-13 14:00:00,0.448445314816513,Medium,Pending,INV_12,2020-01-03 21:13:00,2020-01-03 22:10:00,57,Fraud
816,4108989,C1327783656,2020-01-13 14:00:00,0.6163687786276619,Medium,Pending,INV_8,2020-01-03 20:22:00,2020-01-03 22:15:00,113,Fraud
817,4108990,C1028418367,2020-01-13 14:00:00,0.4818092732225332,Medium,Pending,INV_6,2020-01-03 21:53:00,2020-01-03 23:55:00,122,False Positive
818,4109131,C294170877,2020-01-13 14:00:00,0.4493418389424233,Medium,Pending,INV_4,2020-01-03 21:26:00,2020-01-03 23:54:00,148,False Positive
819,4109456,C2103934230,2020-01-13 14:00:00,0.4297463572918164,Medium,Pending,INV_2,2020-01-03 20:41:00,2020-01-03 21:44:00,63,False Positive
820,4110481,C785285280,2020-01-13 14:00:00,0.4081764641539462,Medium,Pending,INV_17,2020-01-03 20:32:00,2020-01-03 22:20:00,108,False Positive
821,4110501,C246913312,2020-01-13 14:00:00,0.4315373357299028,Medium,Pending,INV_23,2020-01-03 20:57:00,2020-01-03 23:12:00,135,False Positive
822,4110502,C1495660404,2020-01-13 14:00:00,0.6158184896266485,Medium,Pending,INV_13,2020-01-03 21:27:00,2020-01-03 22:13:00,46,Fraud
823,4111255,C1701964888,2020-01-13 14:00:00,0.6304312178486193,Medium,Pending,INV_1,2020-01-03 20:53:00,2020-01-03 21:55:00,62,Fraud
824,4111998,C716386562,2020-01-13 14:00:00,0.6009234108705609,Medium,Pending,INV_5,2020-01-03 20:07:00,2020-01-03 22:54:00,167,Fraud
825,4112117,C1917753308,2020-01-13 14:00:00,0.4718063338198462,Medium,Pending,INV_21,2020-01-03 20:09:00,2020-01-03 22:03:00,114,Fraud
826,4112118,C1084869780,2020-01-13 14:00:00,0.6631002787156903,Medium,Pending,INV_23,2020-01-03 20:53:00,2020-01-03 22:03:00,70,Fraud
827,4112655,C319221096,2020-01-13 14:00:00,0.4698363844527052,Medium,Pending,INV_16,2020-01-03 20:53:00,2020-01-03 22:49:00,116,False Positive
828,4112851,C2081714633,2020-01-13 14:00:00,0.4088788466421404,Medium,Pending,INV_5,2020-01-03 20:59:00,2020-01-03 23:13:00,134,Fraud
829,4112973,C1917548743,2020-01-13 14:00:00,0.414976549099634,Medium,Pending,INV_20,2020-01-03 20:54:00,2020-01-03 22:08:00,74,Fraud
830,4113110,C353198664,2020-01-13 14:00:00,0.5251130752185712,Medium,Pending,INV_20,2020-01-03 21:50:00,2020-01-03 23:54:00,124,Fraud
831,4113305,C989453394,2020-01-13 14:00:00,0.455149962229688,Medium,Pending,INV_24,2020-01-03 22:51:00,2020-01-04 00:50:00,119,Fraud
832,4113321,C292807754,2020-01-13 14:00:00,0.4664332035258773,Medium,Pending,INV_2,2020-01-03 22:19:00,2020-01-03 23:23:00,64,Fraud
833,4113357,C1049185843,2020-01-13 14:00:00,0.6621327296527291,Medium,Pending,INV_20,2020-01-03 21:40:00,2020-01-04 00:29:00,169,Fraud
834,4114665,C1204040421,2020-01-13 14:00:00,0.5279708713194768,Medium,Pending,INV_21,2020-01-03 22:04:00,2020-01-04 00:46:00,162,Fraud
835,4114681,C298305428,2020-01-13 14:00:00,0.4491458179274663,Medium,Pending,INV_12,2020-01-03 21:43:00,2020-01-03 23:12:00,89,Fraud
836,4114696,C1390673862,2020-01-13 14:00:00,0.4762439701694548,Medium,Pending,INV_10,2020-01-03 21:41:00,2020-01-04 00:28:00,167,False Positive
837,4115130,C289247,2020-01-13 14:00:00,0.4666144305405442,Medium,Pending,INV_21,2020-01-03 21:30:00,2020-01-03 23:54:00,144,Fraud
838,4115303,C790041561,2020-01-13 14:00:00,0.4261488844225253,Medium,Pending,INV_6,2020-01-03 21:55:00,2020-01-04 00:50:00,175,Fraud
839,4115384,C1809570001,2020-01-13 14:00:00,0.6050923193693993,Medium,Pending,INV_19,2020-01-03 21:55:00,2020-01-03 22:49:00,54,Fraud
840,4115404,C89960341,2020-01-13 14:00:00,0.4594050608466586,Medium,Pending,INV_9,2020-01-03 22:42:00,2020-01-04 01:27:00,165,False Positive
841,4116513,C2009250334,2020-01-13 14:00:00,0.5881646474078269,Medium,Pending,INV_10,2020-01-03 21:31:00,2020-01-03 22:58:00,87,False Positive
842,4116529,C135588317,2020-01-13 14:00:00,0.4184363981720941,Medium,Pending,INV_13,2020-01-03 21:58:00,2020-01-03 22:49:00,51,False Positive
843,4116589,C869767540,2020-01-13 14:00:00,0.4142123525915966,Medium,Pending,INV_25,2020-01-03 21:16:00,2020-01-03 21:54:00,38,False Positive
844,4116741,C1608953387,2020-01-13 14:00:00,0.4557566862336051,Medium,Pending,INV_15,2020-01-03 22:08:00,2020-01-03 23:58:00,110,False Positive
845,4116742,C722336671,2020-01-13 14:00:00,0.4133691334952769,Medium,Pending,INV_8,2020-01-03 21:27:00,2020-01-03 23:15:00,108,False Positive
846,4117170,C1873258188,2020-01-13 14:00:00,0.4329466525549399,Medium,Pending,INV_21,2020-01-03 21:16:00,2020-01-03 22:43:00,87,Fraud
847,4117371,C775676392,2020-01-13 14:00:00,0.4567250035544828,Medium,Pending,INV_23,2020-01-03 22:03:00,2020-01-03 23:17:00,74,Fraud
848,4117828,C497575737,2020-01-13 14:00:00,0.4133649651698241,Medium,Pending,INV_18,2020-01-03 22:15:00,2020-01-03 22:29:00,14,False Positive
849,4118762,C99667708,2020-01-13 14:00:00,0.4792953202430174,Medium,Pending,INV_17,2020-01-03 21:49:00,2020-01-03 23:34:00,105,False Positive
850,4118821,C1199593373,2020-01-13 14:00:00,0.4300789367950467,Medium,Pending,INV_8,2020-01-03 21:34:00,2020-01-04 00:28:00,174,False Positive
851,4119754,C1785577611,2020-01-13 14:00:00,0.4234943131364385,Medium,Pending,INV_1,2020-01-03 23:14:00,2020-01-04 01:10:00,116,False Positive
852,4119757,C1987404745,2020-01-13 14:00:00,0.4165758490048501,Medium,Pending,INV_3,2020-01-03 23:46:00,2020-01-03 23:58:00,12,Fraud
853,4119758,C1914215444,2020-01-13 14:00:00,0.4098196628889541,Medium,Pending,INV_16,2020-01-03 22:15:00,2020-01-03 22:28:00,13,Fraud
854,4119973,C1672982474,2020-01-13 14:00:00,0.5228119330136073,Medium,Pending,INV_3,2020-01-03 23:22:00,2020-01-04 01:44:00,142,False Positive
855,4121043,C1943603540,2020-01-13 14:00:00,0.4409621442405516,Medium,Pending,INV_12,2020-01-03 22:05:00,2020-01-03 22:19:00,14,Fraud
856,4121356,C273591745,2020-01-13 14:00:00,0.4320663862536882,Medium,Pending,INV_1,2020-01-03 23:55:00,2020-01-04 00:30:00,35,False Positive
857,4121694,C1636654176,2020-01-13 14:00:00,0.4487049653206416,Medium,Pending,INV_6,2020-01-04 00:27:00,2020-01-04 01:09:00,42,Fraud
858,4122260,C1335021824,2020-01-13 14:00:00,0.6549353994069473,Medium,Pending,INV_14,2020-01-04 00:14:00,2020-01-04 01:12:00,58,False Positive
859,4122397,C1789698236,2020-01-13 14:00:00,0.4620992528426849,Medium,Pending,INV_22,2020-01-04 00:53:00,2020-01-04 01:04:00,11,Fraud
860,4122467,C775035931,2020-01-13 14:00:00,0.4429172876435989,Medium,Pending,INV_9,2020-01-04 00:28:00,2020-01-04 02:09:00,101,Fraud
861,4123098,C1697526737,2020-01-13 14:00:00,0.4156584316104482,Medium,Pending,INV_1,2020-01-03 23:48:00,2020-01-04 02:45:00,177,Fraud
862,4123444,C523002749,2020-01-13 14:00:00,0.543242227144094,Medium,Pending,INV_16,2020-01-04 00:34:00,2020-01-04 02:06:00,92,False Positive
863,4123445,C704651209,2020-01-13 14:00:00,0.4506682222269421,Medium,Pending,INV_15,2020-01-03 23:59:00,2020-01-04 01:18:00,79,Fraud
864,4123470,C268683253,2020-01-13 14:00:00,0.5643764393699644,Medium,Pending,INV_9,2020-01-04 00:23:00,2020-01-04 02:11:00,108,Fraud
865,4124240,C1593102274,2020-01-13 14:00:00,0.5720874800446136,Medium,Pending,INV_2,2020-01-03 23:31:00,2020-01-03 23:47:00,16,False Positive
866,4124256,C649761430,2020-01-13 14:00:00,0.402087794519572,Medium,Pending,INV_6,2020-01-03 23:51:00,2020-01-04 01:31:00,100,Fraud
867,4125758,C1406609941,2020-01-13 14:00:00,0.4083144986575522,Medium,Pending,INV_4,2020-01-03 23:45:00,2020-01-04 01:36:00,111,Fraud
868,4125774,C1370651229,2020-01-13 14:00:00,0.4369278444328893,Medium,Pending,INV_24,2020-01-03 23:44:00,2020-01-04 00:51:00,67,Fraud
869,4125820,C1582087161,2020-01-13 14:00:00,0.4478534198713738,Medium,Pending,INV_22,2020-01-04 00:42:00,2020-01-04 03:12:00,150,Fraud
870,4125836,C957568978,2020-01-13 14:00:00,0.4013738393230531,Medium,Pending,INV_7,2020-01-04 00:53:00,2020-01-04 01:20:00,27,False Positive
871,4125903,C353245429,2020-01-13 14:00:00,0.5292773797732112,Medium,Pending,INV_5,2020-01-04 00:33:00,2020-01-04 02:28:00,115,Fraud
872,4126198,C1929774487,2020-01-13 14:00:00,0.4816378220740505,Medium,Pending,INV_15,2020-01-04 00:40:00,2020-01-04 02:42:00,122,False Positive
873,4126650,C1982215592,2020-01-13 14:00:00,0.4971252126911148,Medium,Pending,INV_18,2020-01-03 23:18:00,2020-01-04 00:05:00,47,False Positive
874,4126660,C1211694311,2020-01-13 14:00:00,0.4055311140830246,Medium,Pending,INV_2,2020-01-03 23:11:00,2020-01-04 01:54:00,163,Fraud
875,4126676,C390011186,2020-01-13 14:00:00,0.4017516802424351,Medium,Pending,INV_2,2020-01-03 23:40:00,2020-01-04 01:12:00,92,False Positive
876,4127175,C1549540274,2020-01-13 14:00:00,0.443831214711896,Medium,Pending,INV_21,2020-01-04 00:29:00,2020-01-04 02:08:00,99,Fraud
877,4127210,C824952778,2020-01-13 14:00:00,0.4675803935666122,Medium,Pending,INV_24,2020-01-04 00:23:00,2020-01-04 01:37:00,74,False Positive
878,4127336,C1090195949,2020-01-13 14:00:00,0.5858125977800799,Medium,Pending,INV_20,2020-01-04 01:43:00,2020-01-04 03:46:00,123,Fraud
879,4127337,C1668670533,2020-01-13 14:00:00,0.4302244279285148,Medium,Pending,INV_9,2020-01-04 00:11:00,2020-01-04 02:49:00,158,Fraud
880,4128071,C317810192,2020-01-13 14:00:00,0.4083842086362967,Medium,Pending,INV_17,2020-01-04 00:13:00,2020-01-04 02:50:00,157,Fraud
881,4128085,C1483915667,2020-01-13 14:00:00,0.4296538741372975,Medium,Pending,INV_17,2020-01-04 01:02:00,2020-01-04 02:04:00,62,Fraud
882,4128397,C277288428,2020-01-13 14:00:00,0.5990012693924407,Medium,Pending,INV_16,2020-01-04 00:18:00,2020-01-04 00:52:00,34,Fraud
883,4128518,C269790788,2020-01-13 14:00:00,0.4484311262755467,Medium,Pending,INV_7,2020-01-04 00:58:00,2020-01-04 02:45:00,107,Fraud
884,4128684,C1248276989,2020-01-13 14:00:00,0.5720859027912724,Medium,Pending,INV_17,2020-01-04 00:33:00,2020-01-04 03:01:00,148,Fraud
885,4128890,C2001829093,2020-01-13 14:00:00,0.6047784957027202,Medium,Pending,INV_6,2020-01-04 01:49:00,2020-01-04 04:33:00,164,Fraud
886,4128912,C191489387,2020-01-13 14:00:00,0.4410235046959438,Medium,Pending,INV_15,2020-01-04 00:20:00,2020-01-04 00:49:00,29,False Positive
887,4129148,C178545406,2020-01-13 14:00:00,0.5566717285317558,Medium,Pending,INV_15,2020-01-04 00:27:00,2020-01-04 03:08:00,161,False Positive
888,4129183,C1531011793,2020-01-13 14:00:00,0.4375314264996897,Medium,Pending,INV_19,2020-01-04 00:14:00,2020-01-04 01:51:00,97,Fraud
889,4129283,C501698855,2020-01-13 14:00:00,0.4071296652661553,Medium,Pending,INV_12,2020-01-04 01:25:00,2020-01-04 03:17:00,112,False Positive
890,4129548,C551487119,2020-01-13 14:00:00,0.4933894706610836,Medium,Pending,INV_22,2020-01-04 00:29:00,2020-01-04 03:11:00,162,Fraud
891,4129549,C903793852,2020-01-13 14:00:00,0.4753240072108271,Medium,Pending,INV_15,2020-01-04 02:51:00,2020-01-04 04:51:00,120,False Positive
892,4129635,C1316170232,2020-01-13 14:00:00,0.556807655664371,Medium,Pending,INV_12,2020-01-04 01:14:00,2020-01-04 02:26:00,72,False Positive
893,4129998,C1852022720,2020-01-13 14:00:00,0.6602743049692583,Medium,Pending,INV_9,2020-01-04 02:08:00,2020-01-04 04:09:00,121,Fraud
894,4129999,C2063928599,2020-01-13 14:00:00,0.4361328451438897,Medium,Pending,INV_12,2020-01-04 01:35:00,2020-01-04 02:54:00,79,False Positive
895,4130040,C704504838,2020-01-13 14:00:00,0.5092778181589921,Medium,Pending,INV_19,2020-01-04 01:23:00,2020-01-04 02:46:00,83,Fraud
896,4130341,C550982909,2020-01-13 14:00:00,0.4136630856628636,Medium,Pending,INV_14,2020-01-04 02:39:00,2020-01-04 03:03:00,24,False Positive
897,4130505,C614853019,2020-01-13 14:00:00,0.5293566191486427,Medium,Pending,INV_17,2020-01-04 01:52:00,2020-01-04 02:37:00,45,Fraud
898,4130506,C1892950249,2020-01-13 14:00:00,0.4684793366524475,Medium,Pending,INV_5,2020-01-04 02:16:00,2020-01-04 04:21:00,125,Fraud
899,4130519,C2087679280,2020-01-13 14:00:00,0.4061293011559073,Medium,Pending,INV_4,2020-01-04 02:24:00,2020-01-04 04:58:00,154,Fraud
900,4130534,C455998286,2020-01-13 14:00:00,0.4149419773419527,Medium,Pending,INV_15,2020-01-04 02:08:00,2020-01-04 04:45:00,157,Fraud
901,4130895,C1817793010,2020-01-13 14:00:00,0.441771359405537,Medium,Pending,INV_21,2020-01-04 03:03:00,2020-01-04 04:47:00,104,Fraud
902,4130910,C2085942463,2020-01-13 14:00:00,0.533776731554864,Medium,Pending,INV_13,2020-01-04 03:18:00,2020-01-04 04:20:00,62,False Positive
903,4131305,C1601296511,2020-01-13 14:00:00,0.4664181528338527,Medium,Pending,INV_7,2020-01-04 03:38:00,2020-01-04 05:39:00,121,Fraud
904,4131404,C2027396203,2020-01-13 14:00:00,0.5717927808207877,Medium,Pending,INV_17,2020-01-04 03:31:00,2020-01-04 06:10:00,159,False Positive
905,4132329,C2095672000,2020-01-13 14:00:00,0.4904426480362412,Medium,Pending,INV_5,2020-01-04 03:45:00,2020-01-04 04:59:00,74,False Positive
906,4133175,C1286726984,2020-01-13 14:00:00,0.5355844334215838,Medium,Pending,INV_11,2020-01-04 02:43:00,2020-01-04 04:04:00,81,False Positive
907,4133269,C1944832737,2020-01-13 14:00:00,0.6559593906662383,Medium,Pending,INV_9,2020-01-04 03:57:00,2020-01-04 05:41:00,104,Fraud
908,4133584,C1800693711,2020-01-13 14:00:00,0.5319944676875787,Medium,Pending,INV_7,2020-01-04 03:19:00,2020-01-04 04:37:00,78,Fraud
909,4133743,C1442673049,2020-01-13 15:00:00,0.5767622579863381,Medium,Pending,INV_8,2020-01-04 03:09:00,2020-01-04 04:46:00,97,Fraud
910,4133761,C1124706287,2020-01-13 15:00:00,0.4942331573301054,Medium,Pending,INV_18,2020-01-04 02:14:00,2020-01-04 04:14:00,120,False Positive
911,4134358,C732396843,2020-01-13 15:00:00,0.4340051462121397,Medium,Pending,INV_20,2020-01-04 03:55:00,2020-01-04 04:12:00,17,Fraud
912,4134681,C1543062100,2020-01-13 15:00:00,0.5590137458287452,Medium,Pending,INV_23,2020-01-04 03:25:00,2020-01-04 04:30:00,65,Fraud
913,4134689,C1387351988,2020-01-13 15:00:00,0.536494622331314,Medium,Pending,INV_11,2020-01-04 02:56:00,2020-01-04 05:09:00,133,Fraud
914,4134965,C2010230209,2020-01-13 15:00:00,0.4373357953684318,Medium,Pending,INV_17,2020-01-04 03:02:00,2020-01-04 04:43:00,101,False Positive
915,4135120,C957644788,2020-01-13 15:00:00,0.4049958614629037,Medium,Pending,INV_25,2020-01-04 03:48:00,2020-01-04 06:07:00,139,Fraud
916,4135256,C1445162342,2020-01-13 15:00:00,0.4827207770905697,Medium,Pending,INV_24,2020-01-04 03:26:00,2020-01-04 04:00:00,34,False Positive
917,4135268,C536450640,2020-01-13 15:00:00,0.4914591750936424,Medium,Pending,INV_7,2020-01-04 02:36:00,2020-01-04 05:12:00,156,Fraud
918,4135307,C262962433,2020-01-13 15:00:00,0.4650041310537696,Medium,Pending,INV_3,2020-01-04 03:53:00,2020-01-04 06:12:00,139,False Positive
919,4135375,C1142149401,2020-01-13 15:00:00,0.4381580896966254,Medium,Pending,INV_21,2020-01-04 02:05:00,2020-01-04 02:37:00,32,False Positive
920,4135376,C348672042,2020-01-13 15:00:00,0.4933685987457098,Medium,Pending,INV_14,2020-01-04 02:54:00,2020-01-04 05:53:00,179,False Positive
921,4135454,C1505854552,2020-01-13 15:00:00,0.5680117510239489,Medium,Pending,INV_20,2020-01-04 04:06:00,2020-01-04 05:37:00,91,Fraud
922,4135716,C1494635217,2020-01-13 15:00:00,0.5289656889952559,Medium,Pending,INV_7,2020-01-04 04:08:00,2020-01-04 05:51:00,103,False Positive
923,4135909,C270279023,2020-01-13 15:00:00,0.4562989004244262,Medium,Pending,INV_5,2020-01-04 04:07:00,2020-01-04 05:30:00,83,Fraud
924,4135957,C2131578580,2020-01-13 15:00:00,0.4708260352040366,Medium,Pending,INV_19,2020-01-04 03:26:00,2020-01-04 05:39:00,133,False Positive
925,4135958,C1609807743,2020-01-13 15:00:00,0.4225117822111832,Medium,Pending,INV_2,2020-01-04 03:24:00,2020-01-04 05:22:00,118,False Positive
926,4136061,C394979337,2020-01-13 15:00:00,0.5648218394336619,Medium,Pending,INV_1,2020-01-04 03:46:00,2020-01-04 04:19:00,33,False Positive
927,4136339,C2017926143,2020-01-13 15:00:00,0.4914549227186838,Medium,Pending,INV_23,2020-01-04 04:26:00,2020-01-04 06:09:00,103,Fraud
928,4136387,C1351257727,2020-01-13 15:00:00,0.4006970218929159,Medium,Pending,INV_20,2020-01-04 04:23:00,2020-01-04 05:03:00,40,Fraud
929,4136409,C607666845,2020-01-13 15:00:00,0.5553323236314384,Medium,Pending,INV_14,2020-01-04 04:33:00,2020-01-04 06:53:00,140,Fraud
930,4136869,C68612687,2020-01-13 15:00:00,0.5419845996871265,Medium,Pending,INV_21,2020-01-04 04:50:00,2020-01-04 07:42:00,172,Fraud
931,4136881,C606958382,2020-01-13 15:00:00,0.4131657943428418,Medium,Pending,INV_4,2020-01-04 05:45:00,2020-01-04 07:25:00,100,False Positive
932,4136961,C1289440255,2020-01-13 15:00:00,0.5256624224865167,Medium,Pending,INV_9,2020-01-04 04:13:00,2020-01-04 04:58:00,45,False Positive
933,4137032,C1854664982,2020-01-13 15:00:00,0.4639093071869277,Medium,Pending,INV_23,2020-01-04 05:26:00,2020-01-04 06:32:00,66,False Positive
934,4137073,C1862746949,2020-01-13 15:00:00,0.405395730470548,Medium,Pending,INV_18,2020-01-04 06:16:00,2020-01-04 07:57:00,101,Fraud
935,4137112,C2041438689,2020-01-13 15:00:00,0.5486510725719062,Medium,Pending,INV_2,2020-01-04 05:09:00,2020-01-04 05:23:00,14,False Positive
936,4137438,C1252136573,2020-01-13 15:00:00,0.4483243316103338,Medium,Pending,INV_5,2020-01-04 06:44:00,2020-01-04 08:43:00,119,Fraud
937,4137483,C540308877,2020-01-13 15:00:00,0.4004947347979903,Medium,Pending,INV_6,2020-01-04 05:53:00,2020-01-04 07:08:00,75,Fraud
938,4137706,C1475793899,2020-01-13 15:00:00,0.6371678205053515,Medium,Pending,INV_6,2020-01-04 06:07:00,2020-01-04 08:40:00,153,Fraud
939,4137721,C1064306813,2020-01-13 15:00:00,0.4176832737099191,Medium,Pending,INV_22,2020-01-04 06:57:00,2020-01-04 07:54:00,57,Fraud
940,4137921,C885938333,2020-01-13 15:00:00,0.4939166229532794,Medium,Pending,INV_22,2020-01-04 05:39:00,2020-01-04 07:25:00,106,Fraud
941,4137922,C1489901184,2020-01-13 15:00:00,0.417985623180352,Medium,Pending,INV_24,2020-01-04 05:43:00,2020-01-04 06:41:00,58,False Positive
942,4138081,C1942982352,2020-01-13 15:00:00,0.6840780862447674,Medium,Pending,INV_2,2020-01-04 05:05:00,2020-01-04 07:41:00,156,False Positive
943,4138131,C1410519387,2020-01-13 15:00:00,0.4041959143839341,Medium,Pending,INV_24,2020-01-04 07:18:00,2020-01-04 08:33:00,75,Fraud
944,4138161,C1707638805,2020-01-13 15:00:00,0.5079943382855219,Medium,Pending,INV_14,2020-01-04 06:54:00,2020-01-04 08:34:00,100,Fraud
945,4138162,C510533023,2020-01-13 15:00:00,0.4082853976897845,Medium,Pending,INV_6,2020-01-04 06:25:00,2020-01-04 07:27:00,62,False Positive
946,4138332,C2091551359,2020-01-13 15:00:00,0.4766102136957023,Medium,Pending,INV_14,2020-01-04 07:22:00,2020-01-04 07:42:00,20,Fraud
947,4138364,C1669981836,2020-01-13 15:00:00,0.5136274331713226,Medium,Pending,INV_13,2020-01-04 07:29:00,2020-01-04 08:46:00,77,Fraud
948,4138365,C563976130,2020-01-13 15:00:00,0.4230250554311792,Medium,Pending,INV_21,2020-01-04 06:38:00,2020-01-04 07:32:00,54,False Positive
949,4138808,C318209348,2020-01-13 15:00:00,0.5826786122010037,Medium,Pending,INV_9,2020-01-04 06:48:00,2020-01-04 08:39:00,111,Fraud
950,4138816,C208486812,2020-01-13 15:00:00,0.73757082140095,High,Pending,INV_17,2020-01-04 07:58:00,2020-01-04 10:30:00,152,False Positive
951,4138817,C1674763447,2020-01-13 15:00:00,0.4021494083350065,Medium,Pending,INV_1,2020-01-04 06:15:00,2020-01-04 08:34:00,139,Fraud
952,4138849,C1875763228,2020-01-13 15:00:00,0.5888672753054344,Medium,Pending,INV_9,2020-01-04 06:48:00,2020-01-04 08:43:00,115,Fraud
953,4139113,C1743697738,2020-01-13 15:00:00,0.5042470753398345,Medium,Pending,INV_25,2020-01-04 07:54:00,2020-01-04 08:34:00,40,False Positive
954,4139202,C1777794197,2020-01-13 15:00:00,0.5702745281125836,Medium,Pending,INV_4,2020-01-04 07:57:00,2020-01-04 08:55:00,58,Fraud
955,4139497,C1994343691,2020-01-13 15:00:00,0.5264289545107355,Medium,Pending,INV_3,2020-01-04 08:06:00,2020-01-04 09:10:00,64,Fraud
956,4139599,C1134801310,2020-01-13 15:00:00,0.437473153841417,Medium,Pending,INV_24,2020-01-04 08:36:00,2020-01-04 11:03:00,147,False Positive
957,4139668,C791448825,2020-01-13 15:00:00,0.5476366310023361,Medium,Pending,INV_5,2020-01-04 07:47:00,2020-01-04 10:38:00,171,Fraud
958,4139672,C1269201229,2020-01-13 15:00:00,0.6198612435273637,Medium,Pending,INV_10,2020-01-04 08:04:00,2020-01-04 10:58:00,174,False Positive
959,4139957,C2080983471,2020-01-13 15:00:00,0.5947002829254782,Medium,Pending,INV_11,2020-01-04 07:24:00,2020-01-04 09:33:00,129,Fraud
960,4139958,C1422839202,2020-01-13 15:00:00,0.4925685958608971,Medium,Pending,INV_5,2020-01-04 07:19:00,2020-01-04 09:15:00,116,Fraud
961,4140067,C948631322,2020-01-13 15:00:00,0.4135111907142455,Medium,Pending,INV_10,2020-01-04 08:10:00,2020-01-04 09:17:00,67,False Positive
962,4140309,C2018812924,2020-01-13 15:00:00,0.4833775085060739,Medium,Pending,INV_23,2020-01-04 07:52:00,2020-01-04 09:48:00,116,Fraud
963,4140325,C797986788,2020-01-13 15:00:00,0.4011915221635782,Medium,Pending,INV_15,2020-01-04 08:05:00,2020-01-04 08:22:00,17,Fraud
964,4140341,C1692196711,2020-01-13 15:00:00,0.6664211440551693,Medium,Pending,INV_21,2020-01-04 09:29:00,2020-01-04 11:39:00,130,Fraud
965,4140592,C396524829,2020-01-13 15:00:00,0.5737505642112446,Medium,Pending,INV_17,2020-01-04 08:24:00,2020-01-04 10:16:00,112,False Positive
966,4140601,C1123123587,2020-01-13 15:00:00,0.4344538987153201,Medium,Pending,INV_22,2020-01-04 08:36:00,2020-01-04 11:09:00,153,Fraud
967,4140778,C342059697,2020-01-13 15:00:00,0.416509597928296,Medium,Pending,INV_12,2020-01-04 08:35:00,2020-01-04 11:30:00,175,False Positive
968,4140954,C936356826,2020-01-13 15:00:00,0.4409067651568916,Medium,Pending,INV_6,2020-01-04 09:15:00,2020-01-04 11:00:00,105,False Positive
969,4140963,C779616110,2020-01-13 15:00:00,0.5798534228409067,Medium,Pending,INV_14,2020-01-04 09:36:00,2020-01-04 11:53:00,137,Fraud
970,4141298,C1501493746,2020-01-13 15:00:00,0.522561710062395,Medium,Pending,INV_16,2020-01-04 08:34:00,2020-01-04 10:07:00,93,Fraud
971,4141312,C1061980637,2020-01-13 15:00:00,0.4032046688878778,Medium,Pending,INV_17,2020-01-04 09:50:00,2020-01-04 10:38:00,48,False Positive
972,4141414,C868151592,2020-01-13 15:00:00,0.4723974134090576,Medium,Pending,INV_6,2020-01-04 09:33:00,2020-01-04 10:26:00,53,Fraud
973,4141435,C1514972591,2020-01-13 15:00:00,0.5042368322038294,Medium,Pending,INV_13,2020-01-04 10:44:00,2020-01-04 11:13:00,29,False Positive
974,4141436,C1249424884,2020-01-13 15:00:00,0.4111108306420082,Medium,Pending,INV_17,2020-01-04 09:34:00,2020-01-04 11:39:00,125,Fraud
975,4141449,C153873766,2020-01-13 15:00:00,0.4073867393879059,Medium,Pending,INV_18,2020-01-04 10:39:00,2020-01-04 11:33:00,54,Fraud
976,4141500,C89434455,2020-01-13 15:00:00,0.4390087134786983,Medium,Pending,INV_21,2020-01-04 09:21:00,2020-01-04 11:41:00,140,False Positive
977,4141594,C1688881557,2020-01-13 15:00:00,0.4855696423635671,Medium,Pending,INV_24,2020-01-04 09:55:00,2020-01-04 10:18:00,23,False Positive
978,4141728,C163998907,2020-01-13 15:00:00,0.4600653807217448,Medium,Pending,INV_3,2020-01-04 10:32:00,2020-01-04 11:39:00,67,Fraud
979,4141863,C1526647387,2020-01-13 15:00:00,0.5182680474876515,Medium,Pending,INV_22,2020-01-04 10:38:00,2020-01-04 13:14:00,156,Fraud
980,4141991,C1916838724,2020-01-13 15:00:00,0.4605512883312499,Medium,Pending,INV_24,2020-01-04 10:07:00,2020-01-04 11:02:00,55,False Positive
981,4142017,C1483754162,2020-01-13 15:00:00,0.6872481654076242,Medium,Pending,INV_25,2020-01-04 10:30:00,2020-01-04 12:45:00,135,Fraud
982,4142031,C49701820,2020-01-13 15:00:00,0.4173895937567232,Medium,Pending,INV_9,2020-01-04 10:48:00,2020-01-04 12:30:00,102,False Positive
983,4142039,C1585432592,2020-01-13 15:00:00,0.674988153151826,Medium,Pending,INV_24,2020-01-04 11:21:00,2020-01-04 11:36:00,15,Fraud
984,4142049,C1690306594,2020-01-13 15:00:00,0.4591576406057283,Medium,Pending,INV_18,2020-01-04 10:45:00,2020-01-04 11:57:00,72,False Positive
985,4142247,C1396424045,2020-01-13 15:00:00,0.4038201070082742,Medium,Pending,INV_15,2020-01-04 11:25:00,2020-01-04 13:52:00,147,False Positive
986,4142337,C1092148827,2020-01-13 15:00:00,0.6807587666589949,Medium,Pending,INV_2,2020-01-04 11:38:00,2020-01-04 12:30:00,52,Fraud
987,4142368,C1585518402,2020-01-13 15:00:00,0.4695992661824341,Medium,Pending,INV_8,2020-01-04 10:14:00,2020-01-04 11:01:00,47,False Positive
988,4142563,C49114364,2020-01-13 15:00:00,0.5202447985799908,Medium,Pending,INV_3,2020-01-04 10:21:00,2020-01-04 12:04:00,103,False Positive
989,4142740,C535114352,2020-01-13 15:00:00,0.5104451844729286,Medium,Pending,INV_2,2020-01-04 11:18:00,2020-01-04 13:29:00,131,False Positive
990,4142840,C1358294265,2020-01-13 15:00:00,0.4217845745277453,Medium,Pending,INV_9,2020-01-04 11:16:00,2020-01-04 12:23:00,67,False Positive
991,4142855,C1767466286,2020-01-13 15:00:00,0.4269595932456676,Medium,Pending,INV_10,2020-01-04 10:55:00,2020-01-04 12:31:00,96,Fraud
992,4142873,C880658764,2020-01-13 15:00:00,0.4111738010619007,Medium,Pending,INV_25,2020-01-04 10:17:00,2020-01-04 12:30:00,133,False Positive
993,4142904,C530613895,2020-01-13 15:00:00,0.5613755783646621,Medium,Pending,INV_23,2020-01-04 12:05:00,2020-01-04 12:33:00,28,Fraud
994,4142991,C2128403900,2020-01-13 15:00:00,0.4552364829425436,Medium,Pending,INV_14,2020-01-04 11:15:00,2020-01-04 12:35:00,80,Fraud
995,4143069,C240100497,2020-01-13 15:00:00,0.6435628399880399,Medium,Pending,INV_14,2020-01-04 11:38:00,2020-01-04 12:44:00,66,Fraud
996,4143201,C1987293082,2020-01-13 15:00:00,0.4024544831295996,Medium,Pending,INV_6,2020-01-04 12:06:00,2020-01-04 12:18:00,12,Fraud
997,4143418,C915403211,2020-01-13 15:00:00,0.7674497447321529,High,Pending,INV_2,2020-01-04 12:24:00,2020-01-04 14:20:00,116,False Positive
998,4143419,C84555792,2020-01-13 15:00:00,0.4524240189805272,Medium,Pending,INV_14,2020-01-04 12:30:00,2020-01-04 14:26:00,116,Fraud
999,4143439,C1981402616,2020-01-13 15:00:00,0.5087135989745928,Medium,Pending,INV_21,2020-01-04 12:01:00,2020-01-04 12:24:00,23,Fraud
1000,4143541,C1546743957,2020-01-13 15:00:00,0.4619720710233027,Medium,Pending,INV_18,2020-01-04 11:30:00,2020-01-04 13:34:00,124,False Positive
1001,4143697,C2105773658,2020-01-13 15:00:00,0.5538496896651666,Medium,Pending,INV_20,2020-01-04 11:36:00,2020-01-04 11:59:00,23,Fraud
1002,4143802,C372535854,2020-01-13 15:00:00,0.7792702702234582,High,Pending,INV_14,2020-01-04 11:19:00,2020-01-04 13:40:00,141,False Positive
1003,4143805,C376869267,2020-01-13 15:00:00,0.5634950261336978,Medium,Pending,INV_1,2020-01-04 12:04:00,2020-01-04 14:45:00,161,Fraud
1004,4143839,C1159674484,2020-01-13 15:00:00,0.5417382527811032,Medium,Pending,INV_22,2020-01-04 12:06:00,2020-01-04 13:00:00,54,Fraud
1005,4143862,C2066736252,2020-01-13 15:00:00,0.5265908043282692,Medium,Pending,INV_14,2020-01-04 13:59:00,2020-01-04 15:31:00,92,False Positive
1006,4143863,C1245720317,2020-01-13 15:00:00,0.4923779162299027,Medium,Pending,INV_19,2020-01-04 12:35:00,2020-01-04 15:27:00,172,False Positive
1007,4143876,C1455658129,2020-01-13 15:00:00,0.4706034206982392,Medium,Pending,INV_4,2020-01-04 12:58:00,2020-01-04 13:18:00,20,Fraud
1008,4143949,C1951414046,2020-01-13 15:00:00,0.4953576134181686,Medium,Pending,INV_2,2020-01-04 13:40:00,2020-01-04 14:12:00,32,False Positive
1009,4144133,C1877505748,2020-01-13 15:00:00,0.4560768298173686,Medium,Pending,INV_14,2020-01-04 12:39:00,2020-01-04 15:24:00,165,Fraud
1010,4144155,C1621466416,2020-01-13 15:00:00,0.4735950167977772,Medium,Pending,INV_11,2020-01-04 13:58:00,2020-01-04 14:10:00,12,Fraud
1011,4144209,C1046800462,2020-01-13 15:00:00,0.5945706701066471,Medium,Pending,INV_14,2020-01-04 12:57:00,2020-01-04 14:23:00,86,Fraud
1012,4144345,C1832670361,2020-01-13 15:00:00,0.5222335472471216,Medium,Pending,INV_22,2020-01-04 12:59:00,2020-01-04 14:35:00,96,Fraud
1013,4144350,C1429481510,2020-01-13 15:00:00,0.4375050108757767,Medium,Pending,INV_20,2020-01-04 12:05:00,2020-01-04 13:35:00,90,Fraud
1014,4144481,C942104733,2020-01-13 15:00:00,0.502758419188602,Medium,Pending,INV_7,2020-01-04 12:32:00,2020-01-04 14:04:00,92,False Positive
1015,4144544,C1014851573,2020-01-13 15:00:00,0.4571199663425884,Medium,Pending,INV_17,2020-01-04 13:10:00,2020-01-04 15:16:00,126,False Positive
1016,4144545,C979935450,2020-01-13 15:00:00,0.4210438305577952,Medium,Pending,INV_22,2020-01-04 12:44:00,2020-01-04 14:02:00,78,Fraud
1017,4144559,C254091437,2020-01-13 15:00:00,0.4042352110110939,Medium,Pending,INV_12,2020-01-04 12:41:00,2020-01-04 13:20:00,39,Fraud
1018,4145175,C807259089,2020-01-13 15:00:00,0.5349939721641432,Medium,Pending,INV_1,2020-01-04 13:00:00,2020-01-04 13:10:00,10,Fraud
1019,4145378,C184251603,2020-01-13 15:00:00,0.575113753683058,Medium,Pending,INV_15,2020-01-04 12:42:00,2020-01-04 13:36:00,54,Fraud
1020,4145403,C590294897,2020-01-13 15:00:00,0.5802761492252719,Medium,Pending,INV_18,2020-01-04 12:46:00,2020-01-04 14:29:00,103,Fraud
1021,4145468,C688334226,2020-01-13 15:00:00,0.4584110358864451,Medium,Pending,INV_18,2020-01-04 13:29:00,2020-01-04 15:00:00,91,False Positive
1022,4145551,C313716887,2020-01-13 15:00:00,0.5622758590491663,Medium,Pending,INV_2,2020-01-04 13:46:00,2020-01-04 14:11:00,25,False Positive
1023,4145781,C732579326,2020-01-13 15:00:00,0.435894905308628,Medium,Pending,INV_1,2020-01-04 14:29:00,2020-01-04 17:02:00,153,Fraud
1024,4145923,C1930944406,2020-01-13 15:00:00,0.4652675057839343,Medium,Pending,INV_19,2020-01-04 13:39:00,2020-01-04 15:37:00,118,Fraud
1025,4145949,C1182452240,2020-01-13 15:00:00,0.5318620975149109,Medium,Pending,INV_8,2020-01-04 13:29:00,2020-01-04 14:34:00,65,Fraud
1026,4145989,C1916107536,2020-01-13 15:00:00,0.5412911418934983,Medium,Pending,INV_23,2020-01-04 14:10:00,2020-01-04 16:57:00,167,Fraud
1027,4146101,C215080152,2020-01-13 15:00:00,0.4698339069610071,Medium,Pending,INV_14,2020-01-04 13:11:00,2020-01-04 15:48:00,157,Fraud
1028,4146249,C589903611,2020-01-13 15:00:00,0.4497882856874907,Medium,Pending,INV_14,2020-01-04 13:29:00,2020-01-04 14:43:00,74,Fraud
1029,4146398,C2044643633,2020-01-13 15:00:00,0.8389199834104577,High,Pending,INV_11,2020-01-04 14:39:00,2020-01-04 14:50:00,11,Fraud
1030,4146620,C830945111,2020-01-13 15:00:00,0.5386714106420294,Medium,Pending,INV_11,2020-01-04 13:31:00,2020-01-04 15:11:00,100,Fraud
1031,4146621,C2006898164,2020-01-13 15:00:00,0.499632186684267,Medium,Pending,INV_2,2020-01-04 13:57:00,2020-01-04 14:30:00,33,False Positive
1032,4146649,C1047232372,2020-01-13 15:00:00,0.5734645842528767,Medium,Pending,INV_23,2020-01-04 14:57:00,2020-01-04 16:52:00,115,Fraud
1033,4146716,C1741076564,2020-01-13 15:00:00,0.5943550710843861,Medium,Pending,INV_25,2020-01-04 14:51:00,2020-01-04 16:05:00,74,Fraud
1034,4146879,C412435452,2020-01-13 15:00:00,0.4179222668899349,Medium,Pending,INV_5,2020-01-04 13:29:00,2020-01-04 16:08:00,159,False Positive
1035,4147081,C2054597055,2020-01-13 15:00:00,0.5994950523649321,Medium,Pending,INV_15,2020-01-04 14:27:00,2020-01-04 17:19:00,172,False Positive
1036,4147294,C5601306,2020-01-13 15:00:00,0.5805770058704709,Medium,Pending,INV_20,2020-01-04 14:34:00,2020-01-04 15:14:00,40,Fraud
1037,4147317,C125759232,2020-01-13 15:00:00,0.5275541497801293,Medium,Pending,INV_18,2020-01-04 14:54:00,2020-01-04 15:37:00,43,Fraud
1038,4147672,C1451713075,2020-01-13 15:00:00,0.4304086635368929,Medium,Pending,INV_15,2020-01-04 14:37:00,2020-01-04 15:54:00,77,Fraud
1039,4147836,C1326958551,2020-01-13 15:00:00,0.5740355205829265,Medium,Pending,INV_23,2020-01-04 15:03:00,2020-01-04 17:58:00,175,False Positive
1040,4148123,C841101923,2020-01-13 15:00:00,0.5838376744237534,Medium,Pending,INV_15,2020-01-04 14:24:00,2020-01-04 16:53:00,149,False Positive
1041,4148474,C436050676,2020-01-13 15:00:00,0.5655394956858126,Medium,Pending,INV_1,2020-01-04 14:10:00,2020-01-04 15:03:00,53,Fraud
1042,4148568,C484679999,2020-01-13 15:00:00,0.5452844009331721,Medium,Pending,INV_22,2020-01-04 15:26:00,2020-01-04 18:17:00,171,Fraud
1043,4148647,C1695957634,2020-01-13 15:00:00,0.515084092584287,Medium,Pending,INV_2,2020-01-04 15:54:00,2020-01-04 18:00:00,126,Fraud
1044,4148722,C575970576,2020-01-13 15:00:00,0.4032012231610153,Medium,Pending,INV_19,2020-01-04 15:56:00,2020-01-04 17:10:00,74,False Positive
1045,4148723,C667907183,2020-01-13 15:00:00,0.4494662403890049,Medium,Pending,INV_7,2020-01-04 14:57:00,2020-01-04 17:34:00,157,Fraud
1046,4148803,C1172583796,2020-01-13 15:00:00,0.5740837249433105,Medium,Pending,INV_10,2020-01-04 15:10:00,2020-01-04 17:55:00,165,Fraud
1047,4148831,C2133858182,2020-01-13 15:00:00,0.5851864399402635,Medium,Pending,INV_19,2020-01-04 14:26:00,2020-01-04 17:23:00,177,Fraud
1048,4149500,C228767622,2020-01-13 15:00:00,0.5184928350139187,Medium,Pending,INV_7,2020-01-04 14:05:00,2020-01-04 16:55:00,170,Fraud
1049,4149508,C1966901640,2020-01-13 15:00:00,0.4608703872023706,Medium,Pending,INV_22,2020-01-04 14:38:00,2020-01-04 15:25:00,47,False Positive
1050,4149528,C1835360608,2020-01-13 15:00:00,0.6194169610949345,Medium,Pending,INV_16,2020-01-04 15:22:00,2020-01-04 17:15:00,113,False Positive
1051,4149623,C815328636,2020-01-13 15:00:00,0.4669953279845719,Medium,Pending,INV_18,2020-01-04 14:54:00,2020-01-04 16:25:00,91,False Positive
1052,4150206,C2043083172,2020-01-13 15:00:00,0.7289919429239289,High,Pending,INV_19,2020-01-04 15:08:00,2020-01-04 15:52:00,44,Fraud
1053,4150343,C832784911,2020-01-13 15:00:00,0.4355682900643476,Medium,Pending,INV_1,2020-01-04 16:57:00,2020-01-04 17:08:00,11,Fraud
1054,4150567,C1224703960,2020-01-13 15:00:00,0.4310834757426912,Medium,Pending,INV_18,2020-01-04 16:34:00,2020-01-04 17:35:00,61,False Positive
1055,4150577,C181189928,2020-01-13 15:00:00,0.482603834394018,Medium,Pending,INV_14,2020-01-04 16:17:00,2020-01-04 17:37:00,80,False Positive
1056,4150802,C1340580782,2020-01-13 15:00:00,0.5384114112188707,Medium,Pending,INV_4,2020-01-04 15:56:00,2020-01-04 16:15:00,19,False Positive
1057,4150993,C679754517,2020-01-13 15:00:00,0.5587098558293048,Medium,Pending,INV_12,2020-01-04 16:16:00,2020-01-04 18:49:00,153,Fraud
1058,4151369,C692201731,2020-01-13 15:00:00,0.4178058493134945,Medium,Pending,INV_8,2020-01-04 16:49:00,2020-01-04 17:41:00,52,Fraud
1059,4151859,C812016560,2020-01-13 15:00:00,0.6464496199174468,Medium,Pending,INV_5,2020-01-04 16:07:00,2020-01-04 18:24:00,137,Fraud
1060,4151860,C1548156786,2020-01-13 15:00:00,0.4250881807933612,Medium,Pending,INV_21,2020-01-04 17:50:00,2020-01-04 19:44:00,114,Fraud
1061,4151903,C1459397014,2020-01-13 15:00:00,0.4392533562241986,Medium,Pending,INV_22,2020-01-04 16:37:00,2020-01-04 16:53:00,16,Fraud
1062,4151910,C1032864851,2020-01-13 15:00:00,0.4586627340200669,Medium,Pending,INV_24,2020-01-04 16:14:00,2020-01-04 18:54:00,160,Fraud
1063,4151924,C1253828023,2020-01-13 15:00:00,0.4264149000487429,Medium,Pending,INV_3,2020-01-04 16:32:00,2020-01-04 17:34:00,62,Fraud
1064,4151933,C559304798,2020-01-13 15:00:00,0.5093362860241353,Medium,Pending,INV_9,2020-01-04 16:51:00,2020-01-04 18:48:00,117,False Positive
1065,4152268,C707666204,2020-01-13 15:00:00,0.4235995318355549,Medium,Pending,INV_13,2020-01-04 17:14:00,2020-01-04 18:37:00,83,Fraud
1066,4152347,C14842210,2020-01-13 15:00:00,0.5467386952233273,Medium,Pending,INV_6,2020-01-04 16:53:00,2020-01-04 19:45:00,172,False Positive
1067,4152386,C1104591023,2020-01-13 15:00:00,0.4803517268222603,Medium,Pending,INV_11,2020-01-04 18:05:00,2020-01-04 18:59:00,54,False Positive
1068,4152387,C1313819692,2020-01-13 15:00:00,0.5189050620248662,Medium,Pending,INV_17,2020-01-04 18:22:00,2020-01-04 20:27:00,125,False Positive
1069,4152399,C248163048,2020-01-13 15:00:00,0.4016168711196896,Medium,Pending,INV_1,2020-01-04 18:24:00,2020-01-04 20:55:00,151,Fraud
1070,4152464,C2126127923,2020-01-13 15:00:00,0.5720028114496997,Medium,Pending,INV_18,2020-01-04 17:33:00,2020-01-04 17:51:00,18,Fraud
1071,4152498,C104955442,2020-01-13 15:00:00,0.4604671409947133,Medium,Pending,INV_9,2020-01-04 18:44:00,2020-01-04 20:49:00,125,Fraud
1072,4152653,C577991916,2020-01-13 15:00:00,0.5284284287277471,Medium,Pending,INV_3,2020-01-04 18:40:00,2020-01-04 21:01:00,141,Fraud
1073,4152667,C1732779127,2020-01-13 15:00:00,0.5321838495487692,Medium,Pending,INV_15,2020-01-04 18:51:00,2020-01-04 21:43:00,172,False Positive
1074,4152675,C866532689,2020-01-13 15:00:00,0.6540028755146778,Medium,Pending,INV_17,2020-01-04 19:04:00,2020-01-04 21:38:00,154,False Positive
1075,4152752,C1937630471,2020-01-13 15:00:00,0.7068873483338239,High,Pending,INV_14,2020-01-04 19:57:00,2020-01-04 21:55:00,118,Fraud
1076,4152785,C569756784,2020-01-13 15:00:00,0.4345257067514615,Medium,Pending,INV_24,2020-01-04 18:38:00,2020-01-04 19:00:00,22,Fraud
1077,4153193,C691633854,2020-01-13 15:00:00,0.4909032185814392,Medium,Pending,INV_13,2020-01-04 19:24:00,2020-01-04 22:05:00,161,Fraud
1078,4153310,C2121003394,2020-01-13 15:00:00,0.4495678980392791,Medium,Pending,INV_19,2020-01-04 19:24:00,2020-01-04 20:23:00,59,False Positive
1079,4153347,C621718350,2020-01-13 15:00:00,0.5194111437874052,Medium,Pending,INV_20,2020-01-04 18:10:00,2020-01-04 18:46:00,36,Fraud
1080,4153437,C789446249,2020-01-13 15:00:00,0.5352168899296444,Medium,Pending,INV_5,2020-01-04 19:45:00,2020-01-04 22:28:00,163,False Positive
1081,4153438,C1386529033,2020-01-13 15:00:00,0.4496231321186112,Medium,Pending,INV_20,2020-01-04 19:06:00,2020-01-04 21:11:00,125,Fraud
1082,4153553,C1241995873,2020-01-13 15:00:00,0.4116424910165335,Medium,Pending,INV_11,2020-01-04 19:09:00,2020-01-04 20:56:00,107,False Positive
1083,4153593,C646554535,2020-01-13 15:00:00,0.6413699842891591,Medium,Pending,INV_13,2020-01-04 19:10:00,2020-01-04 21:31:00,141,Fraud
1084,4153596,C1418395176,2020-01-13 15:00:00,0.4492610351103772,Medium,Pending,INV_17,2020-01-04 19:29:00,2020-01-04 21:48:00,139,Fraud
1085,4153780,C483461750,2020-01-13 15:00:00,0.4839520599492427,Medium,Pending,INV_10,2020-01-04 19:55:00,2020-01-04 22:05:00,130,Fraud
1086,4153783,C1184321735,2020-01-13 15:00:00,0.54664363008313,Medium,Pending,INV_1,2020-01-04 18:29:00,2020-01-04 20:43:00,134,Fraud
1087,4153784,C1781597060,2020-01-13 15:00:00,0.43900823318499,Medium,Pending,INV_5,2020-01-04 19:38:00,2020-01-04 21:43:00,125,Fraud
1088,4153815,C637764402,2020-01-13 15:00:00,0.4756285867190973,Medium,Pending,INV_10,2020-01-04 19:18:00,2020-01-04 21:23:00,125,False Positive
1089,4153882,C1983948243,2020-01-13 15:00:00,0.6734254714961805,Medium,Pending,INV_21,2020-01-04 20:00:00,2020-01-04 21:34:00,94,Fraud
1090,4153899,C1798940891,2020-01-13 15:00:00,0.6020113960607101,Medium,Pending,INV_2,2020-01-04 19:53:00,2020-01-04 21:48:00,115,Fraud
1091,4153900,C1566419505,2020-01-13 15:00:00,0.4023959458289636,Medium,Pending,INV_24,2020-01-04 20:50:00,2020-01-04 21:40:00,50,Fraud
1092,4153978,C188869936,2020-01-13 15:00:00,0.4703799383623629,Medium,Pending,INV_22,2020-01-04 20:54:00,2020-01-04 23:16:00,142,False Positive
1093,4154121,C144556567,2020-01-13 15:00:00,0.4589527924996406,Medium,Pending,INV_23,2020-01-04 19:16:00,2020-01-04 19:53:00,37,False Positive
1094,4154252,C1516212978,2020-01-13 15:00:00,0.4155811457424075,Medium,Pending,INV_18,2020-01-04 19:26:00,2020-01-04 22:16:00,170,Fraud
1095,4154512,C277331180,2020-01-13 15:00:00,0.4885326891175454,Medium,Pending,INV_6,2020-01-04 20:16:00,2020-01-04 22:35:00,139,Fraud
1096,4154580,C1409294,2020-01-13 15:00:00,0.4147057468919133,Medium,Pending,INV_11,2020-01-04 19:35:00,2020-01-04 21:05:00,90,False Positive
1097,4154583,C539714486,2020-01-13 15:00:00,0.6597032357501247,Medium,Pending,INV_15,2020-01-04 21:34:00,2020-01-04 21:52:00,18,Fraud
1098,4154776,C1261995462,2020-01-13 15:00:00,0.5382758315666004,Medium,Pending,INV_17,2020-01-04 20:54:00,2020-01-04 22:57:00,123,Fraud
1099,4155025,C1018418651,2020-01-13 15:00:00,0.4539619344270236,Medium,Pending,INV_7,2020-01-04 20:13:00,2020-01-04 21:51:00,98,False Positive
1100,4155240,C1371587316,2020-01-13 15:00:00,0.5244536504328632,Medium,Pending,INV_19,2020-01-04 20:07:00,2020-01-04 22:29:00,142,Fraud
1101,4155807,C940347809,2020-01-13 15:00:00,0.544013873542889,Medium,Pending,INV_8,2020-01-04 20:57:00,2020-01-04 21:47:00,50,False Positive
1102,4155912,C1820712031,2020-01-13 15:00:00,0.5120383181732198,Medium,Pending,INV_12,2020-01-04 20:52:00,2020-01-04 22:32:00,100,False Positive
1103,4156410,C934522306,2020-01-13 15:00:00,0.6043902419581957,Medium,Pending,INV_5,2020-01-04 21:27:00,2020-01-04 22:06:00,39,Fraud
1104,4156411,C1867857857,2020-01-13 15:00:00,0.5097681734260466,Medium,Pending,INV_8,2020-01-04 21:11:00,2020-01-04 22:37:00,86,Fraud
1105,4156425,C248895619,2020-01-13 15:00:00,0.407629075239489,Medium,Pending,INV_20,2020-01-04 21:39:00,2020-01-04 23:13:00,94,False Positive
1106,4156457,C1628279285,2020-01-13 15:00:00,0.404496342982415,Medium,Pending,INV_6,2020-01-04 20:48:00,2020-01-04 22:22:00,94,False Positive
1107,4156582,C373291320,2020-01-13 15:00:00,0.4524689395797182,Medium,Pending,INV_19,2020-01-04 22:08:00,2020-01-05 00:26:00,138,False Positive
1108,4156658,C1903875759,2020-01-13 15:00:00,0.4571847223223003,Medium,Pending,INV_9,2020-01-04 21:08:00,2020-01-04 21:41:00,33,False Positive
1109,4156668,C499159827,2020-01-13 15:00:00,0.4440473539226033,Medium,Pending,INV_12,2020-01-04 22:48:00,2020-01-05 01:05:00,137,False Positive
1110,4156844,C1403523579,2020-01-13 15:00:00,0.4279746246004645,Medium,Pending,INV_18,2020-01-04 22:52:00,2020-01-05 00:28:00,96,Fraud
1111,4156868,C427385435,2020-01-13 15:00:00,0.4934640716395914,Medium,Pending,INV_16,2020-01-04 22:43:00,2020-01-05 00:16:00,93,Fraud
1112,4156869,C621242857,2020-01-13 15:00:00,0.4078341508092847,Medium,Pending,INV_23,2020-01-04 21:54:00,2020-01-04 22:35:00,41,False Positive
1113,4157031,C1729518588,2020-01-13 15:00:00,0.6066089634003478,Medium,Pending,INV_25,2020-01-04 21:50:00,2020-01-04 22:58:00,68,Fraud
1114,4157037,C330328947,2020-01-13 15:00:00,0.4215838918697399,Medium,Pending,INV_9,2020-01-04 22:20:00,2020-01-04 22:57:00,37,Fraud
1115,4157746,C194465704,2020-01-13 15:00:00,0.4417130828098101,Medium,Pending,INV_25,2020-01-04 21:58:00,2020-01-04 22:22:00,24,Fraud
1116,4157784,C933553584,2020-01-13 15:00:00,0.5037175859413315,Medium,Pending,INV_11,2020-01-04 22:04:00,2020-01-04 23:15:00,71,False Positive
1117,4157896,C102829469,2020-01-13 15:00:00,0.5831001504585241,Medium,Pending,INV_24,2020-01-04 22:34:00,2020-01-04 22:58:00,24,False Positive
1118,4158107,C244503763,2020-01-13 15:00:00,0.4354002884287412,Medium,Pending,INV_22,2020-01-04 22:38:00,2020-01-04 23:21:00,43,Fraud
1119,4158123,C1249406349,2020-01-13 15:00:00,0.4522441255513545,Medium,Pending,INV_2,2020-01-04 22:49:00,2020-01-05 00:54:00,125,Fraud
1120,4158188,C726794656,2020-01-13 15:00:00,0.4285288579463554,Medium,Pending,INV_2,2020-01-04 22:57:00,2020-01-05 00:33:00,96,Fraud
1121,4158212,C1176002291,2020-01-13 15:00:00,0.4429033863096381,Medium,Pending,INV_16,2020-01-04 21:39:00,2020-01-04 22:43:00,64,False Positive
1122,4158220,C11637646,2020-01-13 15:00:00,0.4981810804448764,Medium,Pending,INV_16,2020-01-04 21:05:00,2020-01-04 23:47:00,162,Fraud
1123,4158261,C196752758,2020-01-13 15:00:00,0.4434865023974623,Medium,Pending,INV_2,2020-01-04 23:14:00,2020-01-05 00:06:00,52,Fraud
1124,4158298,C2137655186,2020-01-13 15:00:00,0.464803253037453,Medium,Pending,INV_19,2020-01-04 22:23:00,2020-01-04 23:56:00,93,Fraud
1125,4158425,C756552870,2020-01-13 16:00:00,0.4006554373776281,Medium,Pending,INV_6,2020-01-04 22:38:00,2020-01-05 00:47:00,129,Fraud
1126,4158427,C1455631360,2020-01-13 16:00:00,0.437552090032865,Medium,Pending,INV_7,2020-01-04 22:45:00,2020-01-05 01:04:00,139,Fraud
1127,4158602,C1962578260,2020-01-13 16:00:00,0.5350580925478616,Medium,Pending,INV_22,2020-01-04 22:54:00,2020-01-05 00:26:00,92,False Positive
1128,4158735,C1801315723,2020-01-13 16:00:00,0.4136657541210967,Medium,Pending,INV_8,2020-01-04 23:53:00,2020-01-05 00:25:00,32,Fraud
1129,4158804,C1980839306,2020-01-13 16:00:00,0.4103337168607119,Medium,Pending,INV_10,2020-01-04 23:08:00,2020-01-05 00:30:00,82,False Positive
1130,4159109,C493508962,2020-01-13 16:00:00,0.4237232328695869,Medium,Pending,INV_5,2020-01-04 23:02:00,2020-01-05 01:07:00,125,False Positive
1131,4159122,C839972654,2020-01-13 16:00:00,0.4375611625334089,Medium,Pending,INV_7,2020-01-04 23:56:00,2020-01-05 02:40:00,164,Fraud
1132,4159123,C1309591282,2020-01-13 16:00:00,0.421733639315621,Medium,Pending,INV_17,2020-01-04 22:37:00,2020-01-05 00:00:00,83,Fraud
1133,4159173,C1720180133,2020-01-13 16:00:00,0.4293953776858896,Medium,Pending,INV_20,2020-01-04 22:32:00,2020-01-05 00:28:00,116,False Positive
1134,4159386,C916571392,2020-01-13 16:00:00,0.4587322631787933,Medium,Pending,INV_25,2020-01-04 23:56:00,2020-01-05 01:03:00,67,Fraud
1135,4159442,C1445870726,2020-01-13 16:00:00,0.4260564844845892,Medium,Pending,INV_17,2020-01-04 23:38:00,2020-01-04 23:52:00,14,Fraud
1136,4159881,C1693621007,2020-01-13 16:00:00,0.4593994383133126,Medium,Pending,INV_21,2020-01-04 23:10:00,2020-01-05 01:48:00,158,Fraud
1137,4160195,C2068955050,2020-01-13 16:00:00,0.4177636242046751,Medium,Pending,INV_18,2020-01-05 00:11:00,2020-01-05 02:58:00,167,False Positive
1138,4160389,C251005781,2020-01-13 16:00:00,0.421854279887553,Medium,Pending,INV_24,2020-01-04 23:18:00,2020-01-05 01:56:00,158,Fraud
1139,4160582,C60371225,2020-01-13 16:00:00,0.4014922689386573,Medium,Pending,INV_17,2020-01-05 00:51:00,2020-01-05 01:26:00,35,Fraud
1140,4160696,C2002526426,2020-01-13 16:00:00,0.4965143841182171,Medium,Pending,INV_9,2020-01-05 00:42:00,2020-01-05 01:54:00,72,Fraud
1141,4161303,C549319079,2020-01-13 16:00:00,0.559764989702155,Medium,Pending,INV_16,2020-01-04 23:29:00,2020-01-04 23:52:00,23,False Positive
1142,4161497,C1205149311,2020-01-13 16:00:00,0.4706865681485362,Medium,Pending,INV_4,2020-01-05 00:57:00,2020-01-05 03:30:00,153,False Positive
1143,4161510,C536767651,2020-01-13 16:00:00,0.4095480479755151,Medium,Pending,INV_3,2020-01-05 00:32:00,2020-01-05 01:03:00,31,Fraud
1144,4161511,C1845038136,2020-01-13 16:00:00,0.4711862021024452,Medium,Pending,INV_2,2020-01-05 00:14:00,2020-01-05 00:31:00,17,Fraud
1145,4161844,C156544352,2020-01-13 16:00:00,0.4015750181760247,Medium,Pending,INV_23,2020-01-05 00:25:00,2020-01-05 01:56:00,91,False Positive
1146,4161865,C319491154,2020-01-13 16:00:00,0.4493977369371322,Medium,Pending,INV_10,2020-01-04 23:48:00,2020-01-05 01:34:00,106,Fraud
1147,4161926,C253892701,2020-01-13 16:00:00,0.6748690362990003,Medium,Pending,INV_25,2020-01-05 00:08:00,2020-01-05 00:47:00,39,Fraud
1148,4162072,C1169815325,2020-01-13 16:00:00,0.4071432161666807,Medium,Pending,INV_18,2020-01-05 00:59:00,2020-01-05 01:55:00,56,Fraud
1149,4162182,C1889129688,2020-01-13 16:00:00,0.4490718253613732,Medium,Pending,INV_21,2020-01-05 01:56:00,2020-01-05 03:19:00,83,Fraud
1150,4162295,C1333620355,2020-01-13 16:00:00,0.4406032065093773,Medium,Pending,INV_2,2020-01-05 01:28:00,2020-01-05 02:49:00,81,False Positive
1151,4163226,C1623333631,2020-01-13 16:00:00,0.5558822846122178,Medium,Pending,INV_14,2020-01-05 01:45:00,2020-01-05 02:20:00,35,Fraud
1152,4163460,C1008665317,2020-01-13 16:00:00,0.4569929817745243,Medium,Pending,INV_7,2020-01-05 01:48:00,2020-01-05 04:19:00,151,Fraud
1153,4164129,C1582000699,2020-01-13 16:00:00,0.4887445022774659,Medium,Pending,INV_19,2020-01-05 02:14:00,2020-01-05 04:05:00,111,False Positive
1154,4164132,C147746764,2020-01-13 16:00:00,0.5440835324861677,Medium,Pending,INV_18,2020-01-05 01:49:00,2020-01-05 03:26:00,97,False Positive
1155,4164145,C816341132,2020-01-13 16:00:00,0.4804594118064739,Medium,Pending,INV_16,2020-01-05 01:07:00,2020-01-05 03:46:00,159,Fraud
1156,4164337,C1632644601,2020-01-13 16:00:00,0.4653427046497383,Medium,Pending,INV_5,2020-01-05 02:29:00,2020-01-05 02:42:00,13,Fraud
1157,4164364,C1663543587,2020-01-13 16:00:00,0.6093712800954281,Medium,Pending,INV_10,2020-01-05 02:05:00,2020-01-05 02:24:00,19,Fraud
1158,4164657,C757769793,2020-01-13 16:00:00,0.4071231780072617,Medium,Pending,INV_7,2020-01-05 01:52:00,2020-01-05 02:46:00,54,False Positive
1159,4164811,C1534778543,2020-01-13 16:00:00,0.4363395290123395,Medium,Pending,INV_12,2020-01-05 02:25:00,2020-01-05 04:36:00,131,False Positive
1160,4165701,C174598787,2020-01-13 16:00:00,0.4129875874313681,Medium,Pending,INV_13,2020-01-05 01:38:00,2020-01-05 02:41:00,63,Fraud
1161,4165788,C1025388725,2020-01-13 16:00:00,0.4279974092100006,Medium,Pending,INV_24,2020-01-05 01:52:00,2020-01-05 03:42:00,110,False Positive
1162,4165826,C2137146762,2020-01-13 16:00:00,0.4192269211055598,Medium,Pending,INV_23,2020-01-05 02:48:00,2020-01-05 04:24:00,96,Fraud
1163,4165882,C1688734257,2020-01-13 16:00:00,0.5047253323241312,Medium,Pending,INV_6,2020-01-05 03:27:00,2020-01-05 05:38:00,131,Fraud
1164,4166125,C179475550,2020-01-13 16:00:00,0.43793563783798,Medium,Pending,INV_2,2020-01-05 02:32:00,2020-01-05 05:05:00,153,False Positive
1165,4166248,C1678420688,2020-01-13 16:00:00,0.4873601542890355,Medium,Pending,INV_8,2020-01-05 02:58:00,2020-01-05 03:34:00,36,Fraud
1166,4166863,C236011797,2020-01-13 16:00:00,0.4832534879324787,Medium,Pending,INV_1,2020-01-05 03:23:00,2020-01-05 03:36:00,13,False Positive
1167,4166973,C908437531,2020-01-13 16:00:00,0.4169017722415316,Medium,Pending,INV_17,2020-01-05 02:13:00,2020-01-05 03:16:00,63,False Positive
1168,4167638,C169323780,2020-01-13 16:00:00,0.514264133317953,Medium,Pending,INV_19,2020-01-05 03:42:00,2020-01-05 05:20:00,98,Fraud
1169,4167871,C1750519179,2020-01-13 16:00:00,0.5460407666774655,Medium,Pending,INV_18,2020-01-05 02:56:00,2020-01-05 03:16:00,20,Fraud
1170,4168923,C1771121765,2020-01-13 16:00:00,0.6046698686068374,Medium,Pending,INV_5,2020-01-05 02:52:00,2020-01-05 04:36:00,104,False Positive
1171,4168937,C2026288586,2020-01-13 16:00:00,0.4236696896240094,Medium,Pending,INV_12,2020-01-05 03:23:00,2020-01-05 04:38:00,75,False Positive
1172,4168945,C1310340507,2020-01-13 16:00:00,0.4243228105453314,Medium,Pending,INV_15,2020-01-05 02:10:00,2020-01-05 03:52:00,102,Fraud
1173,4169055,C1646236139,2020-01-13 16:00:00,0.4776711300231205,Medium,Pending,INV_4,2020-01-05 03:34:00,2020-01-05 05:49:00,135,Fraud
1174,4169242,C1400363543,2020-01-13 16:00:00,0.4687334442052396,Medium,Pending,INV_16,2020-01-05 02:20:00,2020-01-05 04:22:00,122,False Positive
1175,4169563,C762582136,2020-01-13 16:00:00,0.4649346495988169,Medium,Pending,INV_19,2020-01-05 02:53:00,2020-01-05 05:16:00,143,Fraud
1176,4169742,C1263440760,2020-01-13 16:00:00,0.4878227221836639,Medium,Pending,INV_7,2020-01-05 02:20:00,2020-01-05 03:10:00,50,False Positive
1177,4170209,C295909564,2020-01-13 16:00:00,0.4079190711741151,Medium,Pending,INV_25,2020-01-05 04:31:00,2020-01-05 05:16:00,45,False Positive
1178,4170289,C1273388493,2020-01-13 16:00:00,0.4053291033671051,Medium,Pending,INV_17,2020-01-05 03:54:00,2020-01-05 06:16:00,142,Fraud
1179,4170722,C732382080,2020-01-13 16:00:00,0.4333719960591914,Medium,Pending,INV_10,2020-01-05 04:58:00,2020-01-05 06:30:00,92,Fraud
1180,4170987,C1196543984,2020-01-13 16:00:00,0.4113085387047062,Medium,Pending,INV_20,2020-01-05 04:26:00,2020-01-05 07:12:00,166,False Positive
1181,4171041,C529026106,2020-01-13 16:00:00,0.4215262426922167,Medium,Pending,INV_11,2020-01-05 03:13:00,2020-01-05 03:31:00,18,Fraud
1182,4171226,C919838214,2020-01-13 16:00:00,0.4627103386373589,Medium,Pending,INV_1,2020-01-05 04:02:00,2020-01-05 05:03:00,61,False Positive
1183,4171360,C1809896564,2020-01-13 16:00:00,0.5047885818489596,Medium,Pending,INV_25,2020-01-05 04:52:00,2020-01-05 05:43:00,51,False Positive
1184,4171386,C160644462,2020-01-13 16:00:00,0.4882406192045702,Medium,Pending,INV_8,2020-01-05 04:30:00,2020-01-05 05:47:00,77,Fraud
1185,4171651,C311259877,2020-01-13 16:00:00,0.4186666954084967,Medium,Pending,INV_21,2020-01-05 05:37:00,2020-01-05 07:47:00,130,Fraud
1186,4171674,C2115610475,2020-01-13 16:00:00,0.4100045676374079,Medium,Pending,INV_5,2020-01-05 05:26:00,2020-01-05 07:01:00,95,False Positive
1187,4172011,C1280153991,2020-01-13 16:00:00,0.5124262362497626,Medium,Pending,INV_5,2020-01-05 04:31:00,2020-01-05 06:22:00,111,Fraud
1188,4172020,C788039719,2020-01-13 16:00:00,0.4750634738082848,Medium,Pending,INV_5,2020-01-05 05:47:00,2020-01-05 07:05:00,78,False Positive
1189,4172057,C959034534,2020-01-13 16:00:00,0.4502877588872545,Medium,Pending,INV_7,2020-01-05 05:17:00,2020-01-05 07:20:00,123,False Positive
1190,4172222,C2089568630,2020-01-13 16:00:00,0.4219162099108584,Medium,Pending,INV_24,2020-01-05 05:29:00,2020-01-05 08:02:00,153,Fraud
1191,4172250,C1244570364,2020-01-13 16:00:00,0.497849660824828,Medium,Pending,INV_2,2020-01-05 05:54:00,2020-01-05 08:08:00,134,Fraud
1192,4172361,C1432985786,2020-01-13 16:00:00,0.4836537860469249,Medium,Pending,INV_22,2020-01-05 05:37:00,2020-01-05 07:12:00,95,Fraud
1193,4172455,C1512180588,2020-01-13 16:00:00,0.5462488554599092,Medium,Pending,INV_4,2020-01-05 06:44:00,2020-01-05 07:59:00,75,Fraud
1194,4172508,C101843774,2020-01-13 16:00:00,0.4217350429423702,Medium,Pending,INV_15,2020-01-05 06:22:00,2020-01-05 07:50:00,88,False Positive
1195,4172765,C828491041,2020-01-13 16:00:00,0.4771210894603314,Medium,Pending,INV_4,2020-01-05 06:43:00,2020-01-05 07:00:00,17,Fraud
1196,4172774,C119179055,2020-01-13 16:00:00,0.4601008044082472,Medium,Pending,INV_12,2020-01-05 06:09:00,2020-01-05 06:31:00,22,False Positive
1197,4173040,C710462857,2020-01-13 16:00:00,0.4306450960086277,Medium,Pending,INV_24,2020-01-05 05:44:00,2020-01-05 08:03:00,139,Fraud
1198,4173265,C1606115599,2020-01-13 16:00:00,0.435072639451258,Medium,Pending,INV_25,2020-01-05 06:52:00,2020-01-05 08:13:00,81,Fraud
1199,4173319,C597080542,2020-01-13 16:00:00,0.4789940614474346,Medium,Pending,INV_4,2020-01-05 05:36:00,2020-01-05 06:21:00,45,Fraud
1200,4173332,C585196840,2020-01-13 16:00:00,0.4932077633527085,Medium,Pending,INV_1,2020-01-05 05:17:00,2020-01-05 06:13:00,56,Fraud
1201,4173334,C661299941,2020-01-13 16:00:00,0.402624999056958,Medium,Pending,INV_15,2020-01-05 06:21:00,2020-01-05 09:01:00,160,False Positive
1202,4173661,C1491253085,2020-01-13 16:00:00,0.476691830612068,Medium,Pending,INV_22,2020-01-05 06:04:00,2020-01-05 07:06:00,62,False Positive
1203,4173670,C1578714609,2020-01-13 16:00:00,0.4797831065482809,Medium,Pending,INV_14,2020-01-05 06:24:00,2020-01-05 09:12:00,168,False Positive
1204,4174262,C1649315463,2020-01-13 16:00:00,0.4625322064617973,Medium,Pending,INV_11,2020-01-05 06:08:00,2020-01-05 08:59:00,171,False Positive
1205,4174559,C1531197205,2020-01-13 16:00:00,0.5722205787220531,Medium,Pending,INV_16,2020-01-05 06:07:00,2020-01-05 07:19:00,72,Fraud
1206,4174733,C1466023051,2020-01-13 16:00:00,0.4215376715320177,Medium,Pending,INV_4,2020-01-05 06:32:00,2020-01-05 06:47:00,15,Fraud
1207,4174981,C347589610,2020-01-13 16:00:00,0.5917596703476002,Medium,Pending,INV_18,2020-01-05 07:37:00,2020-01-05 10:20:00,163,False Positive
1208,4175410,C1583813909,2020-01-13 16:00:00,0.4243314659785971,Medium,Pending,INV_15,2020-01-05 06:09:00,2020-01-05 06:57:00,48,False Positive
1209,4175695,C1846345736,2020-01-13 16:00:00,0.4047998034964521,Medium,Pending,INV_19,2020-01-05 06:05:00,2020-01-05 08:33:00,148,False Positive
1210,4176717,C1733858736,2020-01-13 16:00:00,0.4204175829894523,Medium,Pending,INV_20,2020-01-05 06:51:00,2020-01-05 08:14:00,83,False Positive
1211,4176818,C126132381,2020-01-13 16:00:00,0.4178578890572794,Medium,Pending,INV_6,2020-01-05 06:42:00,2020-01-05 09:03:00,141,Fraud
1212,4176853,C1048697351,2020-01-13 16:00:00,0.4110145855527559,Medium,Pending,INV_1,2020-01-05 07:39:00,2020-01-05 08:49:00,70,Fraud
1213,4177655,C1794930243,2020-01-13 16:00:00,0.4234617247199366,Medium,Pending,INV_5,2020-01-05 06:14:00,2020-01-05 08:06:00,112,False Positive
1214,4177683,C1842795401,2020-01-13 16:00:00,0.4493539596383827,Medium,Pending,INV_1,2020-01-05 07:21:00,2020-01-05 09:11:00,110,Fraud
1215,4177845,C777432470,2020-01-13 16:00:00,0.4007293299929574,Medium,Pending,INV_20,2020-01-05 08:24:00,2020-01-05 10:06:00,102,Fraud
1216,4178049,C228196182,2020-01-13 16:00:00,0.4526331445249847,Medium,Pending,INV_5,2020-01-05 07:08:00,2020-01-05 08:33:00,85,Fraud
1217,4178102,C871153582,2020-01-13 16:00:00,0.4228625245097662,Medium,Pending,INV_5,2020-01-05 07:46:00,2020-01-05 09:02:00,76,False Positive
1218,4178395,C175413270,2020-01-13 16:00:00,0.427410270482534,Medium,Pending,INV_11,2020-01-05 07:48:00,2020-01-05 08:10:00,22,Fraud
1219,4178576,C342922306,2020-01-13 16:00:00,0.4385880575895498,Medium,Pending,INV_11,2020-01-05 07:24:00,2020-01-05 07:57:00,33,False Positive
1220,4178589,C1382931735,2020-01-13 16:00:00,0.48648335400768,Medium,Pending,INV_24,2020-01-05 07:32:00,2020-01-05 08:55:00,83,Fraud
1221,4178839,C1000265553,2020-01-13 16:00:00,0.4123769822332835,Medium,Pending,INV_14,2020-01-05 07:50:00,2020-01-05 10:16:00,146,False Positive
1222,4178954,C1168353762,2020-01-13 16:00:00,0.5103389989016129,Medium,Pending,INV_10,2020-01-05 07:59:00,2020-01-05 08:52:00,53,Fraud
1223,4178974,C765205121,2020-01-13 16:00:00,0.4300585043601526,Medium,Pending,INV_2,2020-01-05 09:36:00,2020-01-05 10:43:00,67,False Positive
1224,4179029,C628724744,2020-01-13 16:00:00,0.5458821310341914,Medium,Pending,INV_5,2020-01-05 09:32:00,2020-01-05 09:52:00,20,False Positive
1225,4179236,C1893435637,2020-01-13 16:00:00,0.5007756509845602,Medium,Pending,INV_20,2020-01-05 09:54:00,2020-01-05 11:10:00,76,False Positive
1226,4179308,C1465564570,2020-01-13 16:00:00,0.492057114636944,Medium,Pending,INV_23,2020-01-05 09:09:00,2020-01-05 09:19:00,10,False Positive
1227,4179500,C188997606,2020-01-13 16:00:00,0.4128181967073054,Medium,Pending,INV_5,2020-01-05 08:09:00,2020-01-05 10:53:00,164,Fraud
1228,4179605,C2016696576,2020-01-13 16:00:00,0.4661975677071622,Medium,Pending,INV_12,2020-01-05 08:32:00,2020-01-05 09:19:00,47,Fraud
1229,4179871,C629542162,2020-01-13 16:00:00,0.4066288262997801,Medium,Pending,INV_21,2020-01-05 09:22:00,2020-01-05 09:39:00,17,Fraud
1230,4180075,C339208167,2020-01-13 16:00:00,0.4236391256647965,Medium,Pending,INV_19,2020-01-05 09:40:00,2020-01-05 12:19:00,159,False Positive
1231,4180278,C1098033698,2020-01-13 16:00:00,0.4483433607213599,Medium,Pending,INV_14,2020-01-05 09:09:00,2020-01-05 11:37:00,148,False Positive
1232,4180296,C1871952911,2020-01-13 16:00:00,0.4617656104539457,Medium,Pending,INV_18,2020-01-05 08:20:00,2020-01-05 10:11:00,111,False Positive
1233,4180302,C313668719,2020-01-13 16:00:00,0.4263417155694312,Medium,Pending,INV_23,2020-01-05 09:02:00,2020-01-05 11:25:00,143,False Positive
1234,4180386,C1374006480,2020-01-13 16:00:00,0.4447172683895338,Medium,Pending,INV_5,2020-01-05 09:50:00,2020-01-05 11:39:00,109,Fraud
1235,4180399,C973218633,2020-01-13 16:00:00,0.4258295907988556,Medium,Pending,INV_16,2020-01-05 09:03:00,2020-01-05 10:51:00,108,False Positive
1236,4180520,C1475502304,2020-01-13 16:00:00,0.4009947878636248,Medium,Pending,INV_11,2020-01-05 08:27:00,2020-01-05 10:34:00,127,False Positive
1237,4180594,C299526450,2020-01-13 16:00:00,0.4480976927233276,Medium,Pending,INV_4,2020-01-05 10:30:00,2020-01-05 13:12:00,162,Fraud
1238,4180713,C1904529240,2020-01-13 16:00:00,0.4243480712078802,Medium,Pending,INV_25,2020-01-05 10:46:00,2020-01-05 13:15:00,149,Fraud
1239,4181119,C772432256,2020-01-13 16:00:00,0.4750733230474161,Medium,Pending,INV_14,2020-01-05 09:41:00,2020-01-05 12:12:00,151,Fraud
1240,4181178,C1173914652,2020-01-13 16:00:00,0.4124261465753219,Medium,Pending,INV_16,2020-01-05 10:44:00,2020-01-05 13:20:00,156,Fraud
1241,4181192,C1723789467,2020-01-13 16:00:00,0.4673089126780611,Medium,Pending,INV_10,2020-01-05 09:07:00,2020-01-05 11:51:00,164,False Positive
1242,4181244,C807503923,2020-01-13 16:00:00,0.4106965952264702,Medium,Pending,INV_9,2020-01-05 10:27:00,2020-01-05 11:12:00,45,Fraud
1243,4181294,C1550878145,2020-01-13 16:00:00,0.4261963633069485,Medium,Pending,INV_12,2020-01-05 09:41:00,2020-01-05 09:51:00,10,Fraud
1244,4181894,C1154383078,2020-01-13 16:00:00,0.4228135169844186,Medium,Pending,INV_3,2020-01-05 09:48:00,2020-01-05 10:09:00,21,Fraud
1245,4182157,C650008110,2020-01-13 16:00:00,0.4057736529406668,Medium,Pending,INV_14,2020-01-05 09:24:00,2020-01-05 09:42:00,18,Fraud
1246,4182421,C1915764107,2020-01-13 16:00:00,0.4782556270973315,Medium,Pending,INV_24,2020-01-05 10:42:00,2020-01-05 11:24:00,42,False Positive
1247,4182660,C1508381259,2020-01-13 16:00:00,0.4418754787976919,Medium,Pending,INV_7,2020-01-05 09:55:00,2020-01-05 12:35:00,160,Fraud
1248,4182807,C1135686392,2020-01-13 16:00:00,0.4306146429038984,Medium,Pending,INV_15,2020-01-05 09:11:00,2020-01-05 09:27:00,16,Fraud
1249,4182833,C2128717602,2020-01-13 16:00:00,0.4964261156299596,Medium,Pending,INV_25,2020-01-05 10:26:00,2020-01-05 10:39:00,13,Fraud
1250,4182907,C641817764,2020-01-13 16:00:00,0.4971513660957133,Medium,Pending,INV_20,2020-01-05 09:56:00,2020-01-05 12:51:00,175,Fraud
1251,4182910,C1826140450,2020-01-13 16:00:00,0.4059840995767731,Medium,Pending,INV_7,2020-01-05 10:39:00,2020-01-05 13:34:00,175,Fraud
1252,4183020,C1811315375,2020-01-13 16:00:00,0.4641697293563851,Medium,Pending,INV_9,2020-01-05 10:12:00,2020-01-05 10:27:00,15,False Positive
1253,4183233,C2139048034,2020-01-13 16:00:00,0.4718059898983544,Medium,Pending,INV_10,2020-01-05 10:55:00,2020-01-05 12:06:00,71,Fraud
1254,4183266,C27677723,2020-01-13 16:00:00,0.4685254460599658,Medium,Pending,INV_22,2020-01-05 10:43:00,2020-01-05 11:01:00,18,Fraud
1255,4183340,C229112766,2020-01-13 16:00:00,0.4383253261031264,Medium,Pending,INV_18,2020-01-05 10:35:00,2020-01-05 12:48:00,133,Fraud
1256,4183678,C1776258483,2020-01-13 16:00:00,0.4555538147295922,Medium,Pending,INV_25,2020-01-05 10:33:00,2020-01-05 11:34:00,61,False Positive
1257,4184781,C2025542482,2020-01-13 16:00:00,0.418045797326186,Medium,Pending,INV_8,2020-01-05 11:55:00,2020-01-05 14:50:00,175,Fraud
1258,4184802,C609621521,2020-01-13 16:00:00,0.4830252210595466,Medium,Pending,INV_3,2020-01-05 10:36:00,2020-01-05 12:28:00,112,False Positive
1259,4185032,C800919417,2020-01-13 16:00:00,0.4270117733748434,Medium,Pending,INV_5,2020-01-05 10:21:00,2020-01-05 12:06:00,105,False Positive
1260,4185982,C372698783,2020-01-13 17:00:00,0.4267675299023565,Medium,Pending,INV_11,2020-01-05 10:42:00,2020-01-05 11:23:00,41,Fraud
1261,4186685,C959382680,2020-01-13 17:00:00,0.5199109646189544,Medium,Pending,INV_17,2020-01-05 11:49:00,2020-01-05 12:44:00,55,False Positive
1262,4188168,C2101273835,2020-01-13 17:00:00,0.4497974909256778,Medium,Pending,INV_2,2020-01-05 10:13:00,2020-01-05 12:59:00,166,False Positive
1263,4188204,C1598015324,2020-01-13 17:00:00,0.5019842812898578,Medium,Pending,INV_9,2020-01-05 10:38:00,2020-01-05 11:37:00,59,Fraud
1264,4190852,C371409957,2020-01-13 17:00:00,0.4788583098344183,Medium,Pending,INV_4,2020-01-05 10:07:00,2020-01-05 11:13:00,66,Fraud
1265,4194573,C1399643310,2020-01-13 17:00:00,0.4763863947832008,Medium,Pending,INV_6,2020-01-05 10:14:00,2020-01-05 12:48:00,154,Fraud
1266,4195650,C1967628328,2020-01-13 17:00:00,0.4118121259384851,Medium,Pending,INV_25,2020-01-05 10:16:00,2020-01-05 12:58:00,162,False Positive
1267,4198246,C155485087,2020-01-13 17:00:00,0.4110964577221708,Medium,Pending,INV_23,2020-01-05 10:32:00,2020-01-05 12:21:00,109,Fraud
1268,4199949,C1657960659,2020-01-13 17:00:00,0.4977987618069954,Medium,Pending,INV_3,2020-01-05 10:40:00,2020-01-05 12:08:00,88,Fraud
1269,4201428,C2081606366,2020-01-13 17:00:00,0.4046165957150953,Medium,Pending,INV_24,2020-01-05 11:23:00,2020-01-05 12:17:00,54,Fraud
1270,4202275,C956249312,2020-01-13 17:00:00,0.4092236152924592,Medium,Pending,INV_2,2020-01-05 10:48:00,2020-01-05 13:07:00,139,Fraud
1271,4204559,C957304552,2020-01-13 17:00:00,0.4349212272951174,Medium,Pending,INV_24,2020-01-05 11:52:00,2020-01-05 14:48:00,176,Fraud
1272,4206943,C1654515550,2020-01-13 17:00:00,0.4268651899763994,Medium,Pending,INV_17,2020-01-05 11:34:00,2020-01-05 12:10:00,36,False Positive
1273,4207636,C1293239751,2020-01-13 17:00:00,0.4291286227269009,Medium,Pending,INV_6,2020-01-05 11:53:00,2020-01-05 12:48:00,55,Fraud
1274,4207903,C53185704,2020-01-13 17:00:00,0.4373623561481131,Medium,Pending,INV_23,2020-01-05 12:14:00,2020-01-05 15:05:00,171,False Positive
1275,4208207,C1404635557,2020-01-13 17:00:00,0.4451182007370087,Medium,Pending,INV_20,2020-01-05 11:27:00,2020-01-05 12:23:00,56,Fraud
1276,4210638,C1957578358,2020-01-13 17:00:00,0.4438155004830962,Medium,Pending,INV_17,2020-01-05 11:22:00,2020-01-05 12:35:00,73,False Positive
1277,4216290,C927381638,2020-01-13 17:00:00,0.4838941421161816,Medium,Pending,INV_19,2020-01-05 11:22:00,2020-01-05 12:47:00,85,Fraud
1278,4217614,C1455484002,2020-01-13 17:00:00,0.4812592316753804,Medium,Pending,INV_9,2020-01-05 11:57:00,2020-01-05 14:35:00,158,Fraud
1279,4224433,C1629035409,2020-01-13 18:00:00,0.4449499219651935,Medium,Pending,INV_3,2020-01-05 11:55:00,2020-01-05 13:56:00,121,Fraud
1280,4224572,C807381745,2020-01-13 18:00:00,0.4155189871195899,Medium,Pending,INV_22,2020-01-05 11:38:00,2020-01-05 12:59:00,81,False Positive
1281,4225570,C1492622562,2020-01-13 18:00:00,0.4205401586687481,Medium,Pending,INV_22,2020-01-05 12:32:00,2020-01-05 14:12:00,100,False Positive
1282,4227748,C1941928680,2020-01-13 18:00:00,0.4067531930664755,Medium,Pending,INV_21,2020-01-05 11:23:00,2020-01-05 12:03:00,40,Fraud
1283,4228210,C1602871304,2020-01-13 18:00:00,0.414346302592095,Medium,Pending,INV_7,2020-01-05 13:29:00,2020-01-05 16:07:00,158,Fraud
1284,4236495,C543857861,2020-01-13 18:00:00,0.4245535907256518,Medium,Pending,INV_22,2020-01-05 12:39:00,2020-01-05 13:04:00,25,False Positive
1285,4236597,C1347153292,2020-01-13 18:00:00,0.4067530947058375,Medium,Pending,INV_11,2020-01-05 13:25:00,2020-01-05 16:05:00,160,False Positive
1286,4236835,C2141373947,2020-01-13 18:00:00,0.4129041841222599,Medium,Pending,INV_20,2020-01-05 13:00:00,2020-01-05 14:30:00,90,False Positive
1287,4238522,C1164219861,2020-01-13 18:00:00,0.4080035369901308,Medium,Pending,INV_4,2020-01-05 13:29:00,2020-01-05 14:04:00,35,Fraud
1288,4239691,C544894468,2020-01-13 18:00:00,0.4158490277219786,Medium,Pending,INV_22,2020-01-05 12:44:00,2020-01-05 15:09:00,145,Fraud
1289,4246417,C1153957714,2020-01-13 18:00:00,0.4436248559863097,Medium,Pending,INV_23,2020-01-05 13:55:00,2020-01-05 16:41:00,166,Fraud
1290,4249630,C927462251,2020-01-13 18:00:00,0.4597881931746214,Medium,Pending,INV_21,2020-01-05 12:58:00,2020-01-05 15:41:00,163,Fraud
1291,4249710,C1348826772,2020-01-13 18:00:00,0.4132692898756458,Medium,Pending,INV_9,2020-01-05 14:06:00,2020-01-05 14:27:00,21,False Positive
1292,4249711,C1550303741,2020-01-13 18:00:00,0.505627589004948,Medium,Pending,INV_16,2020-01-05 13:46:00,2020-01-05 14:34:00,48,False Positive
1293,4250312,C1550591382,2020-01-13 18:00:00,0.4011942638433179,Medium,Pending,INV_24,2020-01-05 14:39:00,2020-01-05 15:33:00,54,Fraud
1294,4250423,C1618251122,2020-01-13 18:00:00,0.4270265735841962,Medium,Pending,INV_11,2020-01-05 14:24:00,2020-01-05 16:26:00,122,False Positive
1295,4253776,C473289604,2020-01-13 18:00:00,0.4039884184155282,Medium,Pending,INV_9,2020-01-05 13:52:00,2020-01-05 15:46:00,114,False Positive
1296,4254605,C141257740,2020-01-13 18:00:00,0.4410806622217174,Medium,Pending,INV_9,2020-01-05 14:43:00,2020-01-05 15:36:00,53,False Positive
1297,4255164,C1029289827,2020-01-13 18:00:00,0.4053824437580643,Medium,Pending,INV_19,2020-01-05 13:32:00,2020-01-05 16:13:00,161,Fraud
1298,4255165,C1582613626,2020-01-13 18:00:00,0.4007741711615794,Medium,Pending,INV_14,2020-01-05 14:46:00,2020-01-05 16:27:00,101,Fraud
1299,4257824,C1033310494,2020-01-13 18:00:00,0.425268104813525,Medium,Pending,INV_17,2020-01-05 14:39:00,2020-01-05 17:25:00,166,Fraud
1300,4258390,C1111824779,2020-01-13 18:00:00,0.4075033318024626,Medium,Pending,INV_14,2020-01-05 14:01:00,2020-01-05 16:41:00,160,False Positive
1301,4260748,C2129480120,2020-01-13 18:00:00,0.4188493898063848,Medium,Pending,INV_10,2020-01-05 13:17:00,2020-01-05 15:50:00,153,Fraud
1302,4263348,C951853957,2020-01-13 19:00:00,0.4099891669662694,Medium,Pending,INV_5,2020-01-05 13:53:00,2020-01-05 15:02:00,69,False Positive
1303,4263834,C364945298,2020-01-13 19:00:00,0.4365118840337523,Medium,Pending,INV_12,2020-01-05 15:22:00,2020-01-05 18:18:00,176,False Positive
1304,4263835,C1550030184,2020-01-13 19:00:00,0.4126809407595734,Medium,Pending,INV_21,2020-01-05 15:36:00,2020-01-05 18:13:00,157,False Positive
1305,4267803,C1862313856,2020-01-13 19:00:00,0.4657306093995128,Medium,Pending,INV_10,2020-01-05 15:02:00,2020-01-05 17:37:00,155,False Positive
1306,4271787,C1589632958,2020-01-13 19:00:00,0.429107223874129,Medium,Pending,INV_7,2020-01-05 14:25:00,2020-01-05 15:55:00,90,Fraud
1307,4272173,C1700783520,2020-01-13 19:00:00,0.4073512102230596,Medium,Pending,INV_17,2020-01-05 15:30:00,2020-01-05 16:53:00,83,Fraud
1308,4273173,C13860833,2020-01-13 19:00:00,0.4075090001465754,Medium,Pending,INV_17,2020-01-05 14:57:00,2020-01-05 16:46:00,109,False Positive
1309,4273752,C857873521,2020-01-13 19:00:00,0.4079651861849338,Medium,Pending,INV_10,2020-01-05 14:48:00,2020-01-05 17:06:00,138,Fraud
1310,4274122,C545844281,2020-01-13 19:00:00,0.4336148764152766,Medium,Pending,INV_7,2020-01-05 15:48:00,2020-01-05 17:42:00,114,Fraud
1311,4275842,C1534860186,2020-01-13 19:00:00,0.4339233676329855,Medium,Pending,INV_18,2020-01-05 15:22:00,2020-01-05 16:15:00,53,Fraud
1312,4280202,C1728371800,2020-01-13 19:00:00,0.4721170409914212,Medium,Pending,INV_8,2020-01-05 15:13:00,2020-01-05 15:26:00,13,False Positive
1313,4281155,C244420220,2020-01-13 19:00:00,0.4084570309455301,Medium,Pending,INV_12,2020-01-05 15:15:00,2020-01-05 16:15:00,60,Fraud
1314,4284466,C222616575,2020-01-13 19:00:00,0.4736656919071549,Medium,Pending,INV_17,2020-01-05 15:29:00,2020-01-05 18:22:00,173,Fraud
1315,4284800,C2084413889,2020-01-13 19:00:00,0.4145248379781243,Medium,Pending,INV_5,2020-01-05 16:13:00,2020-01-05 17:37:00,84,Fraud
1316,4288416,C669455271,2020-01-13 19:00:00,0.4778887822006551,Medium,Pending,INV_20,2020-01-05 16:44:00,2020-01-05 17:40:00,56,False Positive
1317,4288417,C2079344194,2020-01-13 19:00:00,0.4137732398095449,Medium,Pending,INV_17,2020-01-05 15:49:00,2020-01-05 18:42:00,173,Fraud
1318,4294901,C1107948879,2020-01-13 19:00:00,0.5129306614041116,Medium,Pending,INV_16,2020-01-05 16:52:00,2020-01-05 17:10:00,18,False Positive
1319,4297095,C504362169,2020-01-13 19:00:00,0.4389724760263939,Medium,Pending,INV_15,2020-01-05 15:33:00,2020-01-05 15:53:00,20,Fraud
1320,4297749,C1355086847,2020-01-13 19:00:00,0.4083062896710314,Medium,Pending,INV_11,2020-01-05 15:37:00,2020-01-05 16:03:00,26,Fraud
1321,4298497,C1194172777,2020-01-13 19:00:00,0.4019602280411897,Medium,Pending,INV_6,2020-01-05 15:47:00,2020-01-05 17:30:00,103,Fraud
1322,4299351,C44966082,2020-01-13 19:00:00,0.4033453243731041,Medium,Pending,INV_22,2020-01-05 15:43:00,2020-01-05 18:11:00,148,Fraud
1323,4303609,C550713088,2020-01-13 19:00:00,0.4646555380752102,Medium,Pending,INV_6,2020-01-05 17:48:00,2020-01-05 20:11:00,143,False Positive
1324,4303968,C730972755,2020-01-13 19:00:00,0.4064086979935125,Medium,Pending,INV_2,2020-01-05 16:38:00,2020-01-05 17:14:00,36,False Positive
1325,4305040,C1925549344,2020-01-13 19:00:00,0.4111973483260528,Medium,Pending,INV_2,2020-01-05 18:16:00,2020-01-05 19:00:00,44,Fraud
1326,4305165,C1445846383,2020-01-13 19:00:00,0.4513574495287714,Medium,Pending,INV_1,2020-01-05 17:05:00,2020-01-05 19:00:00,115,Fraud
1327,4305665,C671651943,2020-01-13 19:00:00,0.4354705098222273,Medium,Pending,INV_16,2020-01-05 17:37:00,2020-01-05 17:47:00,10,Fraud
1328,4305666,C2126179585,2020-01-13 19:00:00,0.4049439073587506,Medium,Pending,INV_6,2020-01-05 17:13:00,2020-01-05 19:32:00,139,Fraud
1329,4305816,C1411624935,2020-01-13 19:00:00,0.4407546337338528,Medium,Pending,INV_10,2020-01-05 17:17:00,2020-01-05 18:46:00,89,Fraud
1330,4306010,C1208896566,2020-01-13 19:00:00,0.4685119464977874,Medium,Pending,INV_18,2020-01-05 17:49:00,2020-01-05 19:22:00,93,False Positive
1331,4306216,C841355548,2020-01-13 19:00:00,0.4108854457584867,Medium,Pending,INV_16,2020-01-05 19:59:00,2020-01-05 20:56:00,57,False Positive
1332,4306882,C2051065718,2020-01-13 19:00:00,0.4357705521715823,Medium,Pending,INV_15,2020-01-05 18:20:00,2020-01-05 19:05:00,45,Fraud
1333,4309347,C775418367,2020-01-13 19:00:00,0.4348243828798834,Medium,Pending,INV_17,2020-01-05 19:52:00,2020-01-05 22:35:00,163,False Positive
1334,4309779,C950164293,2020-01-13 19:00:00,0.4317614450296613,Medium,Pending,INV_24,2020-01-05 19:22:00,2020-01-05 20:44:00,82,Fraud
1335,4310431,C1831752170,2020-01-13 20:00:00,0.4533438477628264,Medium,Pending,INV_18,2020-01-05 20:59:00,2020-01-05 21:48:00,49,False Positive
1336,4310790,C568202677,2020-01-13 20:00:00,0.4687563860100679,Medium,Pending,INV_13,2020-01-05 20:44:00,2020-01-05 23:35:00,171,Fraud
1337,4310996,C574099669,2020-01-13 20:00:00,0.4504596385367769,Medium,Pending,INV_22,2020-01-05 19:44:00,2020-01-05 22:38:00,174,False Positive
1338,4310997,C47144998,2020-01-13 20:00:00,0.4090612579219179,Medium,Pending,INV_18,2020-01-05 20:04:00,2020-01-05 20:24:00,20,Fraud
1339,4314132,C562520840,2020-01-13 20:00:00,0.4016153195355217,Medium,Pending,INV_24,2020-01-05 19:33:00,2020-01-05 20:47:00,74,False Positive
1340,4315161,C1470309363,2020-01-13 20:00:00,0.4049326351841998,Medium,Pending,INV_1,2020-01-05 20:26:00,2020-01-05 20:41:00,15,Fraud
1341,4315235,C1028158347,2020-01-13 20:00:00,0.435217337414839,Medium,Pending,INV_3,2020-01-05 20:54:00,2020-01-05 21:46:00,52,False Positive
1342,4316346,C1623958802,2020-01-13 20:00:00,0.4659766756104744,Medium,Pending,INV_11,2020-01-05 19:29:00,2020-01-05 22:03:00,154,Fraud
1343,4316607,C1555883414,2020-01-13 20:00:00,0.407359531199868,Medium,Pending,INV_3,2020-01-05 19:11:00,2020-01-05 22:01:00,170,Fraud
1344,4316608,C1594485619,2020-01-13 20:00:00,0.4400882229197956,Medium,Pending,INV_13,2020-01-05 19:56:00,2020-01-05 21:39:00,103,Fraud
1345,4318244,C813147886,2020-01-13 20:00:00,0.4149088263995232,Medium,Pending,INV_13,2020-01-05 20:11:00,2020-01-05 21:33:00,82,Fraud
1346,4319479,C1163242078,2020-01-13 20:00:00,0.4327261859304808,Medium,Pending,INV_2,2020-01-05 20:21:00,2020-01-05 20:46:00,25,Fraud
1347,4321227,C1189388189,2020-01-13 20:00:00,0.4364024272708093,Medium,Pending,INV_22,2020-01-05 20:18:00,2020-01-05 20:33:00,15,Fraud
1348,4321965,C1373382549,2020-01-13 20:00:00,0.4890429995545968,Medium,Pending,INV_19,2020-01-05 21:38:00,2020-01-05 22:11:00,33,False Positive
1349,4326050,C685164369,2020-01-13 20:00:00,0.4385965480283349,Medium,Pending,INV_9,2020-01-05 20:08:00,2020-01-05 22:47:00,159,Fraud
1350,4327226,C1529020182,2020-01-13 20:00:00,0.4694588084785676,Medium,Pending,INV_16,2020-01-05 20:57:00,2020-01-05 23:13:00,136,Fraud
1351,4329631,C1258001599,2020-01-13 20:00:00,0.402355809691108,Medium,Pending,INV_15,2020-01-05 21:51:00,2020-01-06 00:09:00,138,Fraud
1352,4337518,C1761067998,2020-01-13 20:00:00,0.4235338680454585,Medium,Pending,INV_20,2020-01-05 21:47:00,2020-01-05 22:11:00,24,Fraud
1353,4337885,C1222152851,2020-01-13 20:00:00,0.4190639658477222,Medium,Pending,INV_13,2020-01-05 21:25:00,2020-01-05 21:45:00,20,False Positive
1354,4338941,C154435424,2020-01-13 20:00:00,0.4379381864310169,Medium,Pending,INV_14,2020-01-05 21:39:00,2020-01-05 22:27:00,48,Fraud
1355,4340979,C1417158213,2020-01-13 20:00:00,0.4107213953583027,Medium,Pending,INV_9,2020-01-05 20:38:00,2020-01-05 21:25:00,47,Fraud
1356,4341202,C543560506,2020-01-13 20:00:00,0.4132366770014948,Medium,Pending,INV_24,2020-01-05 21:42:00,2020-01-05 23:24:00,102,Fraud
1357,4342218,C1631348776,2020-01-13 20:00:00,0.4063259928253455,Medium,Pending,INV_24,2020-01-05 20:55:00,2020-01-05 23:23:00,148,False Positive
1358,4346765,C1590214537,2020-01-13 20:00:00,0.4289450195342648,Medium,Pending,INV_3,2020-01-05 20:19:00,2020-01-05 21:15:00,56,Fraud
1359,4348568,C1497121623,2020-01-13 21:00:00,0.4172235924993582,Medium,Pending,INV_20,2020-01-05 21:30:00,2020-01-05 23:58:00,148,False Positive
1360,4349912,C1597262786,2020-01-13 21:00:00,0.4057951403861611,Medium,Pending,INV_24,2020-01-05 22:43:00,2020-01-05 23:11:00,28,Fraud
1361,4349931,C1478283231,2020-01-13 21:00:00,0.4129498464015507,Medium,Pending,INV_11,2020-01-05 21:52:00,2020-01-06 00:43:00,171,Fraud
1362,4350404,C1207793578,2020-01-13 21:00:00,0.4169879215464352,Medium,Pending,INV_17,2020-01-05 21:08:00,2020-01-05 23:33:00,145,False Positive
1363,4351224,C107792432,2020-01-13 21:00:00,0.4395707943225141,Medium,Pending,INV_7,2020-01-05 21:08:00,2020-01-06 00:01:00,173,Fraud
1364,4352206,C1290617097,2020-01-13 21:00:00,0.4266637729074408,Medium,Pending,INV_6,2020-01-05 21:44:00,2020-01-06 00:29:00,165,False Positive
1365,4352207,C1748033986,2020-01-13 21:00:00,0.4103483068705796,Medium,Pending,INV_13,2020-01-05 21:38:00,2020-01-05 22:43:00,65,False Positive
1366,4353658,C1372492132,2020-01-13 21:00:00,0.4542617007759739,Medium,Pending,INV_10,2020-01-05 21:58:00,2020-01-06 00:32:00,154,Fraud
1367,4353885,C1836918220,2020-01-13 21:00:00,0.415007667482705,Medium,Pending,INV_5,2020-01-05 21:07:00,2020-01-05 21:53:00,46,Fraud
1368,4355079,C278416360,2020-01-13 21:00:00,0.4214315625139005,Medium,Pending,INV_5,2020-01-05 22:40:00,2020-01-06 00:45:00,125,False Positive
1369,4355855,C14411521,2020-01-13 21:00:00,0.4109267913005845,Medium,Pending,INV_20,2020-01-05 21:20:00,2020-01-05 23:12:00,112,Fraud
1370,4356007,C895800192,2020-01-13 21:00:00,0.4049398704079761,Medium,Pending,INV_23,2020-01-05 21:14:00,2020-01-05 23:12:00,118,Fraud
1371,4356063,C278021282,2020-01-13 21:00:00,0.4295737311918169,Medium,Pending,INV_23,2020-01-05 23:57:00,2020-01-06 01:55:00,118,Fraud
1372,4356319,C223609055,2020-01-13 21:00:00,0.4132426186200824,Medium,Pending,INV_18,2020-01-05 22:19:00,2020-01-05 23:03:00,44,False Positive
1373,4358412,C574570265,2020-01-13 21:00:00,0.4338694567654698,Medium,Pending,INV_7,2020-01-05 22:40:00,2020-01-06 01:20:00,160,Fraud
1374,4359436,C525547853,2020-01-13 21:00:00,0.4178693825621958,Medium,Pending,INV_3,2020-01-05 23:42:00,2020-01-06 00:34:00,52,Fraud
1375,4359437,C1638444720,2020-01-13 21:00:00,0.4084143233471143,Medium,Pending,INV_13,2020-01-05 22:26:00,2020-01-05 23:36:00,70,Fraud
1376,4361177,C777922542,2020-01-13 21:00:00,0.422641262822413,Medium,Pending,INV_12,2020-01-05 23:40:00,2020-01-06 00:03:00,23,Fraud
1377,4361246,C37801058,2020-01-13 21:00:00,0.4421492942180608,Medium,Pending,INV_2,2020-01-05 23:50:00,2020-01-06 01:03:00,73,Fraud
1378,4362916,C27393111,2020-01-13 22:00:00,0.4008865086266881,Medium,Pending,INV_4,2020-01-05 23:53:00,2020-01-06 02:17:00,144,False Positive
1379,4363634,C518607630,2020-01-13 22:00:00,0.549084530185173,Medium,Pending,INV_3,2020-01-05 22:10:00,2020-01-05 23:45:00,95,False Positive
1380,4363635,C1773058354,2020-01-13 22:00:00,0.4350345889526741,Medium,Pending,INV_1,2020-01-05 23:33:00,2020-01-06 02:15:00,162,False Positive
1381,4364402,C1478534135,2020-01-13 22:00:00,0.4037958652377541,Medium,Pending,INV_7,2020-01-05 22:31:00,2020-01-05 23:17:00,46,Fraud
1382,4365011,C1357263744,2020-01-13 22:00:00,0.4187144692991138,Medium,Pending,INV_20,2020-01-05 23:59:00,2020-01-06 02:44:00,165,False Positive
1383,4365380,C499359885,2020-01-13 22:00:00,0.4060339284399503,Medium,Pending,INV_9,2020-01-06 00:18:00,2020-01-06 02:49:00,151,Fraud
1384,4365889,C987642932,2020-01-13 22:00:00,0.4144564400045955,Medium,Pending,INV_2,2020-01-06 00:34:00,2020-01-06 02:47:00,133,False Positive
1385,4366052,C888098477,2020-01-13 22:00:00,0.4365839149146648,Medium,Pending,INV_24,2020-01-05 23:43:00,2020-01-06 02:00:00,137,Fraud
1386,4367614,C265488344,2020-01-13 22:00:00,0.4030420393029457,Medium,Pending,INV_15,2020-01-06 00:51:00,2020-01-06 03:07:00,136,False Positive
1387,4368422,C649349214,2020-01-13 22:00:00,0.4048343726039238,Medium,Pending,INV_5,2020-01-06 00:34:00,2020-01-06 01:40:00,66,Fraud
1388,4372378,C200110777,2020-01-13 22:00:00,0.4437938030652775,Medium,Pending,INV_25,2020-01-05 23:26:00,2020-01-06 01:48:00,142,False Positive
1389,4372884,C787553288,2020-01-13 22:00:00,0.4579126750175302,Medium,Pending,INV_21,2020-01-05 23:58:00,2020-01-06 00:42:00,44,False Positive
1390,4374153,C1905757781,2020-01-13 23:00:00,0.4888294172661567,Medium,Pending,INV_18,2020-01-06 00:06:00,2020-01-06 00:31:00,25,Fraud
1391,4374499,C446442065,2020-01-13 23:00:00,0.4341113919053543,Medium,Pending,INV_9,2020-01-05 23:13:00,2020-01-05 23:30:00,17,False Positive
1392,4375123,C245139496,2020-01-13 23:00:00,0.4955524682651608,Medium,Pending,INV_10,2020-01-05 23:40:00,2020-01-06 00:05:00,25,Fraud
1393,4375124,C1273636748,2020-01-13 23:00:00,0.4023322828714303,Medium,Pending,INV_24,2020-01-06 01:29:00,2020-01-06 03:59:00,150,Fraud
1394,4375796,C669394862,2020-01-13 23:00:00,0.4289369014120747,Medium,Pending,INV_20,2020-01-06 01:14:00,2020-01-06 04:05:00,171,Fraud
1395,4376246,C1846021450,2020-01-13 23:00:00,0.4046675113156682,Medium,Pending,INV_1,2020-01-06 00:25:00,2020-01-06 01:06:00,41,False Positive
1396,4376310,C1257524161,2020-01-13 23:00:00,0.4752462861026421,Medium,Pending,INV_24,2020-01-06 00:33:00,2020-01-06 01:39:00,66,False Positive
1397,4377178,C1664081606,2020-01-13 23:00:00,0.4119925921915427,Medium,Pending,INV_25,2020-01-06 00:50:00,2020-01-06 02:32:00,102,Fraud
1398,4377983,C1317349785,2020-01-13 23:00:00,0.4019719764205538,Medium,Pending,INV_11,2020-01-06 01:17:00,2020-01-06 02:31:00,74,Fraud
1399,4381240,C743259767,2020-01-13 23:00:00,0.5157801820360944,Medium,Pending,INV_16,2020-01-06 01:05:00,2020-01-06 02:17:00,72,Fraud
1400,4381375,C854018138,2020-01-13 23:00:00,0.4288712473141737,Medium,Pending,INV_24,2020-01-06 01:02:00,2020-01-06 03:04:00,122,False Positive
1401,4382269,C551104754,2020-01-13 23:00:00,0.4052864415037358,Medium,Pending,INV_21,2020-01-06 01:54:00,2020-01-06 02:50:00,56,False Positive
1402,4382297,C313080140,2020-01-13 23:00:00,0.4229748743172797,Medium,Pending,INV_12,2020-01-06 00:39:00,2020-01-06 02:22:00,103,False Positive
1403,4382823,C101648180,2020-01-13 23:00:00,0.4009329230354767,Medium,Pending,INV_9,2020-01-06 00:39:00,2020-01-06 02:58:00,139,Fraud
1404,4384243,C497837306,2020-01-14 00:00:00,0.4295727984694618,Medium,Pending,INV_19,2020-01-06 01:48:00,2020-01-06 03:21:00,93,False Positive
1405,4384350,C966273313,2020-01-14 00:00:00,0.4155163456177748,Medium,Pending,INV_21,2020-01-06 01:53:00,2020-01-06 04:29:00,156,False Positive
1406,4385617,C1524903518,2020-01-14 00:00:00,0.4027423888817373,Medium,Pending,INV_4,2020-01-06 02:40:00,2020-01-06 04:31:00,111,False Positive
1407,4386983,C1929732399,2020-01-14 01:00:00,0.4054326150283279,Medium,Pending,INV_13,2020-01-06 01:47:00,2020-01-06 02:00:00,13,Fraud
1408,4387077,C442604272,2020-01-14 01:00:00,0.4489343178708855,Medium,Pending,INV_5,2020-01-06 01:53:00,2020-01-06 03:07:00,74,False Positive
1409,4388182,C1579911170,2020-01-14 01:00:00,0.4123503194583909,Medium,Pending,INV_16,2020-01-06 01:23:00,2020-01-06 02:10:00,47,Fraud
1410,4388183,C1082577868,2020-01-14 01:00:00,0.4236880148393532,Medium,Pending,INV_20,2020-01-06 01:37:00,2020-01-06 01:54:00,17,False Positive
1411,4389526,C1349307179,2020-01-14 09:00:00,0.4044942970205677,Medium,Pending,INV_24,2020-01-06 02:27:00,2020-01-06 02:42:00,15,False Positive
1412,4389621,C1016513639,2020-01-14 09:00:00,0.4560747572019842,Medium,Pending,INV_18,2020-01-06 02:08:00,2020-01-06 02:51:00,43,False Positive
1413,4389676,C740789444,2020-01-14 09:00:00,0.4077949398217566,Medium,Pending,INV_13,2020-01-06 02:12:00,2020-01-06 03:28:00,76,False Positive
1414,4390188,C1687587052,2020-01-14 09:00:00,0.4046943715690396,Medium,Pending,INV_23,2020-01-06 02:48:00,2020-01-06 03:04:00,16,Fraud
1415,4395959,C1772397863,2020-01-14 09:00:00,0.4262625404047934,Medium,Pending,INV_3,2020-01-06 02:56:00,2020-01-06 03:21:00,25,Fraud
1416,4396211,C1297813880,2020-01-14 09:00:00,0.4079716616314645,Medium,Pending,INV_18,2020-01-06 02:51:00,2020-01-06 05:41:00,170,False Positive
1417,4396422,C41116549,2020-01-14 09:00:00,0.4053397884066387,Medium,Pending,INV_11,2020-01-06 02:51:00,2020-01-06 03:50:00,59,False Positive
1418,4396610,C2112016245,2020-01-14 09:00:00,0.4772074778141453,Medium,Pending,INV_7,2020-01-06 01:30:00,2020-01-06 02:42:00,72,Fraud
1419,4398347,C1300682729,2020-01-14 09:00:00,0.4035828256365294,Medium,Pending,INV_15,2020-01-06 03:06:00,2020-01-06 04:33:00,87,False Positive
1420,4398365,C780511108,2020-01-14 09:00:00,0.4108250500551261,Medium,Pending,INV_3,2020-01-06 03:12:00,2020-01-06 05:35:00,143,False Positive
1421,4398793,C2129765797,2020-01-14 09:00:00,0.4047751757796872,Medium,Pending,INV_25,2020-01-06 03:06:00,2020-01-06 04:52:00,106,Fraud
1422,4399547,C834389977,2020-01-14 09:00:00,0.4242417613038719,Medium,Pending,INV_21,2020-01-06 03:26:00,2020-01-06 06:18:00,172,Fraud
1423,4399566,C1486252600,2020-01-14 09:00:00,0.4549141216633477,Medium,Pending,INV_15,2020-01-06 03:12:00,2020-01-06 04:22:00,70,Fraud
1424,4402228,C382301751,2020-01-14 09:00:00,0.4068472225804632,Medium,Pending,INV_4,2020-01-06 03:09:00,2020-01-06 05:46:00,157,Fraud
1425,4402573,C1026192878,2020-01-14 09:00:00,0.4141415102918505,Medium,Pending,INV_17,2020-01-06 02:57:00,2020-01-06 03:40:00,43,Fraud
1426,4402574,C1260192893,2020-01-14 09:00:00,0.5500846809914047,Medium,Pending,INV_15,2020-01-06 02:49:00,2020-01-06 05:35:00,166,False Positive
1427,4403848,C1587568335,2020-01-14 09:00:00,0.4060837442792401,Medium,Pending,INV_11,2020-01-06 02:06:00,2020-01-06 02:21:00,15,Fraud
1428,4404997,C1125023912,2020-01-14 09:00:00,0.482686585978714,Medium,Pending,INV_15,2020-01-06 03:58:00,2020-01-06 04:39:00,41,Fraud
1429,4405021,C1852801310,2020-01-14 09:00:00,0.4772431547092493,Medium,Pending,INV_21,2020-01-06 03:45:00,2020-01-06 04:47:00,62,Fraud
1430,4408102,C216791800,2020-01-14 10:00:00,0.4591423551808493,Medium,Pending,INV_25,2020-01-06 02:26:00,2020-01-06 02:36:00,10,Fraud
1431,4408244,C2046332895,2020-01-14 10:00:00,0.4024442078124774,Medium,Pending,INV_7,2020-01-06 03:09:00,2020-01-06 05:07:00,118,Fraud
1432,4408659,C2052359795,2020-01-14 10:00:00,0.4629636175074547,Medium,Pending,INV_20,2020-01-06 02:20:00,2020-01-06 03:41:00,81,Fraud
1433,4408804,C1277141527,2020-01-14 10:00:00,0.4403395991665259,Medium,Pending,INV_5,2020-01-06 04:02:00,2020-01-06 04:27:00,25,False Positive
1434,4409293,C533717990,2020-01-14 10:00:00,0.4308149350724424,Medium,Pending,INV_21,2020-01-06 04:42:00,2020-01-06 05:13:00,31,Fraud
1435,4409341,C499334537,2020-01-14 10:00:00,0.4141497160981197,Medium,Pending,INV_20,2020-01-06 04:34:00,2020-01-06 05:44:00,70,Fraud
1436,4409892,C203919132,2020-01-14 10:00:00,0.4196578158146577,Medium,Pending,INV_17,2020-01-06 03:21:00,2020-01-06 04:48:00,87,False Positive
1437,4410032,C395610546,2020-01-14 10:00:00,0.4387621252521565,Medium,Pending,INV_3,2020-01-06 04:14:00,2020-01-06 06:53:00,159,Fraud
1438,4414032,C1571033712,2020-01-14 10:00:00,0.4032352537458867,Medium,Pending,INV_11,2020-01-06 03:49:00,2020-01-06 05:08:00,79,Fraud
1439,4415496,C1347912300,2020-01-14 10:00:00,0.4358831900947446,Medium,Pending,INV_20,2020-01-06 05:44:00,2020-01-06 06:07:00,23,Fraud
1440,4416416,C478153530,2020-01-14 10:00:00,0.435151851188789,Medium,Pending,INV_1,2020-01-06 04:46:00,2020-01-06 05:12:00,26,False Positive
1441,4417233,C1488560635,2020-01-14 10:00:00,0.4421770135179591,Medium,Pending,INV_17,2020-01-06 04:22:00,2020-01-06 05:15:00,53,False Positive
1442,4417506,C748235847,2020-01-14 10:00:00,0.4248855984650809,Medium,Pending,INV_4,2020-01-06 05:05:00,2020-01-06 07:35:00,150,Fraud
1443,4419124,C11074473,2020-01-14 10:00:00,0.4080588194547192,Medium,Pending,INV_22,2020-01-06 06:52:00,2020-01-06 08:57:00,125,Fraud
1444,4420348,C1406478503,2020-01-14 10:00:00,0.4075504458665979,Medium,Pending,INV_6,2020-01-06 05:56:00,2020-01-06 08:16:00,140,Fraud
1445,4421097,C81916915,2020-01-14 10:00:00,0.4197480350086559,Medium,Pending,INV_16,2020-01-06 06:52:00,2020-01-06 09:33:00,161,Fraud
1446,4425287,C1972083223,2020-01-14 10:00:00,0.5419256347940942,Medium,Pending,INV_11,2020-01-06 05:24:00,2020-01-06 07:07:00,103,Fraud
1447,4425326,C947257260,2020-01-14 10:00:00,0.4043222049756722,Medium,Pending,INV_11,2020-01-06 06:27:00,2020-01-06 08:31:00,124,Fraud
1448,4425591,C2029372395,2020-01-14 10:00:00,0.4669334546757528,Medium,Pending,INV_11,2020-01-06 06:42:00,2020-01-06 09:09:00,147,Fraud
1449,4426073,C1770908498,2020-01-14 10:00:00,0.4347598523951523,Medium,Pending,INV_17,2020-01-06 06:56:00,2020-01-06 07:47:00,51,False Positive
1450,4426834,C1001742979,2020-01-14 10:00:00,0.5338559598751353,Medium,Pending,INV_1,2020-01-06 05:23:00,2020-01-06 07:03:00,100,Fraud
1451,4427670,C758777577,2020-01-14 10:00:00,0.4505913023149934,Medium,Pending,INV_25,2020-01-06 05:22:00,2020-01-06 05:52:00,30,False Positive
1452,4427671,C1097157788,2020-01-14 10:00:00,0.4149206898737063,Medium,Pending,INV_6,2020-01-06 05:40:00,2020-01-06 06:50:00,70,False Positive
1453,4427984,C1237991204,2020-01-14 10:00:00,0.4732875494696353,Medium,Pending,INV_22,2020-01-06 07:53:00,2020-01-06 08:28:00,35,Fraud
1454,4428918,C1772174901,2020-01-14 10:00:00,0.4185523624112443,Medium,Pending,INV_22,2020-01-06 07:35:00,2020-01-06 08:15:00,40,False Positive
1455,4429170,C1634248278,2020-01-14 10:00:00,0.4822752417147398,Medium,Pending,INV_6,2020-01-06 07:32:00,2020-01-06 10:12:00,160,Fraud
1456,4431018,C744686834,2020-01-14 10:00:00,0.4107003420171485,Medium,Pending,INV_11,2020-01-06 07:18:00,2020-01-06 07:51:00,33,False Positive
1457,4431894,C1939665876,2020-01-14 10:00:00,0.4094493484135284,Medium,Pending,INV_17,2020-01-06 07:26:00,2020-01-06 10:20:00,174,False Positive
1458,4434966,C1274740928,2020-01-14 11:00:00,0.4045483072330851,Medium,Pending,INV_15,2020-01-06 06:19:00,2020-01-06 06:53:00,34,Fraud
1459,4435336,C11792760,2020-01-14 11:00:00,0.4489404390979668,Medium,Pending,INV_4,2020-01-06 07:25:00,2020-01-06 09:44:00,139,Fraud
1460,4436409,C1129165586,2020-01-14 11:00:00,0.4060789221092074,Medium,Pending,INV_12,2020-01-06 08:01:00,2020-01-06 10:20:00,139,Fraud
1461,4436757,C1993883957,2020-01-14 11:00:00,0.4463282868403254,Medium,Pending,INV_21,2020-01-06 07:38:00,2020-01-06 09:14:00,96,Fraud
1462,4437374,C1425988274,2020-01-14 11:00:00,0.4210091928477538,Medium,Pending,INV_8,2020-01-06 07:20:00,2020-01-06 09:40:00,140,False Positive
1463,4439224,C1003422978,2020-01-14 11:00:00,0.5152926861938083,Medium,Pending,INV_2,2020-01-06 08:00:00,2020-01-06 10:20:00,140,Fraud
1464,4440114,C218292910,2020-01-14 11:00:00,0.4441885936654764,Medium,Pending,INV_11,2020-01-06 08:50:00,2020-01-06 09:07:00,17,Fraud
1465,4440993,C932958883,2020-01-14 11:00:00,0.425883261481657,Medium,Pending,INV_3,2020-01-06 07:44:00,2020-01-06 09:12:00,88,Fraud
1466,4441079,C1232151551,2020-01-14 11:00:00,0.4318000399570269,Medium,Pending,INV_3,2020-01-06 08:48:00,2020-01-06 09:10:00,22,Fraud
1467,4441456,C1551614277,2020-01-14 11:00:00,0.4066427002230013,Medium,Pending,INV_3,2020-01-06 08:45:00,2020-01-06 09:51:00,66,False Positive
1468,4441795,C495686655,2020-01-14 11:00:00,0.4353270231558954,Medium,Pending,INV_22,2020-01-06 08:09:00,2020-01-06 09:12:00,63,False Positive
1469,4441903,C590246613,2020-01-14 11:00:00,0.4098892061316517,Medium,Pending,INV_6,2020-01-06 07:54:00,2020-01-06 08:21:00,27,False Positive
1470,4443725,C516722861,2020-01-14 11:00:00,0.4016185949674844,Medium,Pending,INV_24,2020-01-06 08:27:00,2020-01-06 11:16:00,169,Fraud
1471,4444870,C1307687986,2020-01-14 11:00:00,0.4184907844115002,Medium,Pending,INV_9,2020-01-06 07:22:00,2020-01-06 07:39:00,17,False Positive
1472,4445112,C1525862640,2020-01-14 11:00:00,0.4005465213331734,Medium,Pending,INV_12,2020-01-06 07:15:00,2020-01-06 08:34:00,79,Fraud
1473,4447857,C874717526,2020-01-14 11:00:00,0.4408562660935549,Medium,Pending,INV_21,2020-01-06 09:43:00,2020-01-06 10:07:00,24,False Positive
1474,4447858,C2069312924,2020-01-14 11:00:00,0.4717900743293417,Medium,Pending,INV_11,2020-01-06 08:12:00,2020-01-06 10:05:00,113,Fraud
1475,4448417,C1989994352,2020-01-14 11:00:00,0.4033709213851173,Medium,Pending,INV_13,2020-01-06 08:12:00,2020-01-06 09:39:00,87,False Positive
1476,4448418,C684508774,2020-01-14 11:00:00,0.4035323391427584,Medium,Pending,INV_11,2020-01-06 08:34:00,2020-01-06 10:17:00,103,False Positive
1477,4449066,C484723168,2020-01-14 11:00:00,0.408023854330206,Medium,Pending,INV_23,2020-01-06 08:50:00,2020-01-06 09:44:00,54,Fraud
1478,4450356,C460576175,2020-01-14 11:00:00,0.4065276556065986,Medium,Pending,INV_4,2020-01-06 08:40:00,2020-01-06 11:20:00,160,False Positive
1479,4452349,C1833845326,2020-01-14 11:00:00,0.4073630967162065,Medium,Pending,INV_8,2020-01-06 08:53:00,2020-01-06 11:43:00,170,Fraud
1480,4452854,C114844264,2020-01-14 11:00:00,0.4232107308605982,Medium,Pending,INV_19,2020-01-06 08:18:00,2020-01-06 09:50:00,92,Fraud
1481,4453355,C890260346,2020-01-14 11:00:00,0.4362382925182384,Medium,Pending,INV_4,2020-01-06 10:38:00,2020-01-06 11:55:00,77,Fraud
1482,4456473,C87592308,2020-01-14 11:00:00,0.5031020250026481,Medium,Pending,INV_18,2020-01-06 10:16:00,2020-01-06 11:18:00,62,Fraud
1483,4457115,C1226654312,2020-01-14 11:00:00,0.4569234083194367,Medium,Pending,INV_2,2020-01-06 10:39:00,2020-01-06 12:01:00,82,Fraud
1484,4457639,C331404256,2020-01-14 11:00:00,0.451986414319205,Medium,Pending,INV_12,2020-01-06 09:32:00,2020-01-06 09:47:00,15,Fraud
1485,4458907,C1133709329,2020-01-14 11:00:00,0.4046139537589586,Medium,Pending,INV_1,2020-01-06 10:11:00,2020-01-06 12:04:00,113,False Positive
1486,4459769,C1575817529,2020-01-14 11:00:00,0.4008639406528606,Medium,Pending,INV_21,2020-01-06 09:59:00,2020-01-06 11:19:00,80,False Positive
1487,4460172,C1881422556,2020-01-14 11:00:00,0.4063959610102299,Medium,Pending,INV_6,2020-01-06 11:14:00,2020-01-06 13:13:00,119,False Positive
1488,4460618,C658894985,2020-01-14 11:00:00,0.4603827428726239,Medium,Pending,INV_9,2020-01-06 11:23:00,2020-01-06 12:16:00,53,Fraud
1489,4460801,C1432845990,2020-01-14 11:00:00,0.4270022931963355,Medium,Pending,INV_23,2020-01-06 11:22:00,2020-01-06 13:54:00,152,Fraud
1490,4463959,C316001572,2020-01-14 12:00:00,0.4112794382669805,Medium,Pending,INV_22,2020-01-06 11:40:00,2020-01-06 11:58:00,18,False Positive
1491,4465418,C1086379316,2020-01-14 12:00:00,0.4375613371443645,Medium,Pending,INV_21,2020-01-06 10:10:00,2020-01-06 10:50:00,40,Fraud
1492,4465472,C102436798,2020-01-14 12:00:00,0.40095124537345,Medium,Pending,INV_9,2020-01-06 11:41:00,2020-01-06 13:14:00,93,Fraud
1493,4468197,C2108347964,2020-01-14 12:00:00,0.4114155122212101,Medium,Pending,INV_10,2020-01-06 11:47:00,2020-01-06 12:28:00,41,False Positive
1494,4468198,C1390352244,2020-01-14 12:00:00,0.4411615707749048,Medium,Pending,INV_4,2020-01-06 11:14:00,2020-01-06 12:52:00,98,False Positive
1495,4470822,C423937426,2020-01-14 12:00:00,0.415111555019376,Medium,Pending,INV_15,2020-01-06 12:46:00,2020-01-06 13:49:00,63,False Positive
1496,4472149,C264560663,2020-01-14 12:00:00,0.4140811086065882,Medium,Pending,INV_19,2020-01-06 11:12:00,2020-01-06 14:10:00,178,Fraud
1497,4472177,C882284085,2020-01-14 12:00:00,0.5123154375720951,Medium,Pending,INV_16,2020-01-06 12:22:00,2020-01-06 13:15:00,53,Fraud
1498,4474110,C2034341245,2020-01-14 12:00:00,0.4831322621185364,Medium,Pending,INV_18,2020-01-06 12:36:00,2020-01-06 14:10:00,94,Fraud
1499,4474892,C2030565248,2020-01-14 12:00:00,0.4166353108500514,Medium,Pending,INV_8,2020-01-06 12:58:00,2020-01-06 15:55:00,177,False Positive
1500,4475025,C1215728534,2020-01-14 12:00:00,0.4450889923978902,Medium,Pending,INV_13,2020-01-06 11:34:00,2020-01-06 14:19:00,165,False Positive
1501,4479635,C1458910977,2020-01-14 12:00:00,0.4323075991735838,Medium,Pending,INV_3,2020-01-06 11:59:00,2020-01-06 13:56:00,117,Fraud
1502,4479933,C167782479,2020-01-14 12:00:00,0.4417160835286127,Medium,Pending,INV_4,2020-01-06 11:56:00,2020-01-06 14:35:00,159,Fraud
1503,4480053,C671335139,2020-01-14 12:00:00,0.4427531656877546,Medium,Pending,INV_5,2020-01-06 12:18:00,2020-01-06 12:52:00,34,Fraud
1504,4480152,C984903452,2020-01-14 12:00:00,0.428080718323086,Medium,Pending,INV_5,2020-01-06 12:55:00,2020-01-06 15:41:00,166,Fraud
1505,4480388,C1767012502,2020-01-14 12:00:00,0.4156683204512836,Medium,Pending,INV_21,2020-01-06 11:43:00,2020-01-06 13:44:00,121,Fraud
1506,4481982,C529692739,2020-01-14 12:00:00,0.4064081933178755,Medium,Pending,INV_1,2020-01-06 11:46:00,2020-01-06 11:59:00,13,False Positive
1507,4483936,C127804441,2020-01-14 12:00:00,0.4072714572369985,Medium,Pending,INV_1,2020-01-06 12:05:00,2020-01-06 12:40:00,35,Fraud
1508,4484099,C1287022784,2020-01-14 12:00:00,0.4039254294441682,Medium,Pending,INV_7,2020-01-06 11:19:00,2020-01-06 13:57:00,158,False Positive
1509,4484535,C157611509,2020-01-14 12:00:00,0.4707250709243264,Medium,Pending,INV_4,2020-01-06 12:33:00,2020-01-06 14:30:00,117,Fraud
1510,4484805,C1179879087,2020-01-14 12:00:00,0.4749582272441071,Medium,Pending,INV_7,2020-01-06 12:26:00,2020-01-06 13:14:00,48,Fraud
1511,4485719,C961577000,2020-01-14 12:00:00,0.421116612583842,Medium,Pending,INV_1,2020-01-06 13:11:00,2020-01-06 13:50:00,39,Fraud
1512,4485728,C221759450,2020-01-14 12:00:00,0.419852950069467,Medium,Pending,INV_22,2020-01-06 13:50:00,2020-01-06 14:54:00,64,Fraud
1513,4486306,C414681777,2020-01-14 12:00:00,0.4173761684761352,Medium,Pending,INV_5,2020-01-06 12:12:00,2020-01-06 12:49:00,37,Fraud
1514,4486489,C723700738,2020-01-14 12:00:00,0.4014972915402596,Medium,Pending,INV_2,2020-01-06 13:56:00,2020-01-06 14:30:00,34,False Positive
1515,4486726,C2018281675,2020-01-14 12:00:00,0.4333743022716261,Medium,Pending,INV_12,2020-01-06 13:14:00,2020-01-06 14:04:00,50,Fraud
1516,4487458,C428449280,2020-01-14 12:00:00,0.4382170788958662,Medium,Pending,INV_4,2020-01-06 13:25:00,2020-01-06 14:07:00,42,False Positive
1517,4492959,C2019116395,2020-01-14 12:00:00,0.4273874555848877,Medium,Pending,INV_9,2020-01-06 13:15:00,2020-01-06 13:50:00,35,False Positive
1518,4492960,C1437390065,2020-01-14 12:00:00,0.4104841024013558,Medium,Pending,INV_1,2020-01-06 13:05:00,2020-01-06 13:38:00,33,Fraud
1519,4493115,C496216502,2020-01-14 13:00:00,0.4031383501173973,Medium,Pending,INV_23,2020-01-06 14:30:00,2020-01-06 15:38:00,68,Fraud
1520,4493328,C955576824,2020-01-14 13:00:00,0.4228819755341679,Medium,Pending,INV_17,2020-01-06 14:42:00,2020-01-06 17:01:00,139,False Positive
1521,4493398,C1837657418,2020-01-14 13:00:00,0.4202361871185709,Medium,Pending,INV_11,2020-01-06 14:56:00,2020-01-06 17:44:00,168,False Positive
1522,4493399,C1556514087,2020-01-14 13:00:00,0.4369872053429632,Medium,Pending,INV_24,2020-01-06 14:36:00,2020-01-06 16:25:00,109,Fraud
1523,4493790,C757801156,2020-01-14 13:00:00,0.4048680001297681,Medium,Pending,INV_15,2020-01-06 13:25:00,2020-01-06 14:00:00,35,Fraud
1524,4493797,C185209240,2020-01-14 13:00:00,0.4074106972073924,Medium,Pending,INV_2,2020-01-06 14:01:00,2020-01-06 14:50:00,49,Fraud
1525,4493905,C242646577,2020-01-14 13:00:00,0.4358343270436829,Medium,Pending,INV_1,2020-01-06 14:03:00,2020-01-06 15:14:00,71,False Positive
1526,4494043,C150404492,2020-01-14 13:00:00,0.4260597137271837,Medium,Pending,INV_10,2020-01-06 14:05:00,2020-01-06 15:18:00,73,False Positive
1527,4494044,C1904292362,2020-01-14 13:00:00,0.4136874194335185,Medium,Pending,INV_4,2020-01-06 14:41:00,2020-01-06 17:36:00,175,Fraud
1528,4494333,C1324396591,2020-01-14 13:00:00,0.4126797434705753,Medium,Pending,INV_10,2020-01-06 14:48:00,2020-01-06 16:06:00,78,False Positive
1529,4494334,C1155959239,2020-01-14 13:00:00,0.4073946424645131,Medium,Pending,INV_14,2020-01-06 15:52:00,2020-01-06 18:37:00,165,Fraud
1530,4494380,C1461136068,2020-01-14 13:00:00,0.4293029098268664,Medium,Pending,INV_15,2020-01-06 15:57:00,2020-01-06 16:44:00,47,False Positive
1531,4494863,C458058672,2020-01-14 13:00:00,0.5302468527369355,Medium,Pending,INV_1,2020-01-06 14:59:00,2020-01-06 16:50:00,111,Fraud
1532,4495318,C723936604,2020-01-14 13:00:00,0.439927331948112,Medium,Pending,INV_16,2020-01-06 14:32:00,2020-01-06 15:37:00,65,Fraud
1533,4497110,C890634131,2020-01-14 13:00:00,0.454611381854894,Medium,Pending,INV_18,2020-01-06 15:03:00,2020-01-06 15:27:00,24,Fraud
1534,4497111,C1093128101,2020-01-14 13:00:00,0.4396690915826764,Medium,Pending,INV_6,2020-01-06 14:35:00,2020-01-06 14:50:00,15,Fraud
1535,4497149,C432426403,2020-01-14 13:00:00,0.451241373677935,Medium,Pending,INV_15,2020-01-06 14:32:00,2020-01-06 17:25:00,173,Fraud
1536,4498790,C1404700381,2020-01-14 13:00:00,0.4624496593975657,Medium,Pending,INV_8,2020-01-06 14:08:00,2020-01-06 16:14:00,126,Fraud
1537,4499232,C449945225,2020-01-14 13:00:00,0.5055974436274188,Medium,Pending,INV_18,2020-01-06 14:40:00,2020-01-06 17:14:00,154,False Positive
1538,4499233,C1253804092,2020-01-14 13:00:00,0.4207576956000232,Medium,Pending,INV_5,2020-01-06 15:24:00,2020-01-06 16:51:00,87,Fraud
1539,4500678,C853004055,2020-01-14 13:00:00,0.4147754666385733,Medium,Pending,INV_9,2020-01-06 16:57:00,2020-01-06 18:15:00,78,Fraud
1540,4500894,C1511816481,2020-01-14 13:00:00,0.4111709650346976,Medium,Pending,INV_9,2020-01-06 16:21:00,2020-01-06 17:22:00,61,Fraud
1541,4501278,C521100537,2020-01-14 13:00:00,0.448830460395164,Medium,Pending,INV_6,2020-01-06 15:42:00,2020-01-06 16:15:00,33,Fraud
1542,4501685,C1746853984,2020-01-14 13:00:00,0.4674684065349391,Medium,Pending,INV_21,2020-01-06 15:15:00,2020-01-06 16:12:00,57,Fraud
1543,4501686,C1842044776,2020-01-14 13:00:00,0.4292902645408375,Medium,Pending,INV_18,2020-01-06 16:37:00,2020-01-06 17:53:00,76,False Positive
1544,4502483,C32302491,2020-01-14 13:00:00,0.4435254852397999,Medium,Pending,INV_11,2020-01-06 16:46:00,2020-01-06 19:11:00,145,False Positive
1545,4503214,C659281199,2020-01-14 13:00:00,0.4036626295066157,Medium,Pending,INV_18,2020-01-06 16:36:00,2020-01-06 18:05:00,89,Fraud
1546,4503809,C415923572,2020-01-14 13:00:00,0.4569616574323035,Medium,Pending,INV_18,2020-01-06 15:39:00,2020-01-06 17:28:00,109,Fraud
1547,4506618,C1850507083,2020-01-14 13:00:00,0.527876661818394,Medium,Pending,INV_22,2020-01-06 17:02:00,2020-01-06 17:35:00,33,Fraud
1548,4509536,C918789312,2020-01-14 13:00:00,0.4030431356568164,Medium,Pending,INV_17,2020-01-06 17:02:00,2020-01-06 20:01:00,179,Fraud
1549,4510385,C1326839139,2020-01-14 13:00:00,0.4702779828285245,Medium,Pending,INV_5,2020-01-06 16:11:00,2020-01-06 16:50:00,39,False Positive
1550,4513638,C19138823,2020-01-14 13:00:00,0.501050577069932,Medium,Pending,INV_16,2020-01-06 17:55:00,2020-01-06 18:19:00,24,Fraud
1551,4514413,C123878913,2020-01-14 13:00:00,0.4126691873826711,Medium,Pending,INV_13,2020-01-06 16:56:00,2020-01-06 19:10:00,134,False Positive
1552,4515101,C696842553,2020-01-14 13:00:00,0.4484875012322717,Medium,Pending,INV_17,2020-01-06 17:01:00,2020-01-06 18:20:00,79,Fraud
1553,4515258,C2140782508,2020-01-14 13:00:00,0.4098267110836496,Medium,Pending,INV_12,2020-01-06 16:27:00,2020-01-06 17:28:00,61,False Positive
1554,4516293,C803802627,2020-01-14 13:00:00,0.4322617219244306,Medium,Pending,INV_13,2020-01-06 16:59:00,2020-01-06 17:54:00,55,False Positive
1555,4517345,C1738888087,2020-01-14 13:00:00,0.413302119309785,Medium,Pending,INV_15,2020-01-06 17:34:00,2020-01-06 18:01:00,27,False Positive
1556,4517626,C260511138,2020-01-14 13:00:00,0.4159570321700351,Medium,Pending,INV_13,2020-01-06 17:30:00,2020-01-06 19:39:00,129,False Positive
1557,4517639,C1414309133,2020-01-14 13:00:00,0.41344777165172,Medium,Pending,INV_19,2020-01-06 18:24:00,2020-01-06 19:27:00,63,False Positive
1558,4518311,C1604877964,2020-01-14 13:00:00,0.4014425682699067,Medium,Pending,INV_6,2020-01-06 18:32:00,2020-01-06 20:05:00,93,Fraud
1559,4519773,C608189261,2020-01-14 13:00:00,0.4041299412765118,Medium,Pending,INV_19,2020-01-06 18:18:00,2020-01-06 20:53:00,155,Fraud
1560,4521173,C411662526,2020-01-14 14:00:00,0.4237334573784042,Medium,Pending,INV_25,2020-01-06 17:06:00,2020-01-06 17:23:00,17,Fraud
1561,4521250,C71946847,2020-01-14 14:00:00,0.4481929829041842,Medium,Pending,INV_3,2020-01-06 18:48:00,2020-01-06 20:27:00,99,False Positive
1562,4521269,C1303502312,2020-01-14 14:00:00,0.4141643096668403,Medium,Pending,INV_14,2020-01-06 17:57:00,2020-01-06 18:38:00,41,False Positive
1563,4521489,C1194697054,2020-01-14 14:00:00,0.415375825444681,Medium,Pending,INV_7,2020-01-06 18:02:00,2020-01-06 20:01:00,119,False Positive
1564,4521582,C133111369,2020-01-14 14:00:00,0.4176979747257108,Medium,Pending,INV_22,2020-01-06 18:52:00,2020-01-06 21:50:00,178,Fraud
1565,4521726,C1724927440,2020-01-14 14:00:00,0.4015025659874985,Medium,Pending,INV_23,2020-01-06 18:15:00,2020-01-06 18:45:00,30,False Positive
1566,4521821,C1608477018,2020-01-14 14:00:00,0.44464788552238,Medium,Pending,INV_24,2020-01-06 17:36:00,2020-01-06 18:22:00,46,False Positive
1567,4522112,C79813575,2020-01-14 14:00:00,0.4130076578476245,Medium,Pending,INV_4,2020-01-06 18:20:00,2020-01-06 19:51:00,91,False Positive
1568,4522359,C680158042,2020-01-14 14:00:00,0.4142599794334385,Medium,Pending,INV_14,2020-01-06 17:05:00,2020-01-06 18:32:00,87,False Positive
1569,4522423,C891098606,2020-01-14 14:00:00,0.4808489470409433,Medium,Pending,INV_9,2020-01-06 19:14:00,2020-01-06 21:38:00,144,False Positive
1570,4522679,C2052286488,2020-01-14 14:00:00,0.4527308867555267,Medium,Pending,INV_3,2020-01-06 18:53:00,2020-01-06 20:46:00,113,False Positive
1571,4523073,C788759110,2020-01-14 14:00:00,0.4122843558160031,Medium,Pending,INV_19,2020-01-06 18:10:00,2020-01-06 20:13:00,123,False Positive
1572,4523450,C1781311279,2020-01-14 14:00:00,0.4571732476717326,Medium,Pending,INV_15,2020-01-06 19:13:00,2020-01-06 21:30:00,137,Fraud
1573,4523788,C1498137626,2020-01-14 14:00:00,0.4190794436021013,Medium,Pending,INV_22,2020-01-06 19:53:00,2020-01-06 22:35:00,162,Fraud
1574,4524315,C614014533,2020-01-14 14:00:00,0.4303600765619562,Medium,Pending,INV_9,2020-01-06 20:24:00,2020-01-06 20:41:00,17,False Positive
1575,4524759,C1635368267,2020-01-14 14:00:00,0.4074232111187431,Medium,Pending,INV_21,2020-01-06 20:08:00,2020-01-06 21:30:00,82,False Positive
1576,4525589,C840607329,2020-01-14 14:00:00,0.4095888577966629,Medium,Pending,INV_21,2020-01-06 19:08:00,2020-01-06 21:13:00,125,Fraud
1577,4526045,C1992231943,2020-01-14 14:00:00,0.4668303922629254,Medium,Pending,INV_20,2020-01-06 20:06:00,2020-01-06 21:59:00,113,False Positive
1578,4526046,C1559251290,2020-01-14 14:00:00,0.4083745998090405,Medium,Pending,INV_17,2020-01-06 21:42:00,2020-01-06 23:09:00,87,False Positive
1579,4526361,C967510047,2020-01-14 14:00:00,0.4632169197751156,Medium,Pending,INV_9,2020-01-06 20:49:00,2020-01-06 21:48:00,59,Fraud
1580,4526512,C2002749387,2020-01-14 14:00:00,0.4984428676237424,Medium,Pending,INV_11,2020-01-06 20:12:00,2020-01-06 23:07:00,175,Fraud
1581,4526532,C352211762,2020-01-14 14:00:00,0.4277977845156862,Medium,Pending,INV_14,2020-01-06 21:44:00,2020-01-06 23:45:00,121,Fraud
1582,4527221,C1699594363,2020-01-14 14:00:00,0.412632215973735,Medium,Pending,INV_20,2020-01-06 20:30:00,2020-01-06 22:19:00,109,Fraud
1583,4527293,C646814616,2020-01-14 14:00:00,0.4545881574619971,Medium,Pending,INV_21,2020-01-06 20:29:00,2020-01-06 20:50:00,21,False Positive
1584,4527694,C815272084,2020-01-14 14:00:00,0.4726480475213664,Medium,Pending,INV_17,2020-01-06 21:26:00,2020-01-07 00:25:00,179,Fraud
1585,4527806,C1835993430,2020-01-14 14:00:00,0.4067531138630672,Medium,Pending,INV_3,2020-01-06 21:09:00,2020-01-06 21:23:00,14,Fraud
1586,4528257,C1999313816,2020-01-14 14:00:00,0.4758836571309143,Medium,Pending,INV_14,2020-01-06 21:46:00,2020-01-07 00:38:00,172,Fraud
1587,4528722,C327762915,2020-01-14 14:00:00,0.4158059568176804,Medium,Pending,INV_22,2020-01-06 20:07:00,2020-01-06 21:58:00,111,False Positive
1588,4529335,C676797940,2020-01-14 14:00:00,0.4574821386924967,Medium,Pending,INV_10,2020-01-06 20:08:00,2020-01-06 22:00:00,112,Fraud
1589,4530843,C392557585,2020-01-14 14:00:00,0.5194324130070652,Medium,Pending,INV_11,2020-01-06 20:15:00,2020-01-06 23:07:00,172,Fraud
1590,4531495,C1719483666,2020-01-14 14:00:00,0.4060622966626107,Medium,Pending,INV_14,2020-01-06 21:25:00,2020-01-06 21:51:00,26,Fraud
1591,4531527,C1272088580,2020-01-14 14:00:00,0.4302320731775835,Medium,Pending,INV_20,2020-01-06 22:53:00,2020-01-06 23:41:00,48,Fraud
1592,4531625,C1925384323,2020-01-14 14:00:00,0.4403457761994502,Medium,Pending,INV_8,2020-01-06 22:17:00,2020-01-06 23:43:00,86,Fraud
1593,4532103,C1089947818,2020-01-14 14:00:00,0.4834219529004516,Medium,Pending,INV_3,2020-01-06 22:28:00,2020-01-06 22:58:00,30,False Positive
1594,4532163,C1864681639,2020-01-14 14:00:00,0.4255463721317789,Medium,Pending,INV_23,2020-01-06 22:20:00,2020-01-06 22:47:00,27,False Positive
1595,4532363,C1686866340,2020-01-14 14:00:00,0.4168322706449855,Medium,Pending,INV_20,2020-01-06 22:40:00,2020-01-07 00:51:00,131,False Positive
1596,4532366,C978561141,2020-01-14 14:00:00,0.4081832825376051,Medium,Pending,INV_21,2020-01-06 22:51:00,2020-01-07 01:01:00,130,False Positive
1597,4532516,C846468185,2020-01-14 14:00:00,0.4341232149449102,Medium,Pending,INV_22,2020-01-06 22:01:00,2020-01-07 00:55:00,174,Fraud
1598,4532824,C144218070,2020-01-14 14:00:00,0.4547165363432166,Medium,Pending,INV_23,2020-01-06 22:06:00,2020-01-06 23:13:00,67,Fraud
1599,4533054,C1557258060,2020-01-14 14:00:00,0.409004192320559,Medium,Pending,INV_1,2020-01-06 22:28:00,2020-01-07 00:05:00,97,Fraud
1600,4533259,C2015653425,2020-01-14 14:00:00,0.4376382723518088,Medium,Pending,INV_21,2020-01-06 23:58:00,2020-01-07 01:59:00,121,False Positive
1601,4533675,C1035700459,2020-01-14 14:00:00,0.4281422936726204,Medium,Pending,INV_19,2020-01-06 23:31:00,2020-01-07 00:56:00,85,Fraud
1602,4533902,C2083782049,2020-01-14 14:00:00,0.4437716919118729,Medium,Pending,INV_13,2020-01-06 23:39:00,2020-01-07 01:19:00,100,Fraud
1603,4534200,C726217649,2020-01-14 14:00:00,0.4033288148542495,Medium,Pending,INV_11,2020-01-06 23:32:00,2020-01-07 01:37:00,125,False Positive
1604,4534302,C1755296967,2020-01-14 14:00:00,0.4127359568402321,Medium,Pending,INV_17,2020-01-06 23:42:00,2020-01-07 01:58:00,136,Fraud
1605,4534413,C129619778,2020-01-14 14:00:00,0.461335050428466,Medium,Pending,INV_18,2020-01-06 22:10:00,2020-01-06 22:52:00,42,Fraud
1606,4534799,C2028256943,2020-01-14 14:00:00,0.4140262837196254,Medium,Pending,INV_2,2020-01-06 23:28:00,2020-01-06 23:43:00,15,False Positive
1607,4534854,C595106415,2020-01-14 14:00:00,0.412319031310462,Medium,Pending,INV_16,2020-01-07 00:11:00,2020-01-07 02:58:00,167,False Positive
1608,4535297,C1018882205,2020-01-14 14:00:00,0.4125482532432305,Medium,Pending,INV_15,2020-01-07 00:47:00,2020-01-07 01:47:00,60,False Positive
1609,4535376,C2054512784,2020-01-14 14:00:00,0.4248353806268479,Medium,Pending,INV_2,2020-01-06 23:44:00,2020-01-07 01:37:00,113,Fraud
1610,4535377,C1237933058,2020-01-14 14:00:00,0.4366016376237756,Medium,Pending,INV_19,2020-01-07 00:58:00,2020-01-07 02:45:00,107,Fraud
1611,4535415,C1696369332,2020-01-14 14:00:00,0.4593780168201783,Medium,Pending,INV_25,2020-01-07 00:47:00,2020-01-07 03:29:00,162,Fraud
1612,4535417,C1086985682,2020-01-14 14:00:00,0.4133451864280694,Medium,Pending,INV_1,2020-01-06 23:21:00,2020-01-07 02:15:00,174,False Positive
1613,4535771,C1939399250,2020-01-14 14:00:00,0.4524871662072632,Medium,Pending,INV_22,2020-01-07 00:28:00,2020-01-07 01:52:00,84,False Positive
1614,4535805,C1544516101,2020-01-14 14:00:00,0.4892371689816541,Medium,Pending,INV_19,2020-01-06 23:07:00,2020-01-07 01:08:00,121,False Positive
1615,4537083,C723245251,2020-01-14 14:00:00,0.4051299369318987,Medium,Pending,INV_5,2020-01-07 00:10:00,2020-01-07 00:55:00,45,False Positive
1616,4537191,C1726418400,2020-01-14 14:00:00,0.4124696826292732,Medium,Pending,INV_13,2020-01-07 00:43:00,2020-01-07 00:57:00,14,Fraud
1617,4537543,C1888799155,2020-01-14 14:00:00,0.4145174457104965,Medium,Pending,INV_9,2020-01-07 00:25:00,2020-01-07 01:16:00,51,False Positive
1618,4537738,C903880377,2020-01-14 14:00:00,0.4043395165236863,Medium,Pending,INV_18,2020-01-06 23:47:00,2020-01-07 01:09:00,82,Fraud
1619,4538001,C1759748566,2020-01-14 14:00:00,0.4159825570963459,Medium,Pending,INV_25,2020-01-07 00:48:00,2020-01-07 01:42:00,54,Fraud
1620,4538036,C1344642379,2020-01-14 14:00:00,0.4700705550840869,Medium,Pending,INV_20,2020-01-06 23:27:00,2020-01-07 01:39:00,132,Fraud
1621,4539222,C704104644,2020-01-14 14:00:00,0.4725509246069588,Medium,Pending,INV_15,2020-01-06 23:09:00,2020-01-07 01:36:00,147,Fraud
1622,4539347,C20830562,2020-01-14 14:00:00,0.4204080309524029,Medium,Pending,INV_19,2020-01-07 00:17:00,2020-01-07 00:33:00,16,Fraud
1623,4539395,C1375810139,2020-01-14 14:00:00,0.5057417180874981,Medium,Pending,INV_10,2020-01-07 01:48:00,2020-01-07 04:31:00,163,Fraud
1624,4539846,C107163285,2020-01-14 14:00:00,0.4043157405843018,Medium,Pending,INV_7,2020-01-07 01:27:00,2020-01-07 02:35:00,68,False Positive
1625,4539863,C1566352417,2020-01-14 14:00:00,0.4284433300020335,Medium,Pending,INV_20,2020-01-07 01:16:00,2020-01-07 03:26:00,130,Fraud
1626,4540030,C1177525019,2020-01-14 14:00:00,0.4053884012779097,Medium,Pending,INV_20,2020-01-07 01:02:00,2020-01-07 02:15:00,73,False Positive
1627,4540247,C923093423,2020-01-14 14:00:00,0.5359730400225929,Medium,Pending,INV_3,2020-01-07 00:15:00,2020-01-07 00:26:00,11,False Positive
1628,4540497,C707949401,2020-01-14 14:00:00,0.4200924915399986,Medium,Pending,INV_24,2020-01-07 00:39:00,2020-01-07 03:29:00,170,Fraud
1629,4540648,C572332517,2020-01-14 14:00:00,0.4013448478468041,Medium,Pending,INV_23,2020-01-07 00:40:00,2020-01-07 00:56:00,16,Fraud
1630,4540694,C89682798,2020-01-14 14:00:00,0.4393084940630604,Medium,Pending,INV_16,2020-01-07 00:55:00,2020-01-07 02:17:00,82,False Positive
1631,4541010,C1600032449,2020-01-14 14:00:00,0.4017346667294259,Medium,Pending,INV_23,2020-01-07 01:06:00,2020-01-07 03:51:00,165,Fraud
1632,4541175,C1743500338,2020-01-14 14:00:00,0.4471929658956796,Medium,Pending,INV_15,2020-01-07 01:44:00,2020-01-07 02:41:00,57,False Positive
1633,4541356,C1877847277,2020-01-14 14:00:00,0.4293195744965659,Medium,Pending,INV_15,2020-01-07 01:30:00,2020-01-07 01:52:00,22,Fraud
1634,4542059,C1728343097,2020-01-14 14:00:00,0.4074463263230025,Medium,Pending,INV_8,2020-01-07 02:14:00,2020-01-07 04:38:00,144,Fraud
1635,4542060,C37432101,2020-01-14 14:00:00,0.484253197440944,Medium,Pending,INV_11,2020-01-07 02:22:00,2020-01-07 04:56:00,154,False Positive
1636,4542128,C450016527,2020-01-14 14:00:00,0.4424162955708265,Medium,Pending,INV_7,2020-01-07 02:53:00,2020-01-07 04:48:00,115,Fraud
1637,4542133,C1059848299,2020-01-14 14:00:00,0.428391251338027,Medium,Pending,INV_13,2020-01-07 02:15:00,2020-01-07 03:32:00,77,False Positive
1638,4542902,C1813644486,2020-01-14 14:00:00,0.4217953899575934,Medium,Pending,INV_22,2020-01-07 02:27:00,2020-01-07 04:26:00,119,False Positive
1639,4542903,C849337327,2020-01-14 14:00:00,0.4485595704276438,Medium,Pending,INV_2,2020-01-07 02:35:00,2020-01-07 05:05:00,150,Fraud
1640,4543390,C126360174,2020-01-14 14:00:00,0.4064500536821273,Medium,Pending,INV_19,2020-01-07 02:29:00,2020-01-07 03:35:00,66,Fraud
1641,4543771,C1829604032,2020-01-14 14:00:00,0.4606381269178226,Medium,Pending,INV_1,2020-01-07 02:00:00,2020-01-07 03:25:00,85,Fraud
1642,4543887,C363203558,2020-01-14 14:00:00,0.4062021347474617,Medium,Pending,INV_8,2020-01-07 02:49:00,2020-01-07 05:23:00,154,False Positive
1643,4544048,C1367964333,2020-01-14 14:00:00,0.4037556144594012,Medium,Pending,INV_3,2020-01-07 01:08:00,2020-01-07 02:30:00,82,False Positive
1644,4544495,C1365416060,2020-01-14 14:00:00,0.4020632319979644,Medium,Pending,INV_14,2020-01-07 01:47:00,2020-01-07 02:52:00,65,Fraud
1645,4544562,C440570628,2020-01-14 14:00:00,0.4040927389964555,Medium,Pending,INV_21,2020-01-07 02:36:00,2020-01-07 03:24:00,48,Fraud
1646,4544958,C39983192,2020-01-14 14:00:00,0.4100015313300757,Medium,Pending,INV_7,2020-01-07 01:06:00,2020-01-07 01:31:00,25,Fraud
1647,4545967,C232518469,2020-01-14 14:00:00,0.4256761106462674,Medium,Pending,INV_10,2020-01-07 02:36:00,2020-01-07 05:31:00,175,Fraud
1648,4546110,C1886544249,2020-01-14 14:00:00,0.4114524082127515,Medium,Pending,INV_11,2020-01-07 03:34:00,2020-01-07 06:15:00,161,Fraud
1649,4546536,C1133368284,2020-01-14 14:00:00,0.4243014083608674,Medium,Pending,INV_23,2020-01-07 03:36:00,2020-01-07 05:45:00,129,False Positive
1650,4546914,C1095413372,2020-01-14 14:00:00,0.4227780580122679,Medium,Pending,INV_7,2020-01-07 03:11:00,2020-01-07 03:50:00,39,Fraud
1651,4548004,C1506053377,2020-01-14 15:00:00,0.4607036647851005,Medium,Pending,INV_2,2020-01-07 02:25:00,2020-01-07 04:02:00,97,Fraud
1652,4548387,C718842827,2020-01-14 15:00:00,0.5274495086752754,Medium,Pending,INV_20,2020-01-07 02:46:00,2020-01-07 03:49:00,63,Fraud
1653,4549262,C1077341747,2020-01-14 15:00:00,0.4164689741518653,Medium,Pending,INV_25,2020-01-07 03:09:00,2020-01-07 04:45:00,96,Fraud
1654,4549325,C637601184,2020-01-14 15:00:00,0.4045533195367299,Medium,Pending,INV_2,2020-01-07 03:13:00,2020-01-07 03:53:00,40,False Positive
1655,4550821,C922318945,2020-01-14 15:00:00,0.5335894678926638,Medium,Pending,INV_21,2020-01-07 02:27:00,2020-01-07 02:54:00,27,Fraud
1656,4550877,C977002279,2020-01-14 15:00:00,0.4600336611196854,Medium,Pending,INV_3,2020-01-07 03:46:00,2020-01-07 06:21:00,155,Fraud
1657,4551175,C1718326538,2020-01-14 15:00:00,0.4164464410850849,Medium,Pending,INV_9,2020-01-07 03:48:00,2020-01-07 04:58:00,70,False Positive
1658,4551351,C1781403119,2020-01-14 15:00:00,0.4033871830715099,Medium,Pending,INV_3,2020-01-07 03:31:00,2020-01-07 04:38:00,67,False Positive
1659,4551592,C811136167,2020-01-14 15:00:00,0.4115027858207662,Medium,Pending,INV_2,2020-01-07 04:30:00,2020-01-07 05:16:00,46,Fraud
1660,4552526,C1596936737,2020-01-14 15:00:00,0.4045233758780148,Medium,Pending,INV_10,2020-01-07 03:54:00,2020-01-07 05:42:00,108,False Positive
1661,4553290,C1440244442,2020-01-14 15:00:00,0.456291728124199,Medium,Pending,INV_2,2020-01-07 04:20:00,2020-01-07 06:36:00,136,False Positive
1662,4553337,C1078680771,2020-01-14 15:00:00,0.4352918142120948,Medium,Pending,INV_3,2020-01-07 03:49:00,2020-01-07 04:02:00,13,Fraud
1663,4553904,C1042428652,2020-01-14 15:00:00,0.45153858363466,Medium,Pending,INV_15,2020-01-07 04:56:00,2020-01-07 05:38:00,42,Fraud
1664,4554051,C1297462615,2020-01-14 15:00:00,0.4358996369172111,Medium,Pending,INV_19,2020-01-07 04:07:00,2020-01-07 06:56:00,169,False Positive
1665,4554250,C1773658184,2020-01-14 15:00:00,0.5042970857802326,Medium,Pending,INV_13,2020-01-07 05:48:00,2020-01-07 08:15:00,147,Fraud
1666,4554382,C924458265,2020-01-14 15:00:00,0.4370649127457783,Medium,Pending,INV_7,2020-01-07 05:51:00,2020-01-07 08:18:00,147,Fraud
1667,4554538,C206563448,2020-01-14 15:00:00,0.4233493189551393,Medium,Pending,INV_10,2020-01-07 05:40:00,2020-01-07 06:27:00,47,False Positive
1668,4555209,C1794085603,2020-01-14 15:00:00,0.4550274422047948,Medium,Pending,INV_6,2020-01-07 05:20:00,2020-01-07 05:42:00,22,False Positive
1669,4555317,C1283974785,2020-01-14 15:00:00,0.400479279229652,Medium,Pending,INV_19,2020-01-07 04:54:00,2020-01-07 06:59:00,125,False Positive
1670,4555621,C1777866620,2020-01-14 15:00:00,0.4489533008682637,Medium,Pending,INV_5,2020-01-07 04:24:00,2020-01-07 05:21:00,57,False Positive
1671,4556276,C1024243990,2020-01-14 15:00:00,0.4593695839288026,Medium,Pending,INV_8,2020-01-07 05:15:00,2020-01-07 05:49:00,34,False Positive
1672,4557549,C1606257154,2020-01-14 15:00:00,0.4480708280781803,Medium,Pending,INV_15,2020-01-07 05:24:00,2020-01-07 08:07:00,163,Fraud
1673,4558168,C342771228,2020-01-14 15:00:00,0.4180353349799831,Medium,Pending,INV_8,2020-01-07 05:47:00,2020-01-07 06:56:00,69,False Positive
1674,4558415,C532248280,2020-01-14 15:00:00,0.5092018122664904,Medium,Pending,INV_23,2020-01-07 04:34:00,2020-01-07 06:05:00,91,Fraud
1675,4558688,C1836507621,2020-01-14 15:00:00,0.4561666141498238,Medium,Pending,INV_20,2020-01-07 05:54:00,2020-01-07 06:25:00,31,Fraud
1676,4558867,C137160401,2020-01-14 15:00:00,0.5005829892239109,Medium,Pending,INV_11,2020-01-07 05:34:00,2020-01-07 06:22:00,48,Fraud
1677,4559778,C395039087,2020-01-14 15:00:00,0.4123900256565216,Medium,Pending,INV_8,2020-01-07 05:51:00,2020-01-07 06:40:00,49,False Positive
1678,4560221,C1535494452,2020-01-14 15:00:00,0.4339333377216766,Medium,Pending,INV_10,2020-01-07 06:04:00,2020-01-07 08:45:00,161,Fraud
1679,4560785,C988710280,2020-01-14 15:00:00,0.4329964752090545,Medium,Pending,INV_18,2020-01-07 06:26:00,2020-01-07 08:41:00,135,Fraud
1680,4561013,C1710369141,2020-01-14 15:00:00,0.4734069888908351,Medium,Pending,INV_16,2020-01-07 06:41:00,2020-01-07 08:53:00,132,False Positive
1681,4561430,C1306597614,2020-01-14 15:00:00,0.4871906217408965,Medium,Pending,INV_23,2020-01-07 06:07:00,2020-01-07 08:14:00,127,Fraud
1682,4561823,C290731848,2020-01-14 15:00:00,0.4041656890457938,Medium,Pending,INV_11,2020-01-07 06:39:00,2020-01-07 07:46:00,67,False Positive
1683,4561983,C2078977034,2020-01-14 15:00:00,0.5911342641829602,Medium,Pending,INV_22,2020-01-07 06:00:00,2020-01-07 06:16:00,16,Fraud
1684,4562514,C1168319124,2020-01-14 15:00:00,0.4257603084125075,Medium,Pending,INV_3,2020-01-07 06:41:00,2020-01-07 07:43:00,62,Fraud
1685,4562583,C1169868445,2020-01-14 15:00:00,0.5195840547470816,Medium,Pending,INV_8,2020-01-07 05:27:00,2020-01-07 06:08:00,41,Fraud
1686,4563313,C1998775050,2020-01-14 15:00:00,0.4170979864189117,Medium,Pending,INV_21,2020-01-07 05:15:00,2020-01-07 06:23:00,68,Fraud
1687,4563708,C198698428,2020-01-14 15:00:00,0.4530499163425953,Medium,Pending,INV_13,2020-01-07 06:28:00,2020-01-07 08:27:00,119,False Positive
1688,4564304,C881501479,2020-01-14 15:00:00,0.45023179615171,Medium,Pending,INV_5,2020-01-07 05:42:00,2020-01-07 08:20:00,158,Fraud
1689,4564710,C61337776,2020-01-14 15:00:00,0.4385444432408334,Medium,Pending,INV_18,2020-01-07 06:51:00,2020-01-07 08:36:00,105,Fraud
1690,4566399,C385076757,2020-01-14 15:00:00,0.5294749000496256,Medium,Pending,INV_20,2020-01-07 05:39:00,2020-01-07 05:50:00,11,Fraud
1691,4566748,C478351256,2020-01-14 15:00:00,0.4512635889467186,Medium,Pending,INV_18,2020-01-07 05:34:00,2020-01-07 07:48:00,134,False Positive
1692,4567222,C873711013,2020-01-14 15:00:00,0.4319021991784068,Medium,Pending,INV_17,2020-01-07 06:21:00,2020-01-07 08:09:00,108,Fraud
1693,4568126,C485933661,2020-01-14 15:00:00,0.4527812630005763,Medium,Pending,INV_4,2020-01-07 06:25:00,2020-01-07 08:44:00,139,Fraud
1694,4568885,C1645913863,2020-01-14 15:00:00,0.4437258060306081,Medium,Pending,INV_20,2020-01-07 05:33:00,2020-01-07 08:08:00,155,False Positive
1695,4569274,C1727705725,2020-01-14 15:00:00,0.4449488048639672,Medium,Pending,INV_3,2020-01-07 05:44:00,2020-01-07 07:07:00,83,False Positive
1696,4570292,C1130213018,2020-01-14 15:00:00,0.4160207923524023,Medium,Pending,INV_11,2020-01-07 05:54:00,2020-01-07 07:52:00,118,Fraud
1697,4570446,C1822614815,2020-01-14 15:00:00,0.4163660300898287,Medium,Pending,INV_17,2020-01-07 07:51:00,2020-01-07 08:08:00,17,Fraud
1698,4570454,C1456026586,2020-01-14 15:00:00,0.4179358464884447,Medium,Pending,INV_14,2020-01-07 06:34:00,2020-01-07 07:43:00,69,Fraud
1699,4571352,C714989222,2020-01-14 15:00:00,0.4019429444339573,Medium,Pending,INV_11,2020-01-07 06:11:00,2020-01-07 06:42:00,31,False Positive
1700,4571621,C108368038,2020-01-14 15:00:00,0.4155156208990169,Medium,Pending,INV_11,2020-01-07 06:33:00,2020-01-07 07:00:00,27,False Positive
1701,4572566,C2075788304,2020-01-14 15:00:00,0.419974090092337,Medium,Pending,INV_4,2020-01-07 07:54:00,2020-01-07 08:29:00,35,Fraud
1702,4721895,C1489273154,2020-01-14 20:00:00,0.4097728127856996,Medium,Pending,INV_24,2020-01-07 06:57:00,2020-01-07 07:07:00,10,Fraud
1703,4830195,C809979700,2020-01-15 11:00:00,0.4039859582637732,Medium,Pending,INV_2,2020-01-07 07:53:00,2020-01-07 10:06:00,133,Fraud
1704,4947064,C1323531024,2020-01-15 15:00:00,0.4173944218329374,Medium,Pending,INV_4,2020-01-07 06:29:00,2020-01-07 07:19:00,50,False Positive
1705,4955733,C1269369674,2020-01-15 15:00:00,0.4081764293226194,Medium,Pending,INV_25,2020-01-07 07:11:00,2020-01-07 08:42:00,91,False Positive
1706,5145332,C753068737,2020-01-15 20:00:00,0.4052598450598047,Medium,Pending,INV_11,2020-01-07 07:31:00,2020-01-07 10:00:00,149,Fraud
1707,5146027,C393257841,2020-01-15 20:00:00,0.43015981952762,Medium,Pending,INV_18,2020-01-07 07:39:00,2020-01-07 10:17:00,158,False Positive
1708,5157535,C874064953,2020-01-15 21:00:00,0.4072598344775717,Medium,Pending,INV_10,2020-01-07 06:30:00,2020-01-07 07:12:00,42,False Positive
1709,5168792,C2104950363,2020-01-15 22:00:00,0.4286409332678699,Medium,Pending,INV_7,2020-01-07 07:17:00,2020-01-07 09:29:00,132,Fraud
1710,5178186,C379931666,2020-01-15 23:00:00,0.4054182721694398,Medium,Pending,INV_22,2020-01-07 07:32:00,2020-01-07 09:57:00,145,Fraud
1711,5195799,C1748002708,2020-01-16 09:00:00,0.4037255392745674,Medium,Pending,INV_5,2020-01-07 08:05:00,2020-01-07 08:45:00,40,Fraud
1712,5217627,C2107851381,2020-01-16 10:00:00,0.4350160211295672,Medium,Pending,INV_9,2020-01-07 08:39:00,2020-01-07 09:58:00,79,False Positive
1713,5285475,C2006421064,2020-01-16 12:00:00,0.4003861019473664,Medium,Pending,INV_8,2020-01-07 07:33:00,2020-01-07 08:10:00,37,False Positive
1714,5307195,C254776334,2020-01-16 13:00:00,0.4103649679057058,Medium,Pending,INV_6,2020-01-07 07:33:00,2020-01-07 10:26:00,173,Fraud
1715,5313999,C1532133350,2020-01-16 13:00:00,0.4060983735122105,Medium,Pending,INV_4,2020-01-07 07:51:00,2020-01-07 08:56:00,65,False Positive
1716,5319171,C1166289337,2020-01-16 14:00:00,0.4129205944475534,Medium,Pending,INV_8,2020-01-07 07:58:00,2020-01-07 09:14:00,76,Fraud
1717,5326639,C1687942471,2020-01-16 14:00:00,0.4065025676619984,Medium,Pending,INV_20,2020-01-07 07:43:00,2020-01-07 10:05:00,142,Fraud
1718,5336708,C1808976095,2020-01-16 14:00:00,0.4510905574403634,Medium,Pending,INV_6,2020-01-07 07:24:00,2020-01-07 10:19:00,175,False Positive
1719,5342839,C1161085118,2020-01-16 15:00:00,0.4247562187889785,Medium,Pending,INV_10,2020-01-07 08:21:00,2020-01-07 11:08:00,167,False Positive
1720,5361123,C602861929,2020-01-16 15:00:00,0.4165956307754158,Medium,Pending,INV_3,2020-01-07 08:22:00,2020-01-07 10:23:00,121,False Positive
1721,5364416,C996883473,2020-01-16 15:00:00,0.403262148830585,Medium,Pending,INV_13,2020-01-07 07:37:00,2020-01-07 08:11:00,34,False Positive
1722,5366601,C2072977830,2020-01-16 15:00:00,0.4221003900919948,Medium,Pending,INV_5,2020-01-07 08:13:00,2020-01-07 09:05:00,52,Fraud
1723,6030094,C1163892036,2020-01-20 16:00:00,0.4124761835935367,Medium,Pending,INV_20,2020-01-07 07:33:00,2020-01-07 09:12:00,99,Fraud
1724,6237343,C1699785789,2020-01-25 18:00:00,0.4036774272171994,Medium,Pending,INV_13,2020-01-07 07:19:00,2020-01-07 08:07:00,48,Fraud
1725,6239964,C1731534234,2020-01-25 19:00:00,0.4167299097805118,Medium,Pending,INV_20,2020-01-07 08:27:00,2020-01-07 09:42:00,75,False Positive
1726,6244836,C994101320,2020-01-25 20:00:00,0.4110445493530642,Medium,Pending,INV_5,2020-01-07 08:28:00,2020-01-07 09:34:00,66,False Positive
1727,6271815,C56090320,2020-01-26 21:00:00,0.4152680726908207,Medium,Pending,INV_5,2020-01-07 08:50:00,2020-01-07 10:09:00,79,False Positive
1728,6298361,C448900048,2020-01-29 09:00:00,0.414460422815373,Medium,Pending,INV_13,2020-01-07 08:07:00,2020-01-07 09:29:00,82,False Positive
