Alert_ID,Transaction_ID,Customer_ID,Alert_Date,Risk_Score,Risk_Tier,Investigation_Status
1,3591183,C837745698,2020-01-11 22:00:00,0.47942108101998704,Medium,Pending
2,3592662,C1719653359,2020-01-11 22:00:00,0.4082180317078922,Medium,Pending
3,3610922,C1666560485,2020-01-12 03:00:00,0.483915326529133,Medium,Pending
4,3611623,C292308787,2020-01-12 09:00:00,0.5710569838078845,Medium,Pending
5,3623212,C744401564,2020-01-12 10:00:00,0.6593939581016333,Medium,Pending
6,3623213,C1350487416,2020-01-12 10:00:00,0.45785042863491315,Medium,Pending
7,3627567,C2025015781,2020-01-12 10:00:00,0.5656719199984774,Medium,Pending
8,3627568,C385774270,2020-01-12 10:00:00,0.4236764888504386,Medium,Pending
9,3633293,C747770450,2020-01-12 10:00:00,0.43667201310802256,Medium,Pending
10,3633677,C962712321,2020-01-12 10:00:00,0.4896973363921048,Medium,Pending
11,3635658,C1043576460,2020-01-12 10:00:00,0.6828172855782095,Medium,Pending
12,3635970,C448636896,2020-01-12 10:00:00,0.42376061013920036,Medium,Pending
13,3635971,C1532333905,2020-01-12 10:00:00,0.5541583585983624,Medium,Pending
14,3638377,C43514077,2020-01-12 11:00:00,0.42646458542199783,Medium,Pending
15,3638883,C1077345470,2020-01-12 11:00:00,0.4571334327392862,Medium,Pending
16,3638884,C584765160,2020-01-12 11:00:00,0.5490719211691563,Medium,Pending
17,3646350,C490962544,2020-01-12 11:00:00,0.4226586473647728,Medium,Pending
18,3646351,C884995701,2020-01-12 11:00:00,0.49192450238655505,Medium,Pending
19,3652213,C782128694,2020-01-12 11:00:00,0.40597676917261044,Medium,Pending
20,3654690,C1299795752,2020-01-12 11:00:00,0.41755860739381334,Medium,Pending
21,3657222,C71678551,2020-01-12 11:00:00,0.5252562450712699,Medium,Pending
22,3661235,C1952476372,2020-01-12 11:00:00,0.5296733348755289,Medium,Pending
23,3661291,C1581324626,2020-01-12 11:00:00,0.4146445344696599,Medium,Pending
24,3665666,C2015273986,2020-01-12 12:00:00,0.49747049676934985,Medium,Pending
25,3666842,C1149989245,2020-01-12 12:00:00,0.4243185750559942,Medium,Pending
26,3667292,C531616664,2020-01-12 12:00:00,0.5935811152929049,Medium,Pending
27,3668459,C975455989,2020-01-12 12:00:00,0.42375855009338176,Medium,Pending
28,3669542,C1704187575,2020-01-12 12:00:00,0.4230017360850567,Medium,Pending
29,3670352,C716539842,2020-01-12 12:00:00,0.49075168951319303,Medium,Pending
30,3670704,C1236104616,2020-01-12 12:00:00,0.5270050985027412,Medium,Pending
31,3670705,C336831885,2020-01-12 12:00:00,0.4102659334329401,Medium,Pending
32,3671361,C541227973,2020-01-12 12:00:00,0.44802019468707466,Medium,Pending
33,3672139,C669674444,2020-01-12 12:00:00,0.4377475618486629,Medium,Pending
34,3672173,C1760415550,2020-01-12 12:00:00,0.5546838420156834,Medium,Pending
35,3673291,C94683374,2020-01-12 12:00:00,0.4162741484571793,Medium,Pending
36,3674939,C593312723,2020-01-12 12:00:00,0.4035986322440655,Medium,Pending
37,3678044,C1900354364,2020-01-12 12:00:00,0.43731640840338315,Medium,Pending
38,3679251,C1445253170,2020-01-12 12:00:00,0.4012746608303232,Medium,Pending
39,3681712,C324239756,2020-01-12 12:00:00,0.5063374559880658,Medium,Pending
40,3682191,C453740720,2020-01-12 12:00:00,0.761630747483267,High,Pending
41,3682192,C575240886,2020-01-12 12:00:00,0.4405198536299726,Medium,Pending
42,3684268,C24299338,2020-01-12 12:00:00,0.7463312916372058,High,Pending
43,3684589,C1945074660,2020-01-12 12:00:00,0.4374402115840671,Medium,Pending
44,3685942,C1855735860,2020-01-12 12:00:00,0.4807473261150028,Medium,Pending
45,3686584,C1715283297,2020-01-12 12:00:00,1.0,High,Pending
46,3688602,C699131720,2020-01-12 12:00:00,0.4342603829814023,Medium,Pending
47,3688967,C2098885079,2020-01-12 12:00:00,0.46598597890641846,Medium,Pending
48,3690137,C1095526464,2020-01-12 13:00:00,0.5023327913547154,Medium,Pending
49,3695070,C266300209,2020-01-12 13:00:00,0.4165239055772559,Medium,Pending
50,3695182,C1440084225,2020-01-12 13:00:00,0.7085680101295175,High,Pending
51,3695183,C1184998697,2020-01-12 13:00:00,0.4482499926997,Medium,Pending
52,3696691,C253845944,2020-01-12 13:00:00,0.45023109687496465,Medium,Pending
53,3697991,C619720581,2020-01-12 13:00:00,0.5670795908918833,Medium,Pending
54,3698902,C873143215,2020-01-12 13:00:00,0.422677602345649,Medium,Pending
55,3698903,C1173769007,2020-01-12 13:00:00,0.4206358320699196,Medium,Pending
56,3700190,C1175472760,2020-01-12 13:00:00,0.5119113248216035,Medium,Pending
57,3700191,C1193826872,2020-01-12 13:00:00,0.42069187257018714,Medium,Pending
58,3700245,C419316563,2020-01-12 13:00:00,0.5036960122504432,Medium,Pending
59,3700246,C1007841851,2020-01-12 13:00:00,0.41220547649048217,Medium,Pending
60,3700833,C75206217,2020-01-12 13:00:00,0.40795669968360293,Medium,Pending
61,3700989,C1822214239,2020-01-12 13:00:00,0.4178600901699715,Medium,Pending
62,3702131,C155947433,2020-01-12 13:00:00,0.45524803853808604,Medium,Pending
63,3703251,C187049358,2020-01-12 13:00:00,0.514772798883457,Medium,Pending
64,3703676,C1218001291,2020-01-12 13:00:00,0.4526456465482521,Medium,Pending
65,3703677,C849070123,2020-01-12 13:00:00,0.4406696425705648,Medium,Pending
66,3705055,C1573529483,2020-01-12 13:00:00,0.5405099158954735,Medium,Pending
67,3705056,C1700304208,2020-01-12 13:00:00,0.41539167945310973,Medium,Pending
68,3707202,C994167434,2020-01-12 13:00:00,0.4035330837759489,Medium,Pending
69,3708201,C1525478845,2020-01-12 13:00:00,0.4146722613415858,Medium,Pending
70,3710727,C2046925137,2020-01-12 13:00:00,0.4279199469137176,Medium,Pending
71,3713441,C1850145800,2020-01-12 13:00:00,0.433586507586854,Medium,Pending
72,3715595,C844890068,2020-01-12 14:00:00,0.4857407251329089,Medium,Pending
73,3717146,C517343666,2020-01-12 14:00:00,0.4241311714627246,Medium,Pending
74,3717688,C781771757,2020-01-12 14:00:00,0.4215052199420538,Medium,Pending
75,3719185,C183631913,2020-01-12 14:00:00,0.4195325029231185,Medium,Pending
76,3719290,C704205641,2020-01-12 14:00:00,0.4061178845827909,Medium,Pending
77,3720472,C1289020569,2020-01-12 14:00:00,0.4954910850179657,Medium,Pending
78,3721955,C1601768700,2020-01-12 14:00:00,0.41486258788893493,Medium,Pending
79,3721956,C1107818863,2020-01-12 14:00:00,0.4061088493366226,Medium,Pending
80,3726764,C887749573,2020-01-12 14:00:00,0.492560263980369,Medium,Pending
81,3732167,C1732336436,2020-01-12 14:00:00,0.4178751000487675,Medium,Pending
82,3732464,C1965567777,2020-01-12 14:00:00,0.40228635602549645,Medium,Pending
83,3733546,C31593462,2020-01-12 14:00:00,0.7554911991998143,High,Pending
84,3733547,C684295480,2020-01-12 14:00:00,0.42649900854077805,Medium,Pending
85,3735446,C1512928781,2020-01-12 14:00:00,0.42555531439344874,Medium,Pending
86,3737629,C25511325,2020-01-12 14:00:00,0.5336011541814019,Medium,Pending
87,3740893,C728044836,2020-01-12 14:00:00,0.5490951024772162,Medium,Pending
88,3742402,C399983585,2020-01-12 15:00:00,0.41929223968691964,Medium,Pending
89,3742403,C1337073142,2020-01-12 15:00:00,0.4184486610707312,Medium,Pending
90,3742610,C1399227772,2020-01-12 15:00:00,0.5797603082550093,Medium,Pending
91,3743183,C566758972,2020-01-12 15:00:00,0.5091922333487431,Medium,Pending
92,3747401,C332071605,2020-01-12 15:00:00,0.5477108197596634,Medium,Pending
93,3747402,C1255417607,2020-01-12 15:00:00,0.483018738192429,Medium,Pending
94,3748419,C1361430680,2020-01-12 15:00:00,0.5239934435721489,Medium,Pending
95,3748420,C1547880251,2020-01-12 15:00:00,0.4006443071785942,Medium,Pending
96,3749261,C217293176,2020-01-12 15:00:00,0.42632210394232484,Medium,Pending
97,3749661,C42577384,2020-01-12 15:00:00,0.4387281451727089,Medium,Pending
98,3750712,C1845534968,2020-01-12 15:00:00,0.7301591866467392,High,Pending
99,3750973,C1237771660,2020-01-12 15:00:00,0.6177503547239627,Medium,Pending
100,3752734,C1339787537,2020-01-12 15:00:00,0.4790702308200113,Medium,Pending
101,3754019,C1685295215,2020-01-12 15:00:00,0.4646388982417612,Medium,Pending
102,3754020,C1949520965,2020-01-12 15:00:00,0.46226372076446864,Medium,Pending
103,3755847,C256397271,2020-01-12 15:00:00,0.6499179389084975,Medium,Pending
104,3755952,C45285929,2020-01-12 15:00:00,0.4367055562814798,Medium,Pending
105,3755978,C1301835320,2020-01-12 15:00:00,0.673908719355284,Medium,Pending
106,3755979,C2007360267,2020-01-12 15:00:00,0.42041607380863893,Medium,Pending
107,3757066,C1534780687,2020-01-12 15:00:00,0.459455364475964,Medium,Pending
108,3758465,C606497051,2020-01-12 15:00:00,0.4220634494254907,Medium,Pending
109,3759493,C231288689,2020-01-12 15:00:00,0.6072491907488571,Medium,Pending
110,3759536,C1497815394,2020-01-12 15:00:00,0.4821590906736697,Medium,Pending
111,3760994,C1587463343,2020-01-12 15:00:00,0.5558254897865644,Medium,Pending
112,3762462,C1524335354,2020-01-12 15:00:00,0.5835581671859863,Medium,Pending
113,3763136,C1083523322,2020-01-12 15:00:00,0.541447312311759,Medium,Pending
114,3766399,C906095950,2020-01-12 15:00:00,0.44996402888835646,Medium,Pending
115,3766884,C1087167148,2020-01-12 16:00:00,0.4848118813974752,Medium,Pending
116,3767147,C1927064014,2020-01-12 16:00:00,0.4380508725122746,Medium,Pending
117,3771433,C1304623104,2020-01-12 16:00:00,0.4418611823553329,Medium,Pending
118,3771898,C573837343,2020-01-12 16:00:00,0.4813706210469181,Medium,Pending
119,3774450,C266734444,2020-01-12 16:00:00,0.41532042432642086,Medium,Pending
120,3777714,C172858776,2020-01-12 16:00:00,0.517209856105792,Medium,Pending
121,3778565,C1473635164,2020-01-12 16:00:00,0.5839779123116597,Medium,Pending
122,3779137,C320268178,2020-01-12 16:00:00,0.5149680092371431,Medium,Pending
123,3779672,C161845266,2020-01-12 16:00:00,0.5214720669768113,Medium,Pending
124,3779730,C1201808245,2020-01-12 16:00:00,0.42688818508830173,Medium,Pending
125,3779731,C751087759,2020-01-12 16:00:00,0.43559178084117417,Medium,Pending
126,3781616,C1668745046,2020-01-12 16:00:00,0.43167925180627775,Medium,Pending
127,3781697,C2035175467,2020-01-12 16:00:00,0.47846123096749016,Medium,Pending
128,3781923,C684935090,2020-01-12 16:00:00,0.4262986975936056,Medium,Pending
129,3782845,C670639294,2020-01-12 16:00:00,0.5813092003398208,Medium,Pending
130,3783267,C823701970,2020-01-12 16:00:00,0.47523834668030257,Medium,Pending
131,3783268,C271854844,2020-01-12 16:00:00,0.4738234694882657,Medium,Pending
132,3785343,C527364887,2020-01-12 16:00:00,0.4065612205117749,Medium,Pending
133,3785872,C1538960359,2020-01-12 16:00:00,0.4277463645423573,Medium,Pending
134,3785873,C590489295,2020-01-12 16:00:00,0.41122995249237215,Medium,Pending
135,3786299,C896903193,2020-01-12 16:00:00,0.47144560772720234,Medium,Pending
136,3786300,C449241816,2020-01-12 16:00:00,0.4950767761537602,Medium,Pending
137,3787728,C1819933745,2020-01-12 16:00:00,0.40850244842116984,Medium,Pending
138,3789535,C1735247380,2020-01-12 16:00:00,0.4303428334650713,Medium,Pending
139,3790060,C731404605,2020-01-12 16:00:00,0.45151418156431644,Medium,Pending
140,3791460,C2065398513,2020-01-12 16:00:00,0.43464427993270827,Medium,Pending
141,3793472,C1876304975,2020-01-12 17:00:00,0.4030980837406676,Medium,Pending
142,3794773,C1867845412,2020-01-12 17:00:00,0.44204944931118506,Medium,Pending
143,3795436,C2133303943,2020-01-12 17:00:00,0.44069438326198096,Medium,Pending
144,3795437,C1793966542,2020-01-12 17:00:00,0.6008040211218619,Medium,Pending
145,3795532,C1175984461,2020-01-12 17:00:00,0.43714443637512457,Medium,Pending
146,3795533,C1872840947,2020-01-12 17:00:00,0.4115659895348279,Medium,Pending
147,3795692,C1678637689,2020-01-12 17:00:00,0.4345734770832257,Medium,Pending
148,3796066,C1190626452,2020-01-12 17:00:00,0.5830885476135298,Medium,Pending
149,3796415,C1253079033,2020-01-12 17:00:00,0.5188004189512851,Medium,Pending
150,3796416,C1100410968,2020-01-12 17:00:00,0.5315808637791393,Medium,Pending
151,3798259,C1294816356,2020-01-12 17:00:00,0.4643278542664002,Medium,Pending
152,3798410,C441984477,2020-01-12 17:00:00,0.4220147540948396,Medium,Pending
153,3799317,C236465733,2020-01-12 17:00:00,0.4880780925992129,Medium,Pending
154,3799318,C718364187,2020-01-12 17:00:00,0.42085219261099255,Medium,Pending
155,3799894,C1223028177,2020-01-12 17:00:00,0.6940695422890548,Medium,Pending
156,3799895,C158892010,2020-01-12 17:00:00,0.40458750459096354,Medium,Pending
157,3799943,C1744392408,2020-01-12 17:00:00,0.45994360093826614,Medium,Pending
158,3801348,C1139460122,2020-01-12 17:00:00,0.7349116656307757,High,Pending
159,3802365,C385252041,2020-01-12 17:00:00,0.607724089311769,Medium,Pending
160,3802995,C1406624799,2020-01-12 17:00:00,0.4854044044423007,Medium,Pending
161,3809160,C156600776,2020-01-12 17:00:00,0.4905257184790178,Medium,Pending
162,3811040,C977746593,2020-01-12 17:00:00,0.43429242742344415,Medium,Pending
163,3811041,C1607717460,2020-01-12 17:00:00,0.41033856129250573,Medium,Pending
164,3811164,C33817990,2020-01-12 17:00:00,0.5555678716146337,Medium,Pending
165,3811229,C1025223884,2020-01-12 17:00:00,0.48677631264953036,Medium,Pending
166,3812249,C1920591060,2020-01-12 17:00:00,0.5583918585367538,Medium,Pending
167,3812250,C788360480,2020-01-12 17:00:00,0.5225871036897479,Medium,Pending
168,3812827,C1776390461,2020-01-12 17:00:00,0.4746020162000579,Medium,Pending
169,3812828,C208329746,2020-01-12 17:00:00,0.46923350696306954,Medium,Pending
170,3814883,C165012828,2020-01-12 17:00:00,0.42692387069123744,Medium,Pending
171,3815328,C452313985,2020-01-12 17:00:00,0.41626713865266357,Medium,Pending
172,3815329,C377571159,2020-01-12 17:00:00,0.4184527606421736,Medium,Pending
173,3815798,C1672304119,2020-01-12 17:00:00,0.551253708759629,Medium,Pending
174,3815799,C153152648,2020-01-12 17:00:00,0.40011198569034245,Medium,Pending
175,3816444,C1459702162,2020-01-12 17:00:00,0.5109515375412153,Medium,Pending
176,3816553,C629712073,2020-01-12 17:00:00,0.557837279073483,Medium,Pending
177,3816554,C1953100208,2020-01-12 17:00:00,0.4024701290587108,Medium,Pending
178,3821449,C1676023417,2020-01-12 18:00:00,0.4924693870043366,Medium,Pending
179,3822231,C578190255,2020-01-12 18:00:00,0.5276836749148812,Medium,Pending
180,3822701,C1225002176,2020-01-12 18:00:00,0.42713701319631675,Medium,Pending
181,3825307,C1541339097,2020-01-12 18:00:00,0.42714953096940145,Medium,Pending
182,3826206,C1362894854,2020-01-12 18:00:00,0.40643679097297103,Medium,Pending
183,3827189,C1998525990,2020-01-12 18:00:00,0.5676875779099978,Medium,Pending
184,3827190,C1427876134,2020-01-12 18:00:00,0.4565707367439512,Medium,Pending
185,3827424,C496051401,2020-01-12 18:00:00,0.4282109243345562,Medium,Pending
186,3827425,C2101165270,2020-01-12 18:00:00,0.4471717508917369,Medium,Pending
187,3828774,C464295785,2020-01-12 18:00:00,0.6071367790778782,Medium,Pending
188,3828775,C2039041492,2020-01-12 18:00:00,0.4149510566573215,Medium,Pending
189,3828824,C1368963451,2020-01-12 18:00:00,0.409085200218748,Medium,Pending
190,3830152,C952958807,2020-01-12 18:00:00,0.4618012117802146,Medium,Pending
191,3831591,C745981761,2020-01-12 18:00:00,0.5712289150229146,Medium,Pending
192,3831901,C632079286,2020-01-12 18:00:00,0.4826704902711656,Medium,Pending
193,3832751,C1122413066,2020-01-12 18:00:00,0.609628783475421,Medium,Pending
194,3833122,C757204460,2020-01-12 18:00:00,0.4579564784397747,Medium,Pending
195,3833220,C112439114,2020-01-12 18:00:00,0.4082018015968546,Medium,Pending
196,3834388,C566169398,2020-01-12 18:00:00,0.5147572375338936,Medium,Pending
197,3835290,C140591783,2020-01-12 18:00:00,0.7082864436031345,High,Pending
198,3835891,C874478710,2020-01-12 18:00:00,0.4168665923743168,Medium,Pending
199,3836049,C189794691,2020-01-12 18:00:00,0.5846721827352859,Medium,Pending
200,3836319,C1110779546,2020-01-12 18:00:00,0.4586098152396025,Medium,Pending
201,3836933,C1578741470,2020-01-12 18:00:00,0.4004094378762293,Medium,Pending
202,3836934,C1958620793,2020-01-12 18:00:00,0.4874143688705767,Medium,Pending
203,3837200,C1363464542,2020-01-12 18:00:00,0.5444170314607049,Medium,Pending
204,3837910,C171512830,2020-01-12 18:00:00,0.42932783179262246,Medium,Pending
205,3838268,C1254703602,2020-01-12 18:00:00,0.43787000463887504,Medium,Pending
206,3838729,C1662170557,2020-01-12 18:00:00,0.4477297581361648,Medium,Pending
207,3839627,C621607831,2020-01-12 18:00:00,0.46280373459980045,Medium,Pending
208,3840000,C1551396234,2020-01-12 18:00:00,0.5848460835861256,Medium,Pending
209,3840001,C265490212,2020-01-12 18:00:00,0.4741150995421599,Medium,Pending
210,3841771,C219724923,2020-01-12 18:00:00,0.4392655979211584,Medium,Pending
211,3841894,C1582344102,2020-01-12 18:00:00,0.48470335811409015,Medium,Pending
212,3842063,C568879090,2020-01-12 18:00:00,0.4111633101691539,Medium,Pending
213,3842647,C1349367295,2020-01-12 18:00:00,0.5714473930814954,Medium,Pending
214,3842665,C601774538,2020-01-12 18:00:00,0.45903794820308763,Medium,Pending
215,3843122,C140070799,2020-01-12 18:00:00,0.4316973380484317,Medium,Pending
216,3846932,C1465545297,2020-01-12 18:00:00,0.43511839229199856,Medium,Pending
217,3849466,C952727134,2020-01-12 18:00:00,0.42884419367121834,Medium,Pending
218,3849654,C543086845,2020-01-12 18:00:00,0.6389054331861863,Medium,Pending
219,3849655,C1813537708,2020-01-12 18:00:00,0.41507517528867366,Medium,Pending
220,3850857,C990806761,2020-01-12 18:00:00,0.45884741577230903,Medium,Pending
221,3853686,C1079825850,2020-01-12 19:00:00,0.416683275555763,Medium,Pending
222,3853738,C1905725397,2020-01-12 19:00:00,0.4544510526519353,Medium,Pending
223,3853739,C520626363,2020-01-12 19:00:00,0.4076392842256498,Medium,Pending
224,3853996,C41081789,2020-01-12 19:00:00,0.5700509325748953,Medium,Pending
225,3854364,C383401007,2020-01-12 19:00:00,0.5345120585720164,Medium,Pending
226,3854615,C679189901,2020-01-12 19:00:00,0.42695525492819614,Medium,Pending
227,3855325,C1194712625,2020-01-12 19:00:00,0.5571019201780947,Medium,Pending
228,3856511,C71114444,2020-01-12 19:00:00,0.4305761562565269,Medium,Pending
229,3856961,C820643524,2020-01-12 19:00:00,0.5366364443631065,Medium,Pending
230,3857904,C1549128592,2020-01-12 19:00:00,0.45707769602876436,Medium,Pending
231,3859608,C1273768806,2020-01-12 19:00:00,0.7511376413570119,High,Pending
232,3862075,C206223994,2020-01-12 19:00:00,0.5436354379164623,Medium,Pending
233,3864130,C256698564,2020-01-12 19:00:00,0.7312377557177336,High,Pending
234,3864131,C1542160234,2020-01-12 19:00:00,0.4309924568668623,Medium,Pending
235,3864326,C633676696,2020-01-12 19:00:00,0.5893024120915336,Medium,Pending
236,3864327,C729460978,2020-01-12 19:00:00,0.45162335672355436,Medium,Pending
237,3864453,C1511757918,2020-01-12 19:00:00,0.40848366032778116,Medium,Pending
238,3864642,C810505598,2020-01-12 19:00:00,0.49276375798076777,Medium,Pending
239,3864643,C598154353,2020-01-12 19:00:00,0.5117309144501093,Medium,Pending
240,3865584,C126362999,2020-01-12 19:00:00,0.49640753682741273,Medium,Pending
241,3865585,C960156586,2020-01-12 19:00:00,0.49011807398343077,Medium,Pending
242,3867127,C1512215721,2020-01-12 19:00:00,0.41776120804640027,Medium,Pending
243,3867478,C1516273183,2020-01-12 19:00:00,0.561530963639385,Medium,Pending
244,3867479,C1041279319,2020-01-12 19:00:00,0.579967403890318,Medium,Pending
245,3867970,C299996948,2020-01-12 19:00:00,0.4431033122949293,Medium,Pending
246,3867971,C419818712,2020-01-12 19:00:00,0.4276029310316589,Medium,Pending
247,3870535,C970690907,2020-01-12 19:00:00,0.4528616865653984,Medium,Pending
248,3871572,C2084296908,2020-01-12 19:00:00,0.4125334610602269,Medium,Pending
249,3871573,C1023903629,2020-01-12 19:00:00,0.4101175129848893,Medium,Pending
250,3871631,C658546481,2020-01-12 19:00:00,0.425726954161138,Medium,Pending
251,3871663,C839864885,2020-01-12 19:00:00,0.44102499138783546,Medium,Pending
252,3873119,C2139988800,2020-01-12 19:00:00,0.4009374621631191,Medium,Pending
253,3873286,C1463049424,2020-01-12 19:00:00,0.40795195081079705,Medium,Pending
254,3874939,C626152842,2020-01-12 19:00:00,0.6312482096373516,Medium,Pending
255,3874967,C1015946711,2020-01-12 19:00:00,0.407196318417373,Medium,Pending
256,3875276,C371210855,2020-01-12 19:00:00,0.5015227029077913,Medium,Pending
257,3876558,C1620913175,2020-01-12 19:00:00,0.5485755076742896,Medium,Pending
258,3876559,C1169144755,2020-01-12 19:00:00,0.401468142490117,Medium,Pending
259,3878111,C1861117738,2020-01-12 19:00:00,0.6341166643514147,Medium,Pending
260,3880287,C1595257447,2020-01-12 19:00:00,0.5609297794065528,Medium,Pending
261,3880662,C831435828,2020-01-12 19:00:00,0.6725739199135703,Medium,Pending
262,3881375,C1481401270,2020-01-12 19:00:00,0.4435530935337742,Medium,Pending
263,3882437,C1248306329,2020-01-12 19:00:00,0.46945315626287354,Medium,Pending
264,3882438,C1723260859,2020-01-12 19:00:00,0.5709856051814262,Medium,Pending
265,3882496,C1980218750,2020-01-12 19:00:00,0.4573133824286235,Medium,Pending
266,3882681,C2063817135,2020-01-12 19:00:00,0.4736745224056979,Medium,Pending
267,3884501,C1354928643,2020-01-12 19:00:00,0.46451548759498607,Medium,Pending
268,3884519,C425634143,2020-01-12 19:00:00,0.5232900637722046,Medium,Pending
269,3884563,C2103541807,2020-01-12 19:00:00,0.4905469485512953,Medium,Pending
270,3884564,C1337595391,2020-01-12 19:00:00,0.5220328208227968,Medium,Pending
271,3884824,C1771534040,2020-01-12 19:00:00,0.40017193615848234,Medium,Pending
272,3885273,C1025939899,2020-01-12 19:00:00,0.5694012230034307,Medium,Pending
273,3888066,C2098212882,2020-01-12 19:00:00,0.41379616344150705,Medium,Pending
274,3888067,C859716258,2020-01-12 19:00:00,0.4186423034089498,Medium,Pending
275,3888278,C1971023464,2020-01-12 19:00:00,0.5952459196727574,Medium,Pending
276,3888279,C1128065168,2020-01-12 19:00:00,0.4059539911507384,Medium,Pending
277,3889635,C930202336,2020-01-12 20:00:00,0.4488610889437721,Medium,Pending
278,3889636,C1685803300,2020-01-12 20:00:00,0.5624191806452973,Medium,Pending
279,3889815,C1511368134,2020-01-12 20:00:00,0.46870040760042636,Medium,Pending
280,3890101,C1545425967,2020-01-12 20:00:00,0.5088293379459229,Medium,Pending
281,3890102,C398669472,2020-01-12 20:00:00,0.4100549431252548,Medium,Pending
282,3890726,C173148914,2020-01-12 20:00:00,0.7131417851741912,High,Pending
283,3891385,C2145266505,2020-01-12 20:00:00,0.4887495522140878,Medium,Pending
284,3892530,C1139847449,2020-01-12 20:00:00,0.7863850121374583,High,Pending
285,3892664,C27346694,2020-01-12 20:00:00,0.40170693614720654,Medium,Pending
286,3892981,C1247182605,2020-01-12 20:00:00,0.4172801416884374,Medium,Pending
287,3893013,C92835612,2020-01-12 20:00:00,0.5434765754152423,Medium,Pending
288,3894562,C1414844949,2020-01-12 20:00:00,0.5358003806056721,Medium,Pending
289,3894771,C183256540,2020-01-12 20:00:00,0.5395229906197427,Medium,Pending
290,3894772,C481996635,2020-01-12 20:00:00,0.460071286524642,Medium,Pending
291,3896402,C1259414396,2020-01-12 20:00:00,0.41631961477239676,Medium,Pending
292,3896887,C123249678,2020-01-12 20:00:00,0.6633078990925092,Medium,Pending
293,3896888,C320765058,2020-01-12 20:00:00,0.4599810345437645,Medium,Pending
294,3897278,C1971552782,2020-01-12 20:00:00,0.5529908548521256,Medium,Pending
295,3897349,C723071266,2020-01-12 20:00:00,0.48737565566814056,Medium,Pending
296,3898575,C69207480,2020-01-12 20:00:00,0.6537231920758293,Medium,Pending
297,3898576,C1590294576,2020-01-12 20:00:00,0.47755488251441935,Medium,Pending
298,3899863,C629399423,2020-01-12 20:00:00,0.5417374913380115,Medium,Pending
299,3900052,C582922071,2020-01-12 20:00:00,0.5479623432066094,Medium,Pending
300,3900872,C2012631779,2020-01-12 20:00:00,0.4183783279141183,Medium,Pending
301,3905005,C280291865,2020-01-12 20:00:00,0.4111064415162319,Medium,Pending
302,3906307,C1543531480,2020-01-12 20:00:00,0.5123568009084578,Medium,Pending
303,3907329,C371381343,2020-01-12 20:00:00,0.5008293472608148,Medium,Pending
304,3907330,C1014679131,2020-01-12 20:00:00,0.42641961303013814,Medium,Pending
305,3909964,C622002759,2020-01-12 20:00:00,0.47932321400243083,Medium,Pending
306,3909965,C1244192934,2020-01-12 20:00:00,0.42622587248272203,Medium,Pending
307,3910321,C776013573,2020-01-12 20:00:00,0.4444405143409884,Medium,Pending
308,3910584,C1551488980,2020-01-12 20:00:00,0.5690771674830677,Medium,Pending
309,3910585,C1573760427,2020-01-12 20:00:00,0.42982422741750387,Medium,Pending
310,3911095,C1633788245,2020-01-12 20:00:00,0.5504043880477794,Medium,Pending
311,3911096,C204258337,2020-01-12 20:00:00,0.423754272427851,Medium,Pending
312,3911648,C505076106,2020-01-12 20:00:00,0.4292402856000741,Medium,Pending
313,3911957,C1584456031,2020-01-12 20:00:00,0.8250240698854945,High,Pending
314,3911958,C2001136456,2020-01-12 20:00:00,0.42845417912740436,Medium,Pending
315,3912774,C1302296244,2020-01-12 20:00:00,0.48247411594540257,Medium,Pending
316,3913089,C1082560246,2020-01-12 20:00:00,0.47937539375300525,Medium,Pending
317,3913395,C1027368795,2020-01-12 20:00:00,0.4180936097584234,Medium,Pending
318,3913559,C1317011842,2020-01-12 20:00:00,0.459592468225942,Medium,Pending
319,3913734,C782472943,2020-01-12 20:00:00,0.43041995259706517,Medium,Pending
320,3913812,C865139105,2020-01-12 20:00:00,0.6637293439869298,Medium,Pending
321,3913951,C1455308835,2020-01-12 20:00:00,0.49525628280376494,Medium,Pending
322,3914027,C225814491,2020-01-12 20:00:00,0.4224424356140415,Medium,Pending
323,3914855,C1757506738,2020-01-12 20:00:00,0.4355543085426149,Medium,Pending
324,3916719,C868673021,2020-01-12 20:00:00,0.43994350383025776,Medium,Pending
325,3917703,C69208486,2020-01-12 20:00:00,0.6055399843022609,Medium,Pending
326,3917704,C570722616,2020-01-12 20:00:00,0.4325404606771204,Medium,Pending
327,3918680,C1775541743,2020-01-12 20:00:00,0.4211218031330156,Medium,Pending
328,3919269,C1061356691,2020-01-12 20:00:00,0.42891043581277993,Medium,Pending
329,3919270,C1358912433,2020-01-12 20:00:00,0.41652848347367943,Medium,Pending
330,3919658,C839057136,2020-01-12 20:00:00,0.4185594469516721,Medium,Pending
331,3919659,C465993614,2020-01-12 20:00:00,0.49237995984442146,Medium,Pending
332,3920262,C120440051,2020-01-12 20:00:00,0.5732798668363848,Medium,Pending
333,3920333,C1298218181,2020-01-12 20:00:00,0.41676300726442667,Medium,Pending
334,3920334,C315791959,2020-01-12 20:00:00,0.403509271187951,Medium,Pending
335,3921423,C2146002726,2020-01-12 20:00:00,0.4258859192633314,Medium,Pending
336,3921424,C477553292,2020-01-12 20:00:00,0.531437620402053,Medium,Pending
337,3921459,C1417805000,2020-01-12 20:00:00,0.45488565841174144,Medium,Pending
338,3921621,C298757438,2020-01-12 20:00:00,0.6599937562748202,Medium,Pending
339,3924715,C165670978,2020-01-12 21:00:00,0.4810053889163921,Medium,Pending
340,3925416,C755133500,2020-01-12 21:00:00,0.4684580692500741,Medium,Pending
341,3927705,C925134290,2020-01-12 21:00:00,0.5718282147295272,Medium,Pending
342,3927706,C320426830,2020-01-12 21:00:00,0.4323885519474122,Medium,Pending
343,3928924,C489883234,2020-01-12 21:00:00,0.5633933322891319,Medium,Pending
344,3928991,C253519451,2020-01-12 21:00:00,0.4524150440834185,Medium,Pending
345,3929514,C1075674067,2020-01-12 21:00:00,0.5954465994533924,Medium,Pending
346,3930062,C248755549,2020-01-12 21:00:00,0.40954032571892607,Medium,Pending
347,3930075,C1096580993,2020-01-12 21:00:00,0.4411819280952855,Medium,Pending
348,3930302,C2145280837,2020-01-12 21:00:00,0.5254544877191136,Medium,Pending
349,3930396,C661511930,2020-01-12 21:00:00,0.6537243936808832,Medium,Pending
350,3930397,C1107446041,2020-01-12 21:00:00,0.42319092372374023,Medium,Pending
351,3930577,C1260344462,2020-01-12 21:00:00,0.6775885036473088,Medium,Pending
352,3930578,C196454625,2020-01-12 21:00:00,0.45055506175815774,Medium,Pending
353,3930751,C935986831,2020-01-12 21:00:00,0.44874336708558415,Medium,Pending
354,3931059,C715445293,2020-01-12 21:00:00,0.46464539004387134,Medium,Pending
355,3931060,C1646345024,2020-01-12 21:00:00,0.4724066699855916,Medium,Pending
356,3932474,C1943142760,2020-01-12 21:00:00,0.626685417894377,Medium,Pending
357,3932475,C318991639,2020-01-12 21:00:00,0.41321987012911776,Medium,Pending
358,3933462,C1494577774,2020-01-12 21:00:00,0.46361250702833434,Medium,Pending
359,3933463,C1475366356,2020-01-12 21:00:00,0.4244608706423905,Medium,Pending
360,3933738,C1642965683,2020-01-12 21:00:00,0.41054801470575675,Medium,Pending
361,3933739,C1175785549,2020-01-12 21:00:00,0.5211477443910362,Medium,Pending
362,3933770,C1508556112,2020-01-12 21:00:00,0.49912064261248523,Medium,Pending
363,3934250,C68968235,2020-01-12 21:00:00,0.7591829181430815,High,Pending
364,3935388,C1774402263,2020-01-12 21:00:00,0.6705202835134482,Medium,Pending
365,3935389,C672411458,2020-01-12 21:00:00,0.4394408374307507,Medium,Pending
366,3935648,C1125352866,2020-01-12 21:00:00,0.5358701313976453,Medium,Pending
367,3935686,C719740019,2020-01-12 21:00:00,0.5208085021093133,Medium,Pending
368,3936021,C1683710408,2020-01-12 21:00:00,0.42646345052650675,Medium,Pending
369,3936563,C1274394094,2020-01-12 22:00:00,0.40585648100284116,Medium,Pending
370,3936767,C412043613,2020-01-12 22:00:00,0.47778913992123695,Medium,Pending
371,3937153,C811810230,2020-01-12 22:00:00,0.8111176249574368,High,Pending
372,3937154,C1103439794,2020-01-12 22:00:00,0.45295398223651484,Medium,Pending
373,3937298,C1635648823,2020-01-12 22:00:00,0.5537451922016756,Medium,Pending
374,3937563,C1496691337,2020-01-12 22:00:00,0.41953538074791374,Medium,Pending
375,3937564,C1177923418,2020-01-12 22:00:00,0.578796744047273,Medium,Pending
376,3937840,C1980920085,2020-01-12 22:00:00,0.5917643178309572,Medium,Pending
377,3938197,C192371038,2020-01-12 22:00:00,0.5305078786241504,Medium,Pending
378,3940528,C1683113401,2020-01-12 22:00:00,0.4223709022153397,Medium,Pending
379,3940645,C1662464358,2020-01-12 22:00:00,0.5037235457327852,Medium,Pending
380,3941240,C1531243345,2020-01-12 22:00:00,0.6146185248254132,Medium,Pending
381,3941901,C2094706712,2020-01-12 22:00:00,0.6899363418063537,Medium,Pending
382,3941902,C1191310740,2020-01-12 22:00:00,0.5250798962596397,Medium,Pending
383,3941936,C263057187,2020-01-12 22:00:00,0.41622555474313805,Medium,Pending
384,3944909,C888485554,2020-01-12 22:00:00,0.4263504579295734,Medium,Pending
385,3946486,C391379708,2020-01-12 22:00:00,0.5785633973282103,Medium,Pending
386,3946736,C21973006,2020-01-12 22:00:00,0.48675465634782134,Medium,Pending
387,3946830,C1667108697,2020-01-12 22:00:00,0.5180190251571295,Medium,Pending
388,3946899,C639925408,2020-01-12 22:00:00,0.4221694764385493,Medium,Pending
389,3946921,C1425667947,2020-01-12 22:00:00,0.8291842556357418,High,Pending
390,3947119,C1848238880,2020-01-12 22:00:00,0.47734172842413786,Medium,Pending
391,3947120,C602332398,2020-01-12 22:00:00,0.41048384608822275,Medium,Pending
392,3948192,C1594446101,2020-01-12 23:00:00,0.42851612694497454,Medium,Pending
393,3948509,C1680772125,2020-01-12 23:00:00,0.7174426222450498,High,Pending
394,3948510,C560508233,2020-01-12 23:00:00,0.4664437409865937,Medium,Pending
395,3949507,C485827693,2020-01-12 23:00:00,0.4492978063906248,Medium,Pending
396,3950054,C694045771,2020-01-12 23:00:00,0.4112417221491337,Medium,Pending
397,3951027,C70980571,2020-01-12 23:00:00,0.4395962327762702,Medium,Pending
398,3951373,C214674995,2020-01-12 23:00:00,0.4006827267378015,Medium,Pending
399,3951374,C711039936,2020-01-12 23:00:00,0.5295415934840298,Medium,Pending
400,3951788,C964007698,2020-01-12 23:00:00,0.5624665305023709,Medium,Pending
401,3952421,C1316421293,2020-01-12 23:00:00,0.5947726467484427,Medium,Pending
402,3953203,C1357223417,2020-01-12 23:00:00,0.4577298900581924,Medium,Pending
403,3953204,C597104192,2020-01-12 23:00:00,0.42438765004450735,Medium,Pending
404,3953741,C1767645960,2020-01-12 23:00:00,0.4031942830948735,Medium,Pending
405,3953889,C893113779,2020-01-12 23:00:00,0.6891402356383651,Medium,Pending
406,3954749,C407051356,2020-01-13 00:00:00,0.4900777201497827,Medium,Pending
407,3955288,C1452457861,2020-01-13 00:00:00,0.5811338308185152,Medium,Pending
408,3955555,C1723890270,2020-01-13 00:00:00,0.4805392367267969,Medium,Pending
409,3956687,C935820474,2020-01-13 00:00:00,0.4304261071410677,Medium,Pending
410,3956779,C2032511839,2020-01-13 00:00:00,0.47331459417759814,Medium,Pending
411,3956916,C1975254090,2020-01-13 00:00:00,0.5328623227541736,Medium,Pending
412,3956917,C91558746,2020-01-13 00:00:00,0.4381424150695297,Medium,Pending
413,3957016,C1698695771,2020-01-13 00:00:00,0.4042031296932779,Medium,Pending
414,3957079,C1453605570,2020-01-13 00:00:00,0.56326996094118,Medium,Pending
415,3957928,C2144190304,2020-01-13 00:00:00,0.46005094555984083,Medium,Pending
416,3958046,C662971535,2020-01-13 00:00:00,0.40948198710829337,Medium,Pending
417,3958074,C1381303384,2020-01-13 00:00:00,0.44393989178316084,Medium,Pending
418,3958770,C1074861133,2020-01-13 01:00:00,0.4766601505359925,Medium,Pending
419,3959157,C1783075050,2020-01-13 01:00:00,0.4586249140897224,Medium,Pending
420,3960278,C765197285,2020-01-13 03:00:00,0.5166920336873569,Medium,Pending
421,3960963,C435736627,2020-01-13 09:00:00,0.4069535155988501,Medium,Pending
422,3962259,C129944225,2020-01-13 09:00:00,0.5383607163429013,Medium,Pending
423,3962260,C132461955,2020-01-13 09:00:00,0.40920176416248105,Medium,Pending
424,3963206,C1560421779,2020-01-13 09:00:00,0.46350691464965776,Medium,Pending
425,3963207,C267892591,2020-01-13 09:00:00,0.5114773998627955,Medium,Pending
426,3963399,C1312906425,2020-01-13 09:00:00,0.5858690195319352,Medium,Pending
427,3963648,C515885166,2020-01-13 09:00:00,0.47791470178104245,Medium,Pending
428,3963724,C208859877,2020-01-13 09:00:00,0.5448762718278211,Medium,Pending
429,3963725,C1127008481,2020-01-13 09:00:00,0.4150455521538854,Medium,Pending
430,3964692,C1323232560,2020-01-13 09:00:00,0.4262321755141851,Medium,Pending
431,3965212,C1568995278,2020-01-13 09:00:00,0.5502583761102554,Medium,Pending
432,3965213,C1710368360,2020-01-13 09:00:00,0.45010142007250076,Medium,Pending
433,3965380,C1346063355,2020-01-13 09:00:00,0.4385253830087741,Medium,Pending
434,3966069,C891250969,2020-01-13 09:00:00,0.5190808140092839,Medium,Pending
435,3966070,C1023668072,2020-01-13 09:00:00,0.5338559968266299,Medium,Pending
436,3966173,C1979779411,2020-01-13 09:00:00,0.5777488333586752,Medium,Pending
437,3966174,C436406406,2020-01-13 09:00:00,0.49679765775821405,Medium,Pending
438,3966362,C624944133,2020-01-13 09:00:00,0.5021998682725951,Medium,Pending
439,3966417,C951935604,2020-01-13 09:00:00,0.44594801105976056,Medium,Pending
440,3966472,C80571844,2020-01-13 09:00:00,0.4198056057399735,Medium,Pending
441,3967545,C1622870367,2020-01-13 09:00:00,0.6567020329434983,Medium,Pending
442,3967969,C2120801782,2020-01-13 09:00:00,0.7059548167180862,High,Pending
443,3968080,C1542494659,2020-01-13 09:00:00,0.4758060750451554,Medium,Pending
444,3969237,C1085720598,2020-01-13 09:00:00,0.4147122907895731,Medium,Pending
445,3969238,C891246737,2020-01-13 09:00:00,0.49567582976947705,Medium,Pending
446,3969461,C1230329260,2020-01-13 09:00:00,0.5222707552061986,Medium,Pending
447,3969811,C617833265,2020-01-13 09:00:00,0.4941520824194725,Medium,Pending
448,3969812,C646671668,2020-01-13 09:00:00,0.4294494621042771,Medium,Pending
449,3970104,C960168077,2020-01-13 09:00:00,0.42581156081686644,Medium,Pending
450,3970592,C1076609603,2020-01-13 09:00:00,0.5639614479631945,Medium,Pending
451,3971442,C1296840527,2020-01-13 09:00:00,0.43404894403108396,Medium,Pending
452,3972209,C329129505,2020-01-13 09:00:00,0.41461810347453104,Medium,Pending
453,3972822,C1851498352,2020-01-13 09:00:00,0.40943114064033204,Medium,Pending
454,3973644,C515813026,2020-01-13 09:00:00,0.40863055387647407,Medium,Pending
455,3973645,C1072861941,2020-01-13 09:00:00,0.4753486434839832,Medium,Pending
456,3974045,C150783217,2020-01-13 09:00:00,0.4266498069083645,Medium,Pending
457,3974046,C1336686775,2020-01-13 09:00:00,0.4220885580417261,Medium,Pending
458,3974062,C1084961202,2020-01-13 09:00:00,0.5651633793714281,Medium,Pending
459,3974598,C1937125986,2020-01-13 09:00:00,0.5135707120972178,Medium,Pending
460,3974674,C1077326407,2020-01-13 09:00:00,0.4370737198467562,Medium,Pending
461,3974975,C1929249489,2020-01-13 09:00:00,0.5809165257427242,Medium,Pending
462,3975260,C1575116073,2020-01-13 09:00:00,0.4554497451613787,Medium,Pending
463,3975451,C1298650483,2020-01-13 09:00:00,0.44422331739375087,Medium,Pending
464,3975851,C1287288161,2020-01-13 09:00:00,0.5050835387488836,Medium,Pending
465,3975852,C649996623,2020-01-13 09:00:00,0.4941545011522367,Medium,Pending
466,3976619,C738838586,2020-01-13 09:00:00,0.5069232583283878,Medium,Pending
467,3977500,C623987066,2020-01-13 09:00:00,0.4877679728655362,Medium,Pending
468,3978540,C127938067,2020-01-13 09:00:00,0.49728917131832473,Medium,Pending
469,3980076,C503937936,2020-01-13 09:00:00,0.6580685842441087,Medium,Pending
470,3980077,C1753505198,2020-01-13 09:00:00,0.4150605811899111,Medium,Pending
471,3980218,C1275690114,2020-01-13 09:00:00,0.6669766400366562,Medium,Pending
472,3980721,C1714613851,2020-01-13 09:00:00,0.4940359816566654,Medium,Pending
473,3980845,C984130284,2020-01-13 09:00:00,0.4054885982840671,Medium,Pending
474,3981588,C1697395210,2020-01-13 10:00:00,0.6323110604663715,Medium,Pending
475,3982238,C1062535519,2020-01-13 10:00:00,0.47943658035464465,Medium,Pending
476,3982239,C391600524,2020-01-13 10:00:00,0.43110595148922304,Medium,Pending
477,3983146,C1086933587,2020-01-13 10:00:00,0.48899243658334746,Medium,Pending
478,3983832,C2096304725,2020-01-13 10:00:00,0.5347009395435837,Medium,Pending
479,3984136,C748391366,2020-01-13 10:00:00,0.6404687430172384,Medium,Pending
480,3984304,C523459061,2020-01-13 10:00:00,0.508695494408132,Medium,Pending
481,3985213,C388777332,2020-01-13 10:00:00,0.452046670318657,Medium,Pending
482,3985598,C1478770620,2020-01-13 10:00:00,0.4776981063556745,Medium,Pending
483,3985599,C466891395,2020-01-13 10:00:00,0.42541134092146493,Medium,Pending
484,3987955,C52099901,2020-01-13 10:00:00,0.4262843724532621,Medium,Pending
485,3988163,C197810089,2020-01-13 10:00:00,0.521126731181628,Medium,Pending
486,3988164,C1971949990,2020-01-13 10:00:00,0.5800148598314978,Medium,Pending
487,3988292,C1788896326,2020-01-13 10:00:00,0.5619498077694988,Medium,Pending
488,3988293,C342398736,2020-01-13 10:00:00,0.5449465383505914,Medium,Pending
489,3988563,C632309450,2020-01-13 10:00:00,0.47273267901334537,Medium,Pending
490,3991243,C812415403,2020-01-13 10:00:00,0.6290713113050757,Medium,Pending
491,3991244,C985106801,2020-01-13 10:00:00,0.4325974679738671,Medium,Pending
492,3991639,C300140823,2020-01-13 10:00:00,0.783458759606971,High,Pending
493,3992086,C1251345685,2020-01-13 10:00:00,0.5768518807317252,Medium,Pending
494,3992397,C2120715360,2020-01-13 10:00:00,0.42715261551054917,Medium,Pending
495,3992984,C604492107,2020-01-13 10:00:00,0.6463794180597917,Medium,Pending
496,3993300,C572822641,2020-01-13 10:00:00,0.4309101713404627,Medium,Pending
497,3993301,C650238375,2020-01-13 10:00:00,0.5390405337346384,Medium,Pending
498,3994299,C204877075,2020-01-13 10:00:00,0.4788243234701879,Medium,Pending
499,3994315,C756061556,2020-01-13 10:00:00,0.41544109473214147,Medium,Pending
500,3994505,C1945091542,2020-01-13 10:00:00,0.5878117477628713,Medium,Pending
501,3994691,C190554010,2020-01-13 10:00:00,0.4999442591681318,Medium,Pending
502,3994692,C1732390561,2020-01-13 10:00:00,0.5512693075150086,Medium,Pending
503,3995775,C920507021,2020-01-13 10:00:00,0.4151999065727759,Medium,Pending
504,3996007,C431831480,2020-01-13 10:00:00,0.4530382723814912,Medium,Pending
505,3996008,C1546307260,2020-01-13 10:00:00,0.4616035114409849,Medium,Pending
506,3996489,C480633082,2020-01-13 10:00:00,0.552049144954619,Medium,Pending
507,3996490,C1275289547,2020-01-13 10:00:00,0.5384973473711986,Medium,Pending
508,3996525,C2004560688,2020-01-13 10:00:00,0.5798297155798122,Medium,Pending
509,3996526,C250468227,2020-01-13 10:00:00,0.46879477013218623,Medium,Pending
510,3997023,C387653443,2020-01-13 10:00:00,0.4432454938465905,Medium,Pending
511,3997024,C689771980,2020-01-13 10:00:00,0.4190329873200003,Medium,Pending
512,3997423,C1018418701,2020-01-13 10:00:00,0.5650822409314841,Medium,Pending
513,3997559,C1147768581,2020-01-13 10:00:00,0.4161296481992379,Medium,Pending
514,3998400,C673859360,2020-01-13 10:00:00,0.40180379282912515,Medium,Pending
515,3998415,C1374388388,2020-01-13 10:00:00,0.43646188336126973,Medium,Pending
516,3998574,C1259855626,2020-01-13 10:00:00,0.4662951088246522,Medium,Pending
517,3998979,C145658684,2020-01-13 10:00:00,0.4191842519730441,Medium,Pending
518,3998980,C1103525093,2020-01-13 10:00:00,0.4680262649133051,Medium,Pending
519,3998995,C936386692,2020-01-13 10:00:00,0.40897163048187385,Medium,Pending
520,4000072,C1298505038,2020-01-13 10:00:00,0.509031147170189,Medium,Pending
521,4001359,C872876496,2020-01-13 10:00:00,0.4036917935493729,Medium,Pending
522,4001761,C1786916289,2020-01-13 10:00:00,0.5694757023751758,Medium,Pending
523,4001762,C1677561922,2020-01-13 10:00:00,0.44040003916624765,Medium,Pending
524,4001900,C50633307,2020-01-13 10:00:00,0.4353830416215628,Medium,Pending
525,4002093,C594917056,2020-01-13 10:00:00,0.4087949054919144,Medium,Pending
526,4002108,C1391561617,2020-01-13 10:00:00,0.41701046930294916,Medium,Pending
527,4002132,C1311963329,2020-01-13 10:00:00,0.47561806561396053,Medium,Pending
528,4002351,C1129563863,2020-01-13 10:00:00,0.4532389402740429,Medium,Pending
529,4002770,C1785839533,2020-01-13 10:00:00,0.41975003258524707,Medium,Pending
530,4003263,C302949052,2020-01-13 10:00:00,0.41083871203729583,Medium,Pending
531,4003371,C1510283995,2020-01-13 10:00:00,0.5438052738000254,Medium,Pending
532,4003614,C850555360,2020-01-13 10:00:00,0.410795719806364,Medium,Pending
533,4003692,C72331908,2020-01-13 10:00:00,0.42874134221507876,Medium,Pending
534,4003693,C2084924681,2020-01-13 10:00:00,0.42740221641969717,Medium,Pending
535,4004373,C1785610229,2020-01-13 10:00:00,0.4565335972360033,Medium,Pending
536,4004374,C1576649855,2020-01-13 10:00:00,0.4403110190785343,Medium,Pending
537,4004959,C528034819,2020-01-13 10:00:00,0.5294672756236326,Medium,Pending
538,4004974,C434906044,2020-01-13 10:00:00,0.4026603988915735,Medium,Pending
539,4006049,C1753244211,2020-01-13 10:00:00,0.6748165529858409,Medium,Pending
540,4006050,C799495205,2020-01-13 10:00:00,0.4738710539267532,Medium,Pending
541,4006394,C1609437529,2020-01-13 10:00:00,0.48247235378314823,Medium,Pending
542,4006587,C146260131,2020-01-13 10:00:00,0.6016769015917092,Medium,Pending
543,4006588,C153108599,2020-01-13 10:00:00,0.4415433028835307,Medium,Pending
544,4006835,C643740020,2020-01-13 10:00:00,0.4123550428891843,Medium,Pending
545,4007155,C1291583449,2020-01-13 10:00:00,0.4266899819664418,Medium,Pending
546,4010048,C2104932733,2020-01-13 10:00:00,0.48102362023859413,Medium,Pending
547,4010375,C1098888868,2020-01-13 10:00:00,0.5976984537408281,Medium,Pending
548,4011802,C331500736,2020-01-13 11:00:00,0.42042169384321587,Medium,Pending
549,4011956,C1313169305,2020-01-13 11:00:00,0.49569532153138707,Medium,Pending
550,4011957,C978763175,2020-01-13 11:00:00,0.5739775574691406,Medium,Pending
551,4012207,C60200644,2020-01-13 11:00:00,0.5645934963104122,Medium,Pending
552,4012208,C1681033826,2020-01-13 11:00:00,0.5304581825743366,Medium,Pending
553,4013045,C1438212901,2020-01-13 11:00:00,0.5430297799783057,Medium,Pending
554,4014013,C1225841464,2020-01-13 11:00:00,0.42147475600932505,Medium,Pending
555,4014660,C445600135,2020-01-13 11:00:00,0.6088074783569082,Medium,Pending
556,4014722,C1369805237,2020-01-13 11:00:00,0.4259471931704486,Medium,Pending
557,4015043,C1647498376,2020-01-13 11:00:00,0.42608559446306965,Medium,Pending
558,4015350,C1290193714,2020-01-13 11:00:00,0.49300317943466254,Medium,Pending
559,4015351,C2145557479,2020-01-13 11:00:00,0.4813899752250873,Medium,Pending
560,4015505,C230721320,2020-01-13 11:00:00,0.5976579241604203,Medium,Pending
561,4016239,C1335787735,2020-01-13 11:00:00,0.4438148008277495,Medium,Pending
562,4016809,C810511194,2020-01-13 11:00:00,0.43245230357338826,Medium,Pending
563,4016810,C1997806194,2020-01-13 11:00:00,0.41067155172967185,Medium,Pending
564,4019110,C513090315,2020-01-13 11:00:00,0.5492399106895185,Medium,Pending
565,4019491,C1373829035,2020-01-13 11:00:00,0.4461559362106887,Medium,Pending
566,4020647,C57173313,2020-01-13 11:00:00,0.4480500570979339,Medium,Pending
567,4021366,C1421969256,2020-01-13 11:00:00,0.5001993714532612,Medium,Pending
568,4021782,C1037380555,2020-01-13 11:00:00,0.48831327114318346,Medium,Pending
569,4022041,C119338063,2020-01-13 11:00:00,0.5274154645364747,Medium,Pending
570,4023328,C170775932,2020-01-13 11:00:00,0.528494810800378,Medium,Pending
571,4023329,C530094846,2020-01-13 11:00:00,0.5559825233402471,Medium,Pending
572,4024092,C1421258455,2020-01-13 11:00:00,0.46044414436840553,Medium,Pending
573,4024107,C1436606095,2020-01-13 11:00:00,0.4551867235148592,Medium,Pending
574,4026712,C254616274,2020-01-13 11:00:00,0.4935278587026565,Medium,Pending
575,4026713,C196703060,2020-01-13 11:00:00,0.4855061251675644,Medium,Pending
576,4027304,C227656960,2020-01-13 11:00:00,0.4506696759805138,Medium,Pending
577,4027628,C433416354,2020-01-13 11:00:00,0.4612866296595343,Medium,Pending
578,4027629,C573773059,2020-01-13 11:00:00,0.4335636662628315,Medium,Pending
579,4027745,C274238274,2020-01-13 11:00:00,0.4320610555462844,Medium,Pending
580,4028583,C50811564,2020-01-13 11:00:00,0.7259643759831769,High,Pending
581,4028584,C1385331403,2020-01-13 11:00:00,0.4398820131359915,Medium,Pending
582,4028598,C650473049,2020-01-13 11:00:00,0.40067445664501833,Medium,Pending
583,4030420,C999878136,2020-01-13 11:00:00,0.5265708271236722,Medium,Pending
584,4030421,C1492193532,2020-01-13 11:00:00,0.4416907151918319,Medium,Pending
585,4030958,C1999568874,2020-01-13 11:00:00,0.4495943531891759,Medium,Pending
586,4031031,C1476496404,2020-01-13 11:00:00,0.5738367508462441,Medium,Pending
587,4031216,C102887612,2020-01-13 11:00:00,0.401084947465766,Medium,Pending
588,4031721,C1206430088,2020-01-13 11:00:00,0.45542231768742264,Medium,Pending
589,4033491,C1394594195,2020-01-13 11:00:00,0.45074075324027524,Medium,Pending
590,4033492,C92581683,2020-01-13 11:00:00,0.5671148615477086,Medium,Pending
591,4033733,C702955316,2020-01-13 11:00:00,0.4689752256329648,Medium,Pending
592,4033781,C385948493,2020-01-13 11:00:00,0.45226725726263406,Medium,Pending
593,4033782,C2078962001,2020-01-13 11:00:00,0.4530656876644829,Medium,Pending
594,4033894,C891821473,2020-01-13 11:00:00,0.6535997584858106,Medium,Pending
595,4033993,C218688766,2020-01-13 11:00:00,0.4472808650961529,Medium,Pending
596,4033994,C1391925805,2020-01-13 11:00:00,0.5114597602188272,Medium,Pending
597,4034463,C708522799,2020-01-13 11:00:00,0.5371631321871316,Medium,Pending
598,4036042,C1432793930,2020-01-13 11:00:00,0.40241098183125473,Medium,Pending
599,4036500,C2078388947,2020-01-13 11:00:00,0.4822254587380496,Medium,Pending
600,4037503,C959898313,2020-01-13 11:00:00,0.40101434754662213,Medium,Pending
601,4037518,C1494361578,2020-01-13 11:00:00,0.4433418159433632,Medium,Pending
602,4038099,C1293276010,2020-01-13 11:00:00,0.7210586005439409,High,Pending
603,4038435,C437103388,2020-01-13 11:00:00,0.4155357992923863,Medium,Pending
604,4038436,C1670532398,2020-01-13 11:00:00,0.4983224508809452,Medium,Pending
605,4039640,C738713996,2020-01-13 11:00:00,0.47720990033292326,Medium,Pending
606,4039641,C1615148513,2020-01-13 11:00:00,0.43737142122807005,Medium,Pending
607,4040172,C798870943,2020-01-13 11:00:00,0.4314203800094637,Medium,Pending
608,4040241,C977829701,2020-01-13 11:00:00,0.42907505388787015,Medium,Pending
609,4040343,C488445524,2020-01-13 11:00:00,0.5512544839838108,Medium,Pending
610,4040790,C1709550812,2020-01-13 11:00:00,0.47916282649485986,Medium,Pending
611,4040791,C382316120,2020-01-13 11:00:00,0.41118042022551454,Medium,Pending
612,4041686,C1709187697,2020-01-13 11:00:00,0.45528017111852875,Medium,Pending
613,4042517,C1684735083,2020-01-13 12:00:00,0.4701294188905514,Medium,Pending
614,4043420,C41466638,2020-01-13 12:00:00,0.4669930680372257,Medium,Pending
615,4043953,C596895684,2020-01-13 12:00:00,0.6008735765555239,Medium,Pending
616,4043969,C977638033,2020-01-13 12:00:00,0.42591179628892384,Medium,Pending
617,4043970,C997363429,2020-01-13 12:00:00,0.5207001358697799,Medium,Pending
618,4044176,C1621759239,2020-01-13 12:00:00,0.7333442275302968,High,Pending
619,4044227,C1690842469,2020-01-13 12:00:00,0.4642536895124003,Medium,Pending
620,4044351,C1136562495,2020-01-13 12:00:00,0.4088244973542289,Medium,Pending
621,4045118,C1081865515,2020-01-13 12:00:00,0.6092757569990037,Medium,Pending
622,4045221,C1177776187,2020-01-13 12:00:00,0.4283807583251124,Medium,Pending
623,4045222,C603607327,2020-01-13 12:00:00,0.4352850787421377,Medium,Pending
624,4045250,C600447721,2020-01-13 12:00:00,0.5388922874432215,Medium,Pending
625,4045460,C855845998,2020-01-13 12:00:00,0.4205126351814826,Medium,Pending
626,4045690,C1182130738,2020-01-13 12:00:00,0.5644339020484488,Medium,Pending
627,4045832,C1769534655,2020-01-13 12:00:00,0.5889971048356943,Medium,Pending
628,4046236,C1485894065,2020-01-13 12:00:00,0.4831981167994476,Medium,Pending
629,4046764,C183836878,2020-01-13 12:00:00,0.5450646151854315,Medium,Pending
630,4046780,C45694924,2020-01-13 12:00:00,0.44909451986378124,Medium,Pending
631,4047486,C625118656,2020-01-13 12:00:00,0.6018559194673347,Medium,Pending
632,4048449,C962484785,2020-01-13 12:00:00,0.6886276388275913,Medium,Pending
633,4048450,C50702401,2020-01-13 12:00:00,0.5367357654371154,Medium,Pending
634,4048586,C1826695380,2020-01-13 12:00:00,0.43564013096308873,Medium,Pending
635,4048674,C1960608501,2020-01-13 12:00:00,0.7077616581753141,High,Pending
636,4048675,C2058005210,2020-01-13 12:00:00,0.5504134700133576,Medium,Pending
637,4049279,C738006334,2020-01-13 12:00:00,0.5519671788920623,Medium,Pending
638,4049280,C1716942619,2020-01-13 12:00:00,0.45421501203262676,Medium,Pending
639,4050028,C679640558,2020-01-13 12:00:00,0.43854982437794077,Medium,Pending
640,4050029,C673007562,2020-01-13 12:00:00,0.4418597530594102,Medium,Pending
641,4053073,C1857584583,2020-01-13 12:00:00,0.40924449780867167,Medium,Pending
642,4053231,C55478598,2020-01-13 12:00:00,0.6179388423286981,Medium,Pending
643,4053728,C598177993,2020-01-13 12:00:00,0.5376375036612051,Medium,Pending
644,4053770,C889809184,2020-01-13 12:00:00,0.5856683561068797,Medium,Pending
645,4053826,C593985052,2020-01-13 12:00:00,0.413800599968176,Medium,Pending
646,4053827,C829191817,2020-01-13 12:00:00,0.41032694890675664,Medium,Pending
647,4053841,C77841064,2020-01-13 12:00:00,0.42890937784908895,Medium,Pending
648,4053892,C1640241868,2020-01-13 12:00:00,0.43255914836542364,Medium,Pending
649,4054243,C621534543,2020-01-13 12:00:00,0.5662083816442394,Medium,Pending
650,4054682,C1426219136,2020-01-13 12:00:00,0.5112458633126419,Medium,Pending
651,4054772,C594965264,2020-01-13 12:00:00,0.4906742363033431,Medium,Pending
652,4054881,C1715233676,2020-01-13 12:00:00,0.4484208281666216,Medium,Pending
653,4054896,C416703311,2020-01-13 12:00:00,0.4287009910316404,Medium,Pending
654,4054914,C1720436586,2020-01-13 12:00:00,0.5592176903647839,Medium,Pending
655,4054915,C904905786,2020-01-13 12:00:00,0.4021537929175664,Medium,Pending
656,4055347,C982635532,2020-01-13 12:00:00,0.4461383993948546,Medium,Pending
657,4055359,C1832195283,2020-01-13 12:00:00,0.5721358660579389,Medium,Pending
658,4055360,C298150872,2020-01-13 12:00:00,0.42803533408864725,Medium,Pending
659,4055726,C1163102205,2020-01-13 12:00:00,0.7062666634798094,High,Pending
660,4055727,C2024608805,2020-01-13 12:00:00,0.41517641488730606,Medium,Pending
661,4057503,C863106680,2020-01-13 12:00:00,0.4392017612613128,Medium,Pending
662,4058399,C1711117387,2020-01-13 12:00:00,0.4442162658673633,Medium,Pending
663,4058529,C1117229889,2020-01-13 12:00:00,0.5182917423306208,Medium,Pending
664,4058568,C894440208,2020-01-13 12:00:00,0.5057435962532146,Medium,Pending
665,4058569,C1570620611,2020-01-13 12:00:00,0.4230207363466577,Medium,Pending
666,4058657,C515250662,2020-01-13 12:00:00,0.6913506198238495,Medium,Pending
667,4059030,C2092347686,2020-01-13 12:00:00,0.46588224515762733,Medium,Pending
668,4059031,C1232733369,2020-01-13 12:00:00,0.44244493441775196,Medium,Pending
669,4059047,C1576451498,2020-01-13 12:00:00,0.48524651903551735,Medium,Pending
670,4059048,C1507848494,2020-01-13 12:00:00,0.42286597250823693,Medium,Pending
671,4059332,C225873254,2020-01-13 12:00:00,0.4467045043169981,Medium,Pending
672,4059333,C1941130084,2020-01-13 12:00:00,0.43079360467079975,Medium,Pending
673,4060578,C94924602,2020-01-13 12:00:00,0.411966935133351,Medium,Pending
674,4060599,C2127282686,2020-01-13 12:00:00,0.8589935037438068,High,Pending
675,4060682,C2004657111,2020-01-13 12:00:00,0.5888273296797921,Medium,Pending
676,4060683,C1219429670,2020-01-13 12:00:00,0.43534856958748447,Medium,Pending
677,4060709,C635398060,2020-01-13 12:00:00,0.4504435231419569,Medium,Pending
678,4061246,C1011191693,2020-01-13 12:00:00,0.6166474438559642,Medium,Pending
679,4061880,C1277585791,2020-01-13 12:00:00,0.5591472337841218,Medium,Pending
680,4061881,C1059780093,2020-01-13 12:00:00,0.48457672731115364,Medium,Pending
681,4062309,C1465725874,2020-01-13 12:00:00,0.4684930926034792,Medium,Pending
682,4062310,C1683256469,2020-01-13 12:00:00,0.407553279395032,Medium,Pending
683,4063003,C1556101780,2020-01-13 12:00:00,0.5683968396609524,Medium,Pending
684,4063153,C696934098,2020-01-13 12:00:00,0.4367904387104521,Medium,Pending
685,4063154,C390428065,2020-01-13 12:00:00,0.5348000108164034,Medium,Pending
686,4063367,C1696224835,2020-01-13 12:00:00,0.5081139669316904,Medium,Pending
687,4063619,C1451158473,2020-01-13 12:00:00,0.49429822550451374,Medium,Pending
688,4063620,C1028613912,2020-01-13 12:00:00,0.42611477796593766,Medium,Pending
689,4064988,C1773319125,2020-01-13 12:00:00,0.6080822643883275,Medium,Pending
690,4064989,C1583333530,2020-01-13 12:00:00,0.40142000271912803,Medium,Pending
691,4065429,C1656583718,2020-01-13 12:00:00,0.5251392187038135,Medium,Pending
692,4065443,C267433594,2020-01-13 12:00:00,0.40782588874285075,Medium,Pending
693,4065747,C1841452467,2020-01-13 12:00:00,0.5003378275673618,Medium,Pending
694,4066516,C1595928228,2020-01-13 12:00:00,0.4082497281395473,Medium,Pending
695,4068588,C743488823,2020-01-13 12:00:00,0.5337723833180364,Medium,Pending
696,4068589,C1673547288,2020-01-13 12:00:00,0.5350805292227311,Medium,Pending
697,4068603,C630202707,2020-01-13 12:00:00,0.4291789521768202,Medium,Pending
698,4068950,C994609303,2020-01-13 12:00:00,0.49566729935038634,Medium,Pending
699,4069645,C598203332,2020-01-13 12:00:00,0.42135565013593934,Medium,Pending
700,4069646,C1539451063,2020-01-13 12:00:00,0.4191355754967415,Medium,Pending
701,4069834,C75830118,2020-01-13 12:00:00,0.5927142258869851,Medium,Pending
702,4071394,C1712295766,2020-01-13 12:00:00,0.46952321728081586,Medium,Pending
703,4072146,C988219650,2020-01-13 12:00:00,0.6869558377428306,Medium,Pending
704,4072147,C992524594,2020-01-13 12:00:00,0.40556570704238315,Medium,Pending
705,4072322,C993658588,2020-01-13 12:00:00,0.5319439980794292,Medium,Pending
706,4072323,C949556221,2020-01-13 12:00:00,0.42371605572326215,Medium,Pending
707,4073264,C1083403839,2020-01-13 12:00:00,0.5608957753237778,Medium,Pending
708,4073265,C1993444076,2020-01-13 12:00:00,0.43968470669363546,Medium,Pending
709,4073349,C2144929087,2020-01-13 12:00:00,0.6936762313387619,Medium,Pending
710,4073698,C98177732,2020-01-13 13:00:00,0.5508815186172559,Medium,Pending
711,4073699,C1782287149,2020-01-13 13:00:00,0.44409546529848887,Medium,Pending
712,4074340,C1642245289,2020-01-13 13:00:00,0.4994967629400443,Medium,Pending
713,4074341,C500235149,2020-01-13 13:00:00,0.4861281782112392,Medium,Pending
714,4074921,C148580811,2020-01-13 13:00:00,0.41780155748827236,Medium,Pending
715,4075249,C1766883669,2020-01-13 13:00:00,0.5086377593638163,Medium,Pending
716,4075766,C1581671762,2020-01-13 13:00:00,0.40051355348237033,Medium,Pending
717,4076756,C1539737626,2020-01-13 13:00:00,0.7754129073468067,High,Pending
718,4077034,C689906292,2020-01-13 13:00:00,0.6685473395608468,Medium,Pending
719,4077782,C1101406132,2020-01-13 13:00:00,0.6092303244550291,Medium,Pending
720,4079473,C1573879412,2020-01-13 13:00:00,0.4557631786414775,Medium,Pending
721,4079502,C1225399194,2020-01-13 13:00:00,0.5208579731184679,Medium,Pending
722,4079775,C81357706,2020-01-13 13:00:00,0.553360368434196,Medium,Pending
723,4079834,C974726479,2020-01-13 13:00:00,0.41317577578957426,Medium,Pending
724,4079835,C513929096,2020-01-13 13:00:00,0.4358485880489531,Medium,Pending
725,4079928,C406636210,2020-01-13 13:00:00,0.41011679810976714,Medium,Pending
726,4080358,C6333741,2020-01-13 13:00:00,0.6916971242857667,Medium,Pending
727,4080373,C712769619,2020-01-13 13:00:00,0.4114353572182059,Medium,Pending
728,4081066,C1109331216,2020-01-13 13:00:00,0.4368720603971953,Medium,Pending
729,4081095,C1920233194,2020-01-13 13:00:00,0.49394874644728903,Medium,Pending
730,4081430,C397095289,2020-01-13 13:00:00,0.43224346311576844,Medium,Pending
731,4081556,C197400888,2020-01-13 13:00:00,0.44962981556873904,Medium,Pending
732,4081571,C1648940239,2020-01-13 13:00:00,0.40702896305431907,Medium,Pending
733,4082094,C1634156801,2020-01-13 13:00:00,0.4476116217094679,Medium,Pending
734,4082148,C1842185101,2020-01-13 13:00:00,0.4183208906019263,Medium,Pending
735,4082719,C863389710,2020-01-13 13:00:00,0.4521931446041838,Medium,Pending
736,4083040,C317876252,2020-01-13 13:00:00,0.5928711629730365,Medium,Pending
737,4083041,C845128215,2020-01-13 13:00:00,0.44871400442854403,Medium,Pending
738,4083112,C1265692742,2020-01-13 13:00:00,0.5119768632946438,Medium,Pending
739,4083212,C38577361,2020-01-13 13:00:00,0.5561494874566368,Medium,Pending
740,4083919,C968876500,2020-01-13 13:00:00,0.4776961450490954,Medium,Pending
741,4083991,C1943526895,2020-01-13 13:00:00,0.500677881494719,Medium,Pending
742,4086474,C93664170,2020-01-13 13:00:00,0.40591033121841613,Medium,Pending
743,4086500,C1587228136,2020-01-13 13:00:00,0.409272339093934,Medium,Pending
744,4086997,C864519365,2020-01-13 13:00:00,0.43077659956274106,Medium,Pending
745,4087867,C1177251642,2020-01-13 13:00:00,0.6478594741292799,Medium,Pending
746,4088150,C34922470,2020-01-13 13:00:00,0.4840472735011804,Medium,Pending
747,4088151,C1846132190,2020-01-13 13:00:00,0.423114441020663,Medium,Pending
748,4088303,C1891483689,2020-01-13 13:00:00,0.4606639395054605,Medium,Pending
749,4088304,C1124226135,2020-01-13 13:00:00,0.5390197289831491,Medium,Pending
750,4088610,C1977498087,2020-01-13 13:00:00,0.5787113841262427,Medium,Pending
751,4089163,C171534619,2020-01-13 13:00:00,0.4305019197197057,Medium,Pending
752,4089164,C1036914686,2020-01-13 13:00:00,0.414584674108648,Medium,Pending
753,4089239,C1331682853,2020-01-13 13:00:00,0.45754630132812896,Medium,Pending
754,4089389,C1082375488,2020-01-13 13:00:00,0.5693904943490182,Medium,Pending
755,4089929,C1943135550,2020-01-13 13:00:00,0.4968797958572369,Medium,Pending
756,4089994,C12403900,2020-01-13 13:00:00,0.5218664502776476,Medium,Pending
757,4090049,C1316741701,2020-01-13 13:00:00,0.44884786167170476,Medium,Pending
758,4090050,C1965169101,2020-01-13 13:00:00,0.4378630404179652,Medium,Pending
759,4090152,C406832442,2020-01-13 13:00:00,0.5319324035636651,Medium,Pending
760,4090168,C1492073822,2020-01-13 13:00:00,0.42068395790837776,Medium,Pending
761,4091044,C2133011035,2020-01-13 13:00:00,0.4600645649114953,Medium,Pending
762,4091700,C16560613,2020-01-13 13:00:00,0.42758939058053164,Medium,Pending
763,4091701,C228880345,2020-01-13 13:00:00,0.40108472431811376,Medium,Pending
764,4091952,C2078655271,2020-01-13 13:00:00,0.4189380587034599,Medium,Pending
765,4092068,C1243889127,2020-01-13 13:00:00,0.5084956533809901,Medium,Pending
766,4092083,C1818794863,2020-01-13 13:00:00,0.4060488086099142,Medium,Pending
767,4092918,C995570325,2020-01-13 13:00:00,0.5132248608741183,Medium,Pending
768,4093535,C1113869074,2020-01-13 13:00:00,0.47165169030094345,Medium,Pending
769,4093556,C1041914844,2020-01-13 13:00:00,0.47489415471560287,Medium,Pending
770,4094220,C1350569527,2020-01-13 13:00:00,0.4962159339390977,Medium,Pending
771,4094233,C114509514,2020-01-13 13:00:00,0.6232119100957192,Medium,Pending
772,4094234,C294063973,2020-01-13 13:00:00,0.43408954622723606,Medium,Pending
773,4094711,C755110431,2020-01-13 13:00:00,0.4097453953825402,Medium,Pending
774,4094770,C750123004,2020-01-13 13:00:00,0.47977811476483084,Medium,Pending
775,4095121,C17727023,2020-01-13 13:00:00,0.46282106439640097,Medium,Pending
776,4096879,C155474398,2020-01-13 13:00:00,0.6689402061088421,Medium,Pending
777,4097351,C314740639,2020-01-13 13:00:00,0.4406582857407459,Medium,Pending
778,4098592,C270232395,2020-01-13 13:00:00,0.4080281604665604,Medium,Pending
779,4098606,C167166506,2020-01-13 13:00:00,0.40814212205586087,Medium,Pending
780,4098999,C839117858,2020-01-13 13:00:00,0.5417176131755349,Medium,Pending
781,4099209,C471161766,2020-01-13 13:00:00,0.5392323085079791,Medium,Pending
782,4099394,C1972776275,2020-01-13 13:00:00,0.504395088034201,Medium,Pending
783,4099769,C1408116717,2020-01-13 13:00:00,0.7063945884936969,High,Pending
784,4100212,C2051168644,2020-01-13 13:00:00,0.45614313495819947,Medium,Pending
785,4100257,C170977668,2020-01-13 13:00:00,0.5632025132571101,Medium,Pending
786,4101758,C2055519027,2020-01-13 13:00:00,0.40289298182021605,Medium,Pending
787,4102546,C2009810132,2020-01-13 13:00:00,0.4192213946612436,Medium,Pending
788,4102810,C218872536,2020-01-13 13:00:00,0.4408396723737537,Medium,Pending
789,4102853,C1026363971,2020-01-13 13:00:00,0.55831499215904,Medium,Pending
790,4102868,C828839160,2020-01-13 13:00:00,0.41922888226069843,Medium,Pending
791,4103251,C1616413731,2020-01-13 13:00:00,0.5726840065718518,Medium,Pending
792,4103252,C1009987242,2020-01-13 13:00:00,0.5603645975902893,Medium,Pending
793,4103371,C1867706604,2020-01-13 13:00:00,0.42830049627163835,Medium,Pending
794,4103372,C1002061774,2020-01-13 13:00:00,0.498645996198091,Medium,Pending
795,4103412,C879520606,2020-01-13 13:00:00,0.5216645875948668,Medium,Pending
796,4104931,C1615466611,2020-01-13 14:00:00,0.46632898463728023,Medium,Pending
797,4105339,C420748282,2020-01-13 14:00:00,0.8055181932617301,High,Pending
798,4105348,C184899407,2020-01-13 14:00:00,0.6546515545331912,Medium,Pending
799,4105962,C327674790,2020-01-13 14:00:00,0.5861975328563644,Medium,Pending
800,4106071,C2040122898,2020-01-13 14:00:00,0.48761899360185135,Medium,Pending
801,4106087,C1248752219,2020-01-13 14:00:00,0.42961008638914994,Medium,Pending
802,4106136,C1556481953,2020-01-13 14:00:00,0.4609778087557454,Medium,Pending
803,4106137,C1046824526,2020-01-13 14:00:00,0.42449642805089954,Medium,Pending
804,4106288,C934183448,2020-01-13 14:00:00,0.4210442237731865,Medium,Pending
805,4106482,C1423766399,2020-01-13 14:00:00,0.7415883292531296,High,Pending
806,4106690,C1246682805,2020-01-13 14:00:00,0.6019188835267242,Medium,Pending
807,4106940,C920913031,2020-01-13 14:00:00,0.5016284810283039,Medium,Pending
808,4106956,C821543017,2020-01-13 14:00:00,0.6754284601940649,Medium,Pending
809,4106957,C1168069310,2020-01-13 14:00:00,0.5157490696349253,Medium,Pending
810,4106981,C152536544,2020-01-13 14:00:00,0.6721093120389965,Medium,Pending
811,4106982,C346533775,2020-01-13 14:00:00,0.41055777096038953,Medium,Pending
812,4108072,C1513479033,2020-01-13 14:00:00,0.4139197764128586,Medium,Pending
813,4108123,C887154101,2020-01-13 14:00:00,0.5264810433969791,Medium,Pending
814,4108124,C915073996,2020-01-13 14:00:00,0.46291140709016865,Medium,Pending
815,4108484,C399751586,2020-01-13 14:00:00,0.44844531481651306,Medium,Pending
816,4108989,C1327783656,2020-01-13 14:00:00,0.6163687786276619,Medium,Pending
817,4108990,C1028418367,2020-01-13 14:00:00,0.4818092732225332,Medium,Pending
818,4109131,C294170877,2020-01-13 14:00:00,0.44934183894242335,Medium,Pending
819,4109456,C2103934230,2020-01-13 14:00:00,0.4297463572918164,Medium,Pending
820,4110481,C785285280,2020-01-13 14:00:00,0.4081764641539462,Medium,Pending
821,4110501,C246913312,2020-01-13 14:00:00,0.4315373357299028,Medium,Pending
822,4110502,C1495660404,2020-01-13 14:00:00,0.6158184896266485,Medium,Pending
823,4111255,C1701964888,2020-01-13 14:00:00,0.6304312178486193,Medium,Pending
824,4111998,C716386562,2020-01-13 14:00:00,0.6009234108705609,Medium,Pending
825,4112117,C1917753308,2020-01-13 14:00:00,0.47180633381984627,Medium,Pending
826,4112118,C1084869780,2020-01-13 14:00:00,0.6631002787156903,Medium,Pending
827,4112655,C319221096,2020-01-13 14:00:00,0.46983638445270526,Medium,Pending
828,4112851,C2081714633,2020-01-13 14:00:00,0.4088788466421404,Medium,Pending
829,4112973,C1917548743,2020-01-13 14:00:00,0.41497654909963405,Medium,Pending
830,4113110,C353198664,2020-01-13 14:00:00,0.5251130752185712,Medium,Pending
831,4113305,C989453394,2020-01-13 14:00:00,0.45514996222968807,Medium,Pending
832,4113321,C292807754,2020-01-13 14:00:00,0.46643320352587736,Medium,Pending
833,4113357,C1049185843,2020-01-13 14:00:00,0.6621327296527291,Medium,Pending
834,4114665,C1204040421,2020-01-13 14:00:00,0.5279708713194768,Medium,Pending
835,4114681,C298305428,2020-01-13 14:00:00,0.44914581792746633,Medium,Pending
836,4114696,C1390673862,2020-01-13 14:00:00,0.4762439701694548,Medium,Pending
837,4115130,C289247,2020-01-13 14:00:00,0.4666144305405442,Medium,Pending
838,4115303,C790041561,2020-01-13 14:00:00,0.4261488844225253,Medium,Pending
839,4115384,C1809570001,2020-01-13 14:00:00,0.6050923193693993,Medium,Pending
840,4115404,C89960341,2020-01-13 14:00:00,0.45940506084665866,Medium,Pending
841,4116513,C2009250334,2020-01-13 14:00:00,0.5881646474078269,Medium,Pending
842,4116529,C135588317,2020-01-13 14:00:00,0.41843639817209416,Medium,Pending
843,4116589,C869767540,2020-01-13 14:00:00,0.41421235259159667,Medium,Pending
844,4116741,C1608953387,2020-01-13 14:00:00,0.4557566862336051,Medium,Pending
845,4116742,C722336671,2020-01-13 14:00:00,0.4133691334952769,Medium,Pending
846,4117170,C1873258188,2020-01-13 14:00:00,0.4329466525549399,Medium,Pending
847,4117371,C775676392,2020-01-13 14:00:00,0.4567250035544828,Medium,Pending
848,4117828,C497575737,2020-01-13 14:00:00,0.41336496516982413,Medium,Pending
849,4118762,C99667708,2020-01-13 14:00:00,0.47929532024301746,Medium,Pending
850,4118821,C1199593373,2020-01-13 14:00:00,0.4300789367950467,Medium,Pending
851,4119754,C1785577611,2020-01-13 14:00:00,0.42349431313643854,Medium,Pending
852,4119757,C1987404745,2020-01-13 14:00:00,0.4165758490048501,Medium,Pending
853,4119758,C1914215444,2020-01-13 14:00:00,0.4098196628889541,Medium,Pending
854,4119973,C1672982474,2020-01-13 14:00:00,0.5228119330136073,Medium,Pending
855,4121043,C1943603540,2020-01-13 14:00:00,0.44096214424055163,Medium,Pending
856,4121356,C273591745,2020-01-13 14:00:00,0.4320663862536882,Medium,Pending
857,4121694,C1636654176,2020-01-13 14:00:00,0.44870496532064164,Medium,Pending
858,4122260,C1335021824,2020-01-13 14:00:00,0.6549353994069473,Medium,Pending
859,4122397,C1789698236,2020-01-13 14:00:00,0.46209925284268494,Medium,Pending
860,4122467,C775035931,2020-01-13 14:00:00,0.44291728764359894,Medium,Pending
861,4123098,C1697526737,2020-01-13 14:00:00,0.41565843161044824,Medium,Pending
862,4123444,C523002749,2020-01-13 14:00:00,0.543242227144094,Medium,Pending
863,4123445,C704651209,2020-01-13 14:00:00,0.45066822222694214,Medium,Pending
864,4123470,C268683253,2020-01-13 14:00:00,0.5643764393699644,Medium,Pending
865,4124240,C1593102274,2020-01-13 14:00:00,0.5720874800446136,Medium,Pending
866,4124256,C649761430,2020-01-13 14:00:00,0.40208779451957205,Medium,Pending
867,4125758,C1406609941,2020-01-13 14:00:00,0.4083144986575522,Medium,Pending
868,4125774,C1370651229,2020-01-13 14:00:00,0.4369278444328893,Medium,Pending
869,4125820,C1582087161,2020-01-13 14:00:00,0.44785341987137384,Medium,Pending
870,4125836,C957568978,2020-01-13 14:00:00,0.40137383932305315,Medium,Pending
871,4125903,C353245429,2020-01-13 14:00:00,0.5292773797732112,Medium,Pending
872,4126198,C1929774487,2020-01-13 14:00:00,0.48163782207405054,Medium,Pending
873,4126650,C1982215592,2020-01-13 14:00:00,0.49712521269111487,Medium,Pending
874,4126660,C1211694311,2020-01-13 14:00:00,0.40553111408302467,Medium,Pending
875,4126676,C390011186,2020-01-13 14:00:00,0.4017516802424351,Medium,Pending
876,4127175,C1549540274,2020-01-13 14:00:00,0.443831214711896,Medium,Pending
877,4127210,C824952778,2020-01-13 14:00:00,0.4675803935666122,Medium,Pending
878,4127336,C1090195949,2020-01-13 14:00:00,0.5858125977800799,Medium,Pending
879,4127337,C1668670533,2020-01-13 14:00:00,0.43022442792851484,Medium,Pending
880,4128071,C317810192,2020-01-13 14:00:00,0.4083842086362967,Medium,Pending
881,4128085,C1483915667,2020-01-13 14:00:00,0.4296538741372975,Medium,Pending
882,4128397,C277288428,2020-01-13 14:00:00,0.5990012693924407,Medium,Pending
883,4128518,C269790788,2020-01-13 14:00:00,0.4484311262755467,Medium,Pending
884,4128684,C1248276989,2020-01-13 14:00:00,0.5720859027912724,Medium,Pending
885,4128890,C2001829093,2020-01-13 14:00:00,0.6047784957027202,Medium,Pending
886,4128912,C191489387,2020-01-13 14:00:00,0.44102350469594387,Medium,Pending
887,4129148,C178545406,2020-01-13 14:00:00,0.5566717285317558,Medium,Pending
888,4129183,C1531011793,2020-01-13 14:00:00,0.4375314264996897,Medium,Pending
889,4129283,C501698855,2020-01-13 14:00:00,0.40712966526615535,Medium,Pending
890,4129548,C551487119,2020-01-13 14:00:00,0.49338947066108363,Medium,Pending
891,4129549,C903793852,2020-01-13 14:00:00,0.4753240072108271,Medium,Pending
892,4129635,C1316170232,2020-01-13 14:00:00,0.556807655664371,Medium,Pending
893,4129998,C1852022720,2020-01-13 14:00:00,0.6602743049692583,Medium,Pending
894,4129999,C2063928599,2020-01-13 14:00:00,0.4361328451438897,Medium,Pending
895,4130040,C704504838,2020-01-13 14:00:00,0.5092778181589921,Medium,Pending
896,4130341,C550982909,2020-01-13 14:00:00,0.4136630856628636,Medium,Pending
897,4130505,C614853019,2020-01-13 14:00:00,0.5293566191486427,Medium,Pending
898,4130506,C1892950249,2020-01-13 14:00:00,0.4684793366524475,Medium,Pending
899,4130519,C2087679280,2020-01-13 14:00:00,0.4061293011559073,Medium,Pending
900,4130534,C455998286,2020-01-13 14:00:00,0.41494197734195276,Medium,Pending
901,4130895,C1817793010,2020-01-13 14:00:00,0.441771359405537,Medium,Pending
902,4130910,C2085942463,2020-01-13 14:00:00,0.533776731554864,Medium,Pending
903,4131305,C1601296511,2020-01-13 14:00:00,0.46641815283385274,Medium,Pending
904,4131404,C2027396203,2020-01-13 14:00:00,0.5717927808207877,Medium,Pending
905,4132329,C2095672000,2020-01-13 14:00:00,0.4904426480362412,Medium,Pending
906,4133175,C1286726984,2020-01-13 14:00:00,0.5355844334215838,Medium,Pending
907,4133269,C1944832737,2020-01-13 14:00:00,0.6559593906662383,Medium,Pending
908,4133584,C1800693711,2020-01-13 14:00:00,0.5319944676875787,Medium,Pending
909,4133743,C1442673049,2020-01-13 15:00:00,0.5767622579863381,Medium,Pending
910,4133761,C1124706287,2020-01-13 15:00:00,0.4942331573301054,Medium,Pending
911,4134358,C732396843,2020-01-13 15:00:00,0.43400514621213976,Medium,Pending
912,4134681,C1543062100,2020-01-13 15:00:00,0.5590137458287452,Medium,Pending
913,4134689,C1387351988,2020-01-13 15:00:00,0.536494622331314,Medium,Pending
914,4134965,C2010230209,2020-01-13 15:00:00,0.4373357953684318,Medium,Pending
915,4135120,C957644788,2020-01-13 15:00:00,0.4049958614629037,Medium,Pending
916,4135256,C1445162342,2020-01-13 15:00:00,0.4827207770905697,Medium,Pending
917,4135268,C536450640,2020-01-13 15:00:00,0.49145917509364245,Medium,Pending
918,4135307,C262962433,2020-01-13 15:00:00,0.4650041310537696,Medium,Pending
919,4135375,C1142149401,2020-01-13 15:00:00,0.4381580896966254,Medium,Pending
920,4135376,C348672042,2020-01-13 15:00:00,0.4933685987457098,Medium,Pending
921,4135454,C1505854552,2020-01-13 15:00:00,0.5680117510239489,Medium,Pending
922,4135716,C1494635217,2020-01-13 15:00:00,0.5289656889952559,Medium,Pending
923,4135909,C270279023,2020-01-13 15:00:00,0.4562989004244262,Medium,Pending
924,4135957,C2131578580,2020-01-13 15:00:00,0.47082603520403665,Medium,Pending
925,4135958,C1609807743,2020-01-13 15:00:00,0.42251178221118324,Medium,Pending
926,4136061,C394979337,2020-01-13 15:00:00,0.5648218394336619,Medium,Pending
927,4136339,C2017926143,2020-01-13 15:00:00,0.49145492271868385,Medium,Pending
928,4136387,C1351257727,2020-01-13 15:00:00,0.4006970218929159,Medium,Pending
929,4136409,C607666845,2020-01-13 15:00:00,0.5553323236314384,Medium,Pending
930,4136869,C68612687,2020-01-13 15:00:00,0.5419845996871265,Medium,Pending
931,4136881,C606958382,2020-01-13 15:00:00,0.4131657943428418,Medium,Pending
932,4136961,C1289440255,2020-01-13 15:00:00,0.5256624224865167,Medium,Pending
933,4137032,C1854664982,2020-01-13 15:00:00,0.46390930718692774,Medium,Pending
934,4137073,C1862746949,2020-01-13 15:00:00,0.405395730470548,Medium,Pending
935,4137112,C2041438689,2020-01-13 15:00:00,0.5486510725719062,Medium,Pending
936,4137438,C1252136573,2020-01-13 15:00:00,0.44832433161033386,Medium,Pending
937,4137483,C540308877,2020-01-13 15:00:00,0.4004947347979903,Medium,Pending
938,4137706,C1475793899,2020-01-13 15:00:00,0.6371678205053515,Medium,Pending
939,4137721,C1064306813,2020-01-13 15:00:00,0.4176832737099191,Medium,Pending
940,4137921,C885938333,2020-01-13 15:00:00,0.4939166229532794,Medium,Pending
941,4137922,C1489901184,2020-01-13 15:00:00,0.417985623180352,Medium,Pending
942,4138081,C1942982352,2020-01-13 15:00:00,0.6840780862447674,Medium,Pending
943,4138131,C1410519387,2020-01-13 15:00:00,0.40419591438393415,Medium,Pending
944,4138161,C1707638805,2020-01-13 15:00:00,0.5079943382855219,Medium,Pending
945,4138162,C510533023,2020-01-13 15:00:00,0.40828539768978456,Medium,Pending
946,4138332,C2091551359,2020-01-13 15:00:00,0.4766102136957023,Medium,Pending
947,4138364,C1669981836,2020-01-13 15:00:00,0.5136274331713226,Medium,Pending
948,4138365,C563976130,2020-01-13 15:00:00,0.4230250554311792,Medium,Pending
949,4138808,C318209348,2020-01-13 15:00:00,0.5826786122010037,Medium,Pending
950,4138816,C208486812,2020-01-13 15:00:00,0.73757082140095,High,Pending
951,4138817,C1674763447,2020-01-13 15:00:00,0.4021494083350065,Medium,Pending
952,4138849,C1875763228,2020-01-13 15:00:00,0.5888672753054344,Medium,Pending
953,4139113,C1743697738,2020-01-13 15:00:00,0.5042470753398345,Medium,Pending
954,4139202,C1777794197,2020-01-13 15:00:00,0.5702745281125836,Medium,Pending
955,4139497,C1994343691,2020-01-13 15:00:00,0.5264289545107355,Medium,Pending
956,4139599,C1134801310,2020-01-13 15:00:00,0.43747315384141705,Medium,Pending
957,4139668,C791448825,2020-01-13 15:00:00,0.5476366310023361,Medium,Pending
958,4139672,C1269201229,2020-01-13 15:00:00,0.6198612435273637,Medium,Pending
959,4139957,C2080983471,2020-01-13 15:00:00,0.5947002829254782,Medium,Pending
960,4139958,C1422839202,2020-01-13 15:00:00,0.49256859586089713,Medium,Pending
961,4140067,C948631322,2020-01-13 15:00:00,0.4135111907142455,Medium,Pending
962,4140309,C2018812924,2020-01-13 15:00:00,0.48337750850607397,Medium,Pending
963,4140325,C797986788,2020-01-13 15:00:00,0.40119152216357823,Medium,Pending
964,4140341,C1692196711,2020-01-13 15:00:00,0.6664211440551693,Medium,Pending
965,4140592,C396524829,2020-01-13 15:00:00,0.5737505642112446,Medium,Pending
966,4140601,C1123123587,2020-01-13 15:00:00,0.4344538987153201,Medium,Pending
967,4140778,C342059697,2020-01-13 15:00:00,0.416509597928296,Medium,Pending
968,4140954,C936356826,2020-01-13 15:00:00,0.44090676515689164,Medium,Pending
969,4140963,C779616110,2020-01-13 15:00:00,0.5798534228409067,Medium,Pending
970,4141298,C1501493746,2020-01-13 15:00:00,0.522561710062395,Medium,Pending
971,4141312,C1061980637,2020-01-13 15:00:00,0.4032046688878778,Medium,Pending
972,4141414,C868151592,2020-01-13 15:00:00,0.4723974134090576,Medium,Pending
973,4141435,C1514972591,2020-01-13 15:00:00,0.5042368322038294,Medium,Pending
974,4141436,C1249424884,2020-01-13 15:00:00,0.41111083064200826,Medium,Pending
975,4141449,C153873766,2020-01-13 15:00:00,0.4073867393879059,Medium,Pending
976,4141500,C89434455,2020-01-13 15:00:00,0.4390087134786983,Medium,Pending
977,4141594,C1688881557,2020-01-13 15:00:00,0.48556964236356714,Medium,Pending
978,4141728,C163998907,2020-01-13 15:00:00,0.46006538072174485,Medium,Pending
979,4141863,C1526647387,2020-01-13 15:00:00,0.5182680474876515,Medium,Pending
980,4141991,C1916838724,2020-01-13 15:00:00,0.4605512883312499,Medium,Pending
981,4142017,C1483754162,2020-01-13 15:00:00,0.6872481654076242,Medium,Pending
982,4142031,C49701820,2020-01-13 15:00:00,0.41738959375672324,Medium,Pending
983,4142039,C1585432592,2020-01-13 15:00:00,0.674988153151826,Medium,Pending
984,4142049,C1690306594,2020-01-13 15:00:00,0.45915764060572833,Medium,Pending
985,4142247,C1396424045,2020-01-13 15:00:00,0.40382010700827425,Medium,Pending
986,4142337,C1092148827,2020-01-13 15:00:00,0.6807587666589949,Medium,Pending
987,4142368,C1585518402,2020-01-13 15:00:00,0.4695992661824341,Medium,Pending
988,4142563,C49114364,2020-01-13 15:00:00,0.5202447985799908,Medium,Pending
989,4142740,C535114352,2020-01-13 15:00:00,0.5104451844729286,Medium,Pending
990,4142840,C1358294265,2020-01-13 15:00:00,0.4217845745277453,Medium,Pending
991,4142855,C1767466286,2020-01-13 15:00:00,0.4269595932456676,Medium,Pending
992,4142873,C880658764,2020-01-13 15:00:00,0.41117380106190077,Medium,Pending
993,4142904,C530613895,2020-01-13 15:00:00,0.5613755783646621,Medium,Pending
994,4142991,C2128403900,2020-01-13 15:00:00,0.45523648294254365,Medium,Pending
995,4143069,C240100497,2020-01-13 15:00:00,0.6435628399880399,Medium,Pending
996,4143201,C1987293082,2020-01-13 15:00:00,0.4024544831295996,Medium,Pending
997,4143418,C915403211,2020-01-13 15:00:00,0.7674497447321529,High,Pending
998,4143419,C84555792,2020-01-13 15:00:00,0.4524240189805272,Medium,Pending
999,4143439,C1981402616,2020-01-13 15:00:00,0.5087135989745928,Medium,Pending
1000,4143541,C1546743957,2020-01-13 15:00:00,0.46197207102330273,Medium,Pending
1001,4143697,C2105773658,2020-01-13 15:00:00,0.5538496896651666,Medium,Pending
1002,4143802,C372535854,2020-01-13 15:00:00,0.7792702702234582,High,Pending
1003,4143805,C376869267,2020-01-13 15:00:00,0.5634950261336978,Medium,Pending
1004,4143839,C1159674484,2020-01-13 15:00:00,0.5417382527811032,Medium,Pending
1005,4143862,C2066736252,2020-01-13 15:00:00,0.5265908043282692,Medium,Pending
1006,4143863,C1245720317,2020-01-13 15:00:00,0.4923779162299027,Medium,Pending
1007,4143876,C1455658129,2020-01-13 15:00:00,0.47060342069823924,Medium,Pending
1008,4143949,C1951414046,2020-01-13 15:00:00,0.49535761341816864,Medium,Pending
1009,4144133,C1877505748,2020-01-13 15:00:00,0.45607682981736863,Medium,Pending
1010,4144155,C1621466416,2020-01-13 15:00:00,0.47359501679777727,Medium,Pending
1011,4144209,C1046800462,2020-01-13 15:00:00,0.5945706701066471,Medium,Pending
1012,4144345,C1832670361,2020-01-13 15:00:00,0.5222335472471216,Medium,Pending
1013,4144350,C1429481510,2020-01-13 15:00:00,0.43750501087577676,Medium,Pending
1014,4144481,C942104733,2020-01-13 15:00:00,0.502758419188602,Medium,Pending
1015,4144544,C1014851573,2020-01-13 15:00:00,0.45711996634258845,Medium,Pending
1016,4144545,C979935450,2020-01-13 15:00:00,0.4210438305577952,Medium,Pending
1017,4144559,C254091437,2020-01-13 15:00:00,0.40423521101109394,Medium,Pending
1018,4145175,C807259089,2020-01-13 15:00:00,0.5349939721641432,Medium,Pending
1019,4145378,C184251603,2020-01-13 15:00:00,0.575113753683058,Medium,Pending
1020,4145403,C590294897,2020-01-13 15:00:00,0.5802761492252719,Medium,Pending
1021,4145468,C688334226,2020-01-13 15:00:00,0.4584110358864451,Medium,Pending
1022,4145551,C313716887,2020-01-13 15:00:00,0.5622758590491663,Medium,Pending
1023,4145781,C732579326,2020-01-13 15:00:00,0.43589490530862807,Medium,Pending
1024,4145923,C1930944406,2020-01-13 15:00:00,0.46526750578393433,Medium,Pending
1025,4145949,C1182452240,2020-01-13 15:00:00,0.5318620975149109,Medium,Pending
1026,4145989,C1916107536,2020-01-13 15:00:00,0.5412911418934983,Medium,Pending
1027,4146101,C215080152,2020-01-13 15:00:00,0.46983390696100713,Medium,Pending
1028,4146249,C589903611,2020-01-13 15:00:00,0.44978828568749074,Medium,Pending
1029,4146398,C2044643633,2020-01-13 15:00:00,0.8389199834104577,High,Pending
1030,4146620,C830945111,2020-01-13 15:00:00,0.5386714106420294,Medium,Pending
1031,4146621,C2006898164,2020-01-13 15:00:00,0.49963218668426707,Medium,Pending
1032,4146649,C1047232372,2020-01-13 15:00:00,0.5734645842528767,Medium,Pending
1033,4146716,C1741076564,2020-01-13 15:00:00,0.5943550710843861,Medium,Pending
1034,4146879,C412435452,2020-01-13 15:00:00,0.4179222668899349,Medium,Pending
1035,4147081,C2054597055,2020-01-13 15:00:00,0.5994950523649321,Medium,Pending
1036,4147294,C5601306,2020-01-13 15:00:00,0.5805770058704709,Medium,Pending
1037,4147317,C125759232,2020-01-13 15:00:00,0.5275541497801293,Medium,Pending
1038,4147672,C1451713075,2020-01-13 15:00:00,0.43040866353689294,Medium,Pending
1039,4147836,C1326958551,2020-01-13 15:00:00,0.5740355205829265,Medium,Pending
1040,4148123,C841101923,2020-01-13 15:00:00,0.5838376744237534,Medium,Pending
1041,4148474,C436050676,2020-01-13 15:00:00,0.5655394956858126,Medium,Pending
1042,4148568,C484679999,2020-01-13 15:00:00,0.5452844009331721,Medium,Pending
1043,4148647,C1695957634,2020-01-13 15:00:00,0.515084092584287,Medium,Pending
1044,4148722,C575970576,2020-01-13 15:00:00,0.40320122316101537,Medium,Pending
1045,4148723,C667907183,2020-01-13 15:00:00,0.44946624038900496,Medium,Pending
1046,4148803,C1172583796,2020-01-13 15:00:00,0.5740837249433105,Medium,Pending
1047,4148831,C2133858182,2020-01-13 15:00:00,0.5851864399402635,Medium,Pending
1048,4149500,C228767622,2020-01-13 15:00:00,0.5184928350139187,Medium,Pending
1049,4149508,C1966901640,2020-01-13 15:00:00,0.4608703872023706,Medium,Pending
1050,4149528,C1835360608,2020-01-13 15:00:00,0.6194169610949345,Medium,Pending
1051,4149623,C815328636,2020-01-13 15:00:00,0.4669953279845719,Medium,Pending
1052,4150206,C2043083172,2020-01-13 15:00:00,0.7289919429239289,High,Pending
1053,4150343,C832784911,2020-01-13 15:00:00,0.4355682900643476,Medium,Pending
1054,4150567,C1224703960,2020-01-13 15:00:00,0.43108347574269124,Medium,Pending
1055,4150577,C181189928,2020-01-13 15:00:00,0.48260383439401805,Medium,Pending
1056,4150802,C1340580782,2020-01-13 15:00:00,0.5384114112188707,Medium,Pending
1057,4150993,C679754517,2020-01-13 15:00:00,0.5587098558293048,Medium,Pending
1058,4151369,C692201731,2020-01-13 15:00:00,0.41780584931349457,Medium,Pending
1059,4151859,C812016560,2020-01-13 15:00:00,0.6464496199174468,Medium,Pending
1060,4151860,C1548156786,2020-01-13 15:00:00,0.4250881807933612,Medium,Pending
1061,4151903,C1459397014,2020-01-13 15:00:00,0.4392533562241986,Medium,Pending
1062,4151910,C1032864851,2020-01-13 15:00:00,0.45866273402006696,Medium,Pending
1063,4151924,C1253828023,2020-01-13 15:00:00,0.4264149000487429,Medium,Pending
1064,4151933,C559304798,2020-01-13 15:00:00,0.5093362860241353,Medium,Pending
1065,4152268,C707666204,2020-01-13 15:00:00,0.4235995318355549,Medium,Pending
1066,4152347,C14842210,2020-01-13 15:00:00,0.5467386952233273,Medium,Pending
1067,4152386,C1104591023,2020-01-13 15:00:00,0.4803517268222603,Medium,Pending
1068,4152387,C1313819692,2020-01-13 15:00:00,0.5189050620248662,Medium,Pending
1069,4152399,C248163048,2020-01-13 15:00:00,0.4016168711196896,Medium,Pending
1070,4152464,C2126127923,2020-01-13 15:00:00,0.5720028114496997,Medium,Pending
1071,4152498,C104955442,2020-01-13 15:00:00,0.4604671409947133,Medium,Pending
1072,4152653,C577991916,2020-01-13 15:00:00,0.5284284287277471,Medium,Pending
1073,4152667,C1732779127,2020-01-13 15:00:00,0.5321838495487692,Medium,Pending
1074,4152675,C866532689,2020-01-13 15:00:00,0.6540028755146778,Medium,Pending
1075,4152752,C1937630471,2020-01-13 15:00:00,0.7068873483338239,High,Pending
1076,4152785,C569756784,2020-01-13 15:00:00,0.4345257067514615,Medium,Pending
1077,4153193,C691633854,2020-01-13 15:00:00,0.49090321858143926,Medium,Pending
1078,4153310,C2121003394,2020-01-13 15:00:00,0.4495678980392791,Medium,Pending
1079,4153347,C621718350,2020-01-13 15:00:00,0.5194111437874052,Medium,Pending
1080,4153437,C789446249,2020-01-13 15:00:00,0.5352168899296444,Medium,Pending
1081,4153438,C1386529033,2020-01-13 15:00:00,0.44962313211861127,Medium,Pending
1082,4153553,C1241995873,2020-01-13 15:00:00,0.4116424910165335,Medium,Pending
1083,4153593,C646554535,2020-01-13 15:00:00,0.6413699842891591,Medium,Pending
1084,4153596,C1418395176,2020-01-13 15:00:00,0.4492610351103772,Medium,Pending
1085,4153780,C483461750,2020-01-13 15:00:00,0.48395205994924273,Medium,Pending
1086,4153783,C1184321735,2020-01-13 15:00:00,0.54664363008313,Medium,Pending
1087,4153784,C1781597060,2020-01-13 15:00:00,0.43900823318499005,Medium,Pending
1088,4153815,C637764402,2020-01-13 15:00:00,0.47562858671909736,Medium,Pending
1089,4153882,C1983948243,2020-01-13 15:00:00,0.6734254714961805,Medium,Pending
1090,4153899,C1798940891,2020-01-13 15:00:00,0.6020113960607101,Medium,Pending
1091,4153900,C1566419505,2020-01-13 15:00:00,0.40239594582896365,Medium,Pending
1092,4153978,C188869936,2020-01-13 15:00:00,0.4703799383623629,Medium,Pending
1093,4154121,C144556567,2020-01-13 15:00:00,0.45895279249964066,Medium,Pending
1094,4154252,C1516212978,2020-01-13 15:00:00,0.4155811457424075,Medium,Pending
1095,4154512,C277331180,2020-01-13 15:00:00,0.48853268911754544,Medium,Pending
1096,4154580,C1409294,2020-01-13 15:00:00,0.4147057468919133,Medium,Pending
1097,4154583,C539714486,2020-01-13 15:00:00,0.6597032357501247,Medium,Pending
1098,4154776,C1261995462,2020-01-13 15:00:00,0.5382758315666004,Medium,Pending
1099,4155025,C1018418651,2020-01-13 15:00:00,0.4539619344270236,Medium,Pending
1100,4155240,C1371587316,2020-01-13 15:00:00,0.5244536504328632,Medium,Pending
1101,4155807,C940347809,2020-01-13 15:00:00,0.544013873542889,Medium,Pending
1102,4155912,C1820712031,2020-01-13 15:00:00,0.5120383181732198,Medium,Pending
1103,4156410,C934522306,2020-01-13 15:00:00,0.6043902419581957,Medium,Pending
1104,4156411,C1867857857,2020-01-13 15:00:00,0.5097681734260466,Medium,Pending
1105,4156425,C248895619,2020-01-13 15:00:00,0.40762907523948905,Medium,Pending
1106,4156457,C1628279285,2020-01-13 15:00:00,0.40449634298241505,Medium,Pending
1107,4156582,C373291320,2020-01-13 15:00:00,0.45246893957971823,Medium,Pending
1108,4156658,C1903875759,2020-01-13 15:00:00,0.45718472232230034,Medium,Pending
1109,4156668,C499159827,2020-01-13 15:00:00,0.44404735392260336,Medium,Pending
1110,4156844,C1403523579,2020-01-13 15:00:00,0.42797462460046454,Medium,Pending
1111,4156868,C427385435,2020-01-13 15:00:00,0.4934640716395914,Medium,Pending
1112,4156869,C621242857,2020-01-13 15:00:00,0.4078341508092847,Medium,Pending
1113,4157031,C1729518588,2020-01-13 15:00:00,0.6066089634003478,Medium,Pending
1114,4157037,C330328947,2020-01-13 15:00:00,0.4215838918697399,Medium,Pending
1115,4157746,C194465704,2020-01-13 15:00:00,0.4417130828098101,Medium,Pending
1116,4157784,C933553584,2020-01-13 15:00:00,0.5037175859413315,Medium,Pending
1117,4157896,C102829469,2020-01-13 15:00:00,0.5831001504585241,Medium,Pending
1118,4158107,C244503763,2020-01-13 15:00:00,0.43540028842874123,Medium,Pending
1119,4158123,C1249406349,2020-01-13 15:00:00,0.4522441255513545,Medium,Pending
1120,4158188,C726794656,2020-01-13 15:00:00,0.4285288579463554,Medium,Pending
1121,4158212,C1176002291,2020-01-13 15:00:00,0.4429033863096381,Medium,Pending
1122,4158220,C11637646,2020-01-13 15:00:00,0.4981810804448764,Medium,Pending
1123,4158261,C196752758,2020-01-13 15:00:00,0.4434865023974623,Medium,Pending
1124,4158298,C2137655186,2020-01-13 15:00:00,0.46480325303745307,Medium,Pending
1125,4158425,C756552870,2020-01-13 16:00:00,0.4006554373776281,Medium,Pending
1126,4158427,C1455631360,2020-01-13 16:00:00,0.437552090032865,Medium,Pending
1127,4158602,C1962578260,2020-01-13 16:00:00,0.5350580925478616,Medium,Pending
1128,4158735,C1801315723,2020-01-13 16:00:00,0.41366575412109674,Medium,Pending
1129,4158804,C1980839306,2020-01-13 16:00:00,0.41033371686071196,Medium,Pending
1130,4159109,C493508962,2020-01-13 16:00:00,0.42372323286958696,Medium,Pending
1131,4159122,C839972654,2020-01-13 16:00:00,0.43756116253340893,Medium,Pending
1132,4159123,C1309591282,2020-01-13 16:00:00,0.421733639315621,Medium,Pending
1133,4159173,C1720180133,2020-01-13 16:00:00,0.42939537768588965,Medium,Pending
1134,4159386,C916571392,2020-01-13 16:00:00,0.45873226317879334,Medium,Pending
1135,4159442,C1445870726,2020-01-13 16:00:00,0.42605648448458927,Medium,Pending
1136,4159881,C1693621007,2020-01-13 16:00:00,0.45939943831331265,Medium,Pending
1137,4160195,C2068955050,2020-01-13 16:00:00,0.4177636242046751,Medium,Pending
1138,4160389,C251005781,2020-01-13 16:00:00,0.421854279887553,Medium,Pending
1139,4160582,C60371225,2020-01-13 16:00:00,0.4014922689386573,Medium,Pending
1140,4160696,C2002526426,2020-01-13 16:00:00,0.49651438411821713,Medium,Pending
1141,4161303,C549319079,2020-01-13 16:00:00,0.559764989702155,Medium,Pending
1142,4161497,C1205149311,2020-01-13 16:00:00,0.4706865681485362,Medium,Pending
1143,4161510,C536767651,2020-01-13 16:00:00,0.4095480479755151,Medium,Pending
1144,4161511,C1845038136,2020-01-13 16:00:00,0.4711862021024452,Medium,Pending
1145,4161844,C156544352,2020-01-13 16:00:00,0.40157501817602476,Medium,Pending
1146,4161865,C319491154,2020-01-13 16:00:00,0.4493977369371322,Medium,Pending
1147,4161926,C253892701,2020-01-13 16:00:00,0.6748690362990003,Medium,Pending
1148,4162072,C1169815325,2020-01-13 16:00:00,0.4071432161666807,Medium,Pending
1149,4162182,C1889129688,2020-01-13 16:00:00,0.4490718253613732,Medium,Pending
1150,4162295,C1333620355,2020-01-13 16:00:00,0.44060320650937734,Medium,Pending
1151,4163226,C1623333631,2020-01-13 16:00:00,0.5558822846122178,Medium,Pending
1152,4163460,C1008665317,2020-01-13 16:00:00,0.4569929817745243,Medium,Pending
1153,4164129,C1582000699,2020-01-13 16:00:00,0.48874450227746596,Medium,Pending
1154,4164132,C147746764,2020-01-13 16:00:00,0.5440835324861677,Medium,Pending
1155,4164145,C816341132,2020-01-13 16:00:00,0.48045941180647395,Medium,Pending
1156,4164337,C1632644601,2020-01-13 16:00:00,0.46534270464973837,Medium,Pending
1157,4164364,C1663543587,2020-01-13 16:00:00,0.6093712800954281,Medium,Pending
1158,4164657,C757769793,2020-01-13 16:00:00,0.4071231780072617,Medium,Pending
1159,4164811,C1534778543,2020-01-13 16:00:00,0.4363395290123395,Medium,Pending
1160,4165701,C174598787,2020-01-13 16:00:00,0.41298758743136815,Medium,Pending
1161,4165788,C1025388725,2020-01-13 16:00:00,0.4279974092100006,Medium,Pending
1162,4165826,C2137146762,2020-01-13 16:00:00,0.4192269211055598,Medium,Pending
1163,4165882,C1688734257,2020-01-13 16:00:00,0.5047253323241312,Medium,Pending
1164,4166125,C179475550,2020-01-13 16:00:00,0.43793563783798006,Medium,Pending
1165,4166248,C1678420688,2020-01-13 16:00:00,0.4873601542890355,Medium,Pending
1166,4166863,C236011797,2020-01-13 16:00:00,0.4832534879324787,Medium,Pending
1167,4166973,C908437531,2020-01-13 16:00:00,0.4169017722415316,Medium,Pending
1168,4167638,C169323780,2020-01-13 16:00:00,0.514264133317953,Medium,Pending
1169,4167871,C1750519179,2020-01-13 16:00:00,0.5460407666774655,Medium,Pending
1170,4168923,C1771121765,2020-01-13 16:00:00,0.6046698686068374,Medium,Pending
1171,4168937,C2026288586,2020-01-13 16:00:00,0.4236696896240094,Medium,Pending
1172,4168945,C1310340507,2020-01-13 16:00:00,0.4243228105453314,Medium,Pending
1173,4169055,C1646236139,2020-01-13 16:00:00,0.47767113002312056,Medium,Pending
1174,4169242,C1400363543,2020-01-13 16:00:00,0.46873344420523966,Medium,Pending
1175,4169563,C762582136,2020-01-13 16:00:00,0.4649346495988169,Medium,Pending
1176,4169742,C1263440760,2020-01-13 16:00:00,0.4878227221836639,Medium,Pending
1177,4170209,C295909564,2020-01-13 16:00:00,0.4079190711741151,Medium,Pending
1178,4170289,C1273388493,2020-01-13 16:00:00,0.40532910336710515,Medium,Pending
1179,4170722,C732382080,2020-01-13 16:00:00,0.4333719960591914,Medium,Pending
1180,4170987,C1196543984,2020-01-13 16:00:00,0.4113085387047062,Medium,Pending
1181,4171041,C529026106,2020-01-13 16:00:00,0.4215262426922167,Medium,Pending
1182,4171226,C919838214,2020-01-13 16:00:00,0.4627103386373589,Medium,Pending
1183,4171360,C1809896564,2020-01-13 16:00:00,0.5047885818489596,Medium,Pending
1184,4171386,C160644462,2020-01-13 16:00:00,0.48824061920457024,Medium,Pending
1185,4171651,C311259877,2020-01-13 16:00:00,0.41866669540849677,Medium,Pending
1186,4171674,C2115610475,2020-01-13 16:00:00,0.4100045676374079,Medium,Pending
1187,4172011,C1280153991,2020-01-13 16:00:00,0.5124262362497626,Medium,Pending
1188,4172020,C788039719,2020-01-13 16:00:00,0.4750634738082848,Medium,Pending
1189,4172057,C959034534,2020-01-13 16:00:00,0.45028775888725453,Medium,Pending
1190,4172222,C2089568630,2020-01-13 16:00:00,0.42191620991085843,Medium,Pending
1191,4172250,C1244570364,2020-01-13 16:00:00,0.49784966082482807,Medium,Pending
1192,4172361,C1432985786,2020-01-13 16:00:00,0.4836537860469249,Medium,Pending
1193,4172455,C1512180588,2020-01-13 16:00:00,0.5462488554599092,Medium,Pending
1194,4172508,C101843774,2020-01-13 16:00:00,0.4217350429423702,Medium,Pending
1195,4172765,C828491041,2020-01-13 16:00:00,0.47712108946033144,Medium,Pending
1196,4172774,C119179055,2020-01-13 16:00:00,0.4601008044082472,Medium,Pending
1197,4173040,C710462857,2020-01-13 16:00:00,0.43064509600862777,Medium,Pending
1198,4173265,C1606115599,2020-01-13 16:00:00,0.43507263945125807,Medium,Pending
1199,4173319,C597080542,2020-01-13 16:00:00,0.4789940614474346,Medium,Pending
1200,4173332,C585196840,2020-01-13 16:00:00,0.49320776335270855,Medium,Pending
1201,4173334,C661299941,2020-01-13 16:00:00,0.40262499905695803,Medium,Pending
1202,4173661,C1491253085,2020-01-13 16:00:00,0.47669183061206805,Medium,Pending
1203,4173670,C1578714609,2020-01-13 16:00:00,0.47978310654828094,Medium,Pending
1204,4174262,C1649315463,2020-01-13 16:00:00,0.4625322064617973,Medium,Pending
1205,4174559,C1531197205,2020-01-13 16:00:00,0.5722205787220531,Medium,Pending
1206,4174733,C1466023051,2020-01-13 16:00:00,0.4215376715320177,Medium,Pending
1207,4174981,C347589610,2020-01-13 16:00:00,0.5917596703476002,Medium,Pending
1208,4175410,C1583813909,2020-01-13 16:00:00,0.42433146597859717,Medium,Pending
1209,4175695,C1846345736,2020-01-13 16:00:00,0.40479980349645217,Medium,Pending
1210,4176717,C1733858736,2020-01-13 16:00:00,0.42041758298945237,Medium,Pending
1211,4176818,C126132381,2020-01-13 16:00:00,0.4178578890572794,Medium,Pending
1212,4176853,C1048697351,2020-01-13 16:00:00,0.4110145855527559,Medium,Pending
1213,4177655,C1794930243,2020-01-13 16:00:00,0.4234617247199366,Medium,Pending
1214,4177683,C1842795401,2020-01-13 16:00:00,0.44935395963838276,Medium,Pending
1215,4177845,C777432470,2020-01-13 16:00:00,0.4007293299929574,Medium,Pending
1216,4178049,C228196182,2020-01-13 16:00:00,0.4526331445249847,Medium,Pending
1217,4178102,C871153582,2020-01-13 16:00:00,0.4228625245097662,Medium,Pending
1218,4178395,C175413270,2020-01-13 16:00:00,0.427410270482534,Medium,Pending
1219,4178576,C342922306,2020-01-13 16:00:00,0.4385880575895498,Medium,Pending
1220,4178589,C1382931735,2020-01-13 16:00:00,0.48648335400768006,Medium,Pending
1221,4178839,C1000265553,2020-01-13 16:00:00,0.41237698223328356,Medium,Pending
1222,4178954,C1168353762,2020-01-13 16:00:00,0.5103389989016129,Medium,Pending
1223,4178974,C765205121,2020-01-13 16:00:00,0.4300585043601526,Medium,Pending
1224,4179029,C628724744,2020-01-13 16:00:00,0.5458821310341914,Medium,Pending
1225,4179236,C1893435637,2020-01-13 16:00:00,0.5007756509845602,Medium,Pending
1226,4179308,C1465564570,2020-01-13 16:00:00,0.49205711463694407,Medium,Pending
1227,4179500,C188997606,2020-01-13 16:00:00,0.41281819670730546,Medium,Pending
1228,4179605,C2016696576,2020-01-13 16:00:00,0.46619756770716225,Medium,Pending
1229,4179871,C629542162,2020-01-13 16:00:00,0.40662882629978014,Medium,Pending
1230,4180075,C339208167,2020-01-13 16:00:00,0.4236391256647965,Medium,Pending
1231,4180278,C1098033698,2020-01-13 16:00:00,0.4483433607213599,Medium,Pending
1232,4180296,C1871952911,2020-01-13 16:00:00,0.4617656104539457,Medium,Pending
1233,4180302,C313668719,2020-01-13 16:00:00,0.4263417155694312,Medium,Pending
1234,4180386,C1374006480,2020-01-13 16:00:00,0.44471726838953385,Medium,Pending
1235,4180399,C973218633,2020-01-13 16:00:00,0.42582959079885563,Medium,Pending
1236,4180520,C1475502304,2020-01-13 16:00:00,0.40099478786362486,Medium,Pending
1237,4180594,C299526450,2020-01-13 16:00:00,0.44809769272332767,Medium,Pending
1238,4180713,C1904529240,2020-01-13 16:00:00,0.42434807120788026,Medium,Pending
1239,4181119,C772432256,2020-01-13 16:00:00,0.4750733230474161,Medium,Pending
1240,4181178,C1173914652,2020-01-13 16:00:00,0.4124261465753219,Medium,Pending
1241,4181192,C1723789467,2020-01-13 16:00:00,0.4673089126780611,Medium,Pending
1242,4181244,C807503923,2020-01-13 16:00:00,0.41069659522647023,Medium,Pending
1243,4181294,C1550878145,2020-01-13 16:00:00,0.42619636330694854,Medium,Pending
1244,4181894,C1154383078,2020-01-13 16:00:00,0.42281351698441866,Medium,Pending
1245,4182157,C650008110,2020-01-13 16:00:00,0.4057736529406668,Medium,Pending
1246,4182421,C1915764107,2020-01-13 16:00:00,0.4782556270973315,Medium,Pending
1247,4182660,C1508381259,2020-01-13 16:00:00,0.44187547879769196,Medium,Pending
1248,4182807,C1135686392,2020-01-13 16:00:00,0.4306146429038984,Medium,Pending
1249,4182833,C2128717602,2020-01-13 16:00:00,0.49642611562995964,Medium,Pending
1250,4182907,C641817764,2020-01-13 16:00:00,0.4971513660957133,Medium,Pending
1251,4182910,C1826140450,2020-01-13 16:00:00,0.40598409957677317,Medium,Pending
1252,4183020,C1811315375,2020-01-13 16:00:00,0.4641697293563851,Medium,Pending
1253,4183233,C2139048034,2020-01-13 16:00:00,0.4718059898983544,Medium,Pending
1254,4183266,C27677723,2020-01-13 16:00:00,0.4685254460599658,Medium,Pending
1255,4183340,C229112766,2020-01-13 16:00:00,0.4383253261031264,Medium,Pending
1256,4183678,C1776258483,2020-01-13 16:00:00,0.4555538147295922,Medium,Pending
1257,4184781,C2025542482,2020-01-13 16:00:00,0.418045797326186,Medium,Pending
1258,4184802,C609621521,2020-01-13 16:00:00,0.48302522105954665,Medium,Pending
1259,4185032,C800919417,2020-01-13 16:00:00,0.4270117733748434,Medium,Pending
1260,4185982,C372698783,2020-01-13 17:00:00,0.42676752990235656,Medium,Pending
1261,4186685,C959382680,2020-01-13 17:00:00,0.5199109646189544,Medium,Pending
1262,4188168,C2101273835,2020-01-13 17:00:00,0.4497974909256778,Medium,Pending
1263,4188204,C1598015324,2020-01-13 17:00:00,0.5019842812898578,Medium,Pending
1264,4190852,C371409957,2020-01-13 17:00:00,0.47885830983441835,Medium,Pending
1265,4194573,C1399643310,2020-01-13 17:00:00,0.4763863947832008,Medium,Pending
1266,4195650,C1967628328,2020-01-13 17:00:00,0.4118121259384851,Medium,Pending
1267,4198246,C155485087,2020-01-13 17:00:00,0.4110964577221708,Medium,Pending
1268,4199949,C1657960659,2020-01-13 17:00:00,0.49779876180699545,Medium,Pending
1269,4201428,C2081606366,2020-01-13 17:00:00,0.40461659571509534,Medium,Pending
1270,4202275,C956249312,2020-01-13 17:00:00,0.4092236152924592,Medium,Pending
1271,4204559,C957304552,2020-01-13 17:00:00,0.4349212272951174,Medium,Pending
1272,4206943,C1654515550,2020-01-13 17:00:00,0.42686518997639944,Medium,Pending
1273,4207636,C1293239751,2020-01-13 17:00:00,0.4291286227269009,Medium,Pending
1274,4207903,C53185704,2020-01-13 17:00:00,0.43736235614811314,Medium,Pending
1275,4208207,C1404635557,2020-01-13 17:00:00,0.4451182007370087,Medium,Pending
1276,4210638,C1957578358,2020-01-13 17:00:00,0.4438155004830962,Medium,Pending
1277,4216290,C927381638,2020-01-13 17:00:00,0.48389414211618165,Medium,Pending
1278,4217614,C1455484002,2020-01-13 17:00:00,0.48125923167538043,Medium,Pending
1279,4224433,C1629035409,2020-01-13 18:00:00,0.4449499219651935,Medium,Pending
1280,4224572,C807381745,2020-01-13 18:00:00,0.41551898711958996,Medium,Pending
1281,4225570,C1492622562,2020-01-13 18:00:00,0.42054015866874817,Medium,Pending
1282,4227748,C1941928680,2020-01-13 18:00:00,0.40675319306647556,Medium,Pending
1283,4228210,C1602871304,2020-01-13 18:00:00,0.41434630259209504,Medium,Pending
1284,4236495,C543857861,2020-01-13 18:00:00,0.42455359072565185,Medium,Pending
1285,4236597,C1347153292,2020-01-13 18:00:00,0.40675309470583754,Medium,Pending
1286,4236835,C2141373947,2020-01-13 18:00:00,0.4129041841222599,Medium,Pending
1287,4238522,C1164219861,2020-01-13 18:00:00,0.40800353699013087,Medium,Pending
1288,4239691,C544894468,2020-01-13 18:00:00,0.4158490277219786,Medium,Pending
1289,4246417,C1153957714,2020-01-13 18:00:00,0.44362485598630974,Medium,Pending
1290,4249630,C927462251,2020-01-13 18:00:00,0.4597881931746214,Medium,Pending
1291,4249710,C1348826772,2020-01-13 18:00:00,0.4132692898756458,Medium,Pending
1292,4249711,C1550303741,2020-01-13 18:00:00,0.505627589004948,Medium,Pending
1293,4250312,C1550591382,2020-01-13 18:00:00,0.4011942638433179,Medium,Pending
1294,4250423,C1618251122,2020-01-13 18:00:00,0.42702657358419627,Medium,Pending
1295,4253776,C473289604,2020-01-13 18:00:00,0.40398841841552824,Medium,Pending
1296,4254605,C141257740,2020-01-13 18:00:00,0.44108066222171743,Medium,Pending
1297,4255164,C1029289827,2020-01-13 18:00:00,0.4053824437580643,Medium,Pending
1298,4255165,C1582613626,2020-01-13 18:00:00,0.40077417116157943,Medium,Pending
1299,4257824,C1033310494,2020-01-13 18:00:00,0.42526810481352506,Medium,Pending
1300,4258390,C1111824779,2020-01-13 18:00:00,0.4075033318024626,Medium,Pending
1301,4260748,C2129480120,2020-01-13 18:00:00,0.41884938980638486,Medium,Pending
1302,4263348,C951853957,2020-01-13 19:00:00,0.4099891669662694,Medium,Pending
1303,4263834,C364945298,2020-01-13 19:00:00,0.4365118840337523,Medium,Pending
1304,4263835,C1550030184,2020-01-13 19:00:00,0.4126809407595734,Medium,Pending
1305,4267803,C1862313856,2020-01-13 19:00:00,0.4657306093995128,Medium,Pending
1306,4271787,C1589632958,2020-01-13 19:00:00,0.42910722387412903,Medium,Pending
1307,4272173,C1700783520,2020-01-13 19:00:00,0.40735121022305965,Medium,Pending
1308,4273173,C13860833,2020-01-13 19:00:00,0.40750900014657543,Medium,Pending
1309,4273752,C857873521,2020-01-13 19:00:00,0.4079651861849338,Medium,Pending
1310,4274122,C545844281,2020-01-13 19:00:00,0.43361487641527663,Medium,Pending
1311,4275842,C1534860186,2020-01-13 19:00:00,0.4339233676329855,Medium,Pending
1312,4280202,C1728371800,2020-01-13 19:00:00,0.47211704099142127,Medium,Pending
1313,4281155,C244420220,2020-01-13 19:00:00,0.4084570309455301,Medium,Pending
1314,4284466,C222616575,2020-01-13 19:00:00,0.4736656919071549,Medium,Pending
1315,4284800,C2084413889,2020-01-13 19:00:00,0.41452483797812434,Medium,Pending
1316,4288416,C669455271,2020-01-13 19:00:00,0.4778887822006551,Medium,Pending
1317,4288417,C2079344194,2020-01-13 19:00:00,0.41377323980954495,Medium,Pending
1318,4294901,C1107948879,2020-01-13 19:00:00,0.5129306614041116,Medium,Pending
1319,4297095,C504362169,2020-01-13 19:00:00,0.4389724760263939,Medium,Pending
1320,4297749,C1355086847,2020-01-13 19:00:00,0.40830628967103144,Medium,Pending
1321,4298497,C1194172777,2020-01-13 19:00:00,0.4019602280411897,Medium,Pending
1322,4299351,C44966082,2020-01-13 19:00:00,0.40334532437310416,Medium,Pending
1323,4303609,C550713088,2020-01-13 19:00:00,0.4646555380752102,Medium,Pending
1324,4303968,C730972755,2020-01-13 19:00:00,0.40640869799351254,Medium,Pending
1325,4305040,C1925549344,2020-01-13 19:00:00,0.41119734832605287,Medium,Pending
1326,4305165,C1445846383,2020-01-13 19:00:00,0.45135744952877144,Medium,Pending
1327,4305665,C671651943,2020-01-13 19:00:00,0.43547050982222735,Medium,Pending
1328,4305666,C2126179585,2020-01-13 19:00:00,0.40494390735875063,Medium,Pending
1329,4305816,C1411624935,2020-01-13 19:00:00,0.4407546337338528,Medium,Pending
1330,4306010,C1208896566,2020-01-13 19:00:00,0.46851194649778743,Medium,Pending
1331,4306216,C841355548,2020-01-13 19:00:00,0.4108854457584867,Medium,Pending
1332,4306882,C2051065718,2020-01-13 19:00:00,0.4357705521715823,Medium,Pending
1333,4309347,C775418367,2020-01-13 19:00:00,0.43482438287988345,Medium,Pending
1334,4309779,C950164293,2020-01-13 19:00:00,0.4317614450296613,Medium,Pending
1335,4310431,C1831752170,2020-01-13 20:00:00,0.45334384776282644,Medium,Pending
1336,4310790,C568202677,2020-01-13 20:00:00,0.4687563860100679,Medium,Pending
1337,4310996,C574099669,2020-01-13 20:00:00,0.45045963853677695,Medium,Pending
1338,4310997,C47144998,2020-01-13 20:00:00,0.40906125792191794,Medium,Pending
1339,4314132,C562520840,2020-01-13 20:00:00,0.40161531953552176,Medium,Pending
1340,4315161,C1470309363,2020-01-13 20:00:00,0.40493263518419986,Medium,Pending
1341,4315235,C1028158347,2020-01-13 20:00:00,0.43521733741483903,Medium,Pending
1342,4316346,C1623958802,2020-01-13 20:00:00,0.4659766756104744,Medium,Pending
1343,4316607,C1555883414,2020-01-13 20:00:00,0.407359531199868,Medium,Pending
1344,4316608,C1594485619,2020-01-13 20:00:00,0.44008822291979566,Medium,Pending
1345,4318244,C813147886,2020-01-13 20:00:00,0.41490882639952326,Medium,Pending
1346,4319479,C1163242078,2020-01-13 20:00:00,0.4327261859304808,Medium,Pending
1347,4321227,C1189388189,2020-01-13 20:00:00,0.43640242727080936,Medium,Pending
1348,4321965,C1373382549,2020-01-13 20:00:00,0.48904299955459685,Medium,Pending
1349,4326050,C685164369,2020-01-13 20:00:00,0.4385965480283349,Medium,Pending
1350,4327226,C1529020182,2020-01-13 20:00:00,0.46945880847856764,Medium,Pending
1351,4329631,C1258001599,2020-01-13 20:00:00,0.402355809691108,Medium,Pending
1352,4337518,C1761067998,2020-01-13 20:00:00,0.4235338680454585,Medium,Pending
1353,4337885,C1222152851,2020-01-13 20:00:00,0.41906396584772226,Medium,Pending
1354,4338941,C154435424,2020-01-13 20:00:00,0.4379381864310169,Medium,Pending
1355,4340979,C1417158213,2020-01-13 20:00:00,0.41072139535830277,Medium,Pending
1356,4341202,C543560506,2020-01-13 20:00:00,0.41323667700149486,Medium,Pending
1357,4342218,C1631348776,2020-01-13 20:00:00,0.40632599282534554,Medium,Pending
1358,4346765,C1590214537,2020-01-13 20:00:00,0.4289450195342648,Medium,Pending
1359,4348568,C1497121623,2020-01-13 21:00:00,0.4172235924993582,Medium,Pending
1360,4349912,C1597262786,2020-01-13 21:00:00,0.40579514038616116,Medium,Pending
1361,4349931,C1478283231,2020-01-13 21:00:00,0.4129498464015507,Medium,Pending
1362,4350404,C1207793578,2020-01-13 21:00:00,0.41698792154643527,Medium,Pending
1363,4351224,C107792432,2020-01-13 21:00:00,0.4395707943225141,Medium,Pending
1364,4352206,C1290617097,2020-01-13 21:00:00,0.4266637729074408,Medium,Pending
1365,4352207,C1748033986,2020-01-13 21:00:00,0.41034830687057966,Medium,Pending
1366,4353658,C1372492132,2020-01-13 21:00:00,0.45426170077597394,Medium,Pending
1367,4353885,C1836918220,2020-01-13 21:00:00,0.41500766748270507,Medium,Pending
1368,4355079,C278416360,2020-01-13 21:00:00,0.42143156251390057,Medium,Pending
1369,4355855,C14411521,2020-01-13 21:00:00,0.41092679130058457,Medium,Pending
1370,4356007,C895800192,2020-01-13 21:00:00,0.4049398704079761,Medium,Pending
1371,4356063,C278021282,2020-01-13 21:00:00,0.42957373119181697,Medium,Pending
1372,4356319,C223609055,2020-01-13 21:00:00,0.4132426186200824,Medium,Pending
1373,4358412,C574570265,2020-01-13 21:00:00,0.4338694567654698,Medium,Pending
1374,4359436,C525547853,2020-01-13 21:00:00,0.4178693825621958,Medium,Pending
1375,4359437,C1638444720,2020-01-13 21:00:00,0.40841432334711436,Medium,Pending
1376,4361177,C777922542,2020-01-13 21:00:00,0.42264126282241304,Medium,Pending
1377,4361246,C37801058,2020-01-13 21:00:00,0.4421492942180608,Medium,Pending
1378,4362916,C27393111,2020-01-13 22:00:00,0.4008865086266881,Medium,Pending
1379,4363634,C518607630,2020-01-13 22:00:00,0.549084530185173,Medium,Pending
1380,4363635,C1773058354,2020-01-13 22:00:00,0.43503458895267416,Medium,Pending
1381,4364402,C1478534135,2020-01-13 22:00:00,0.4037958652377541,Medium,Pending
1382,4365011,C1357263744,2020-01-13 22:00:00,0.4187144692991138,Medium,Pending
1383,4365380,C499359885,2020-01-13 22:00:00,0.40603392843995034,Medium,Pending
1384,4365889,C987642932,2020-01-13 22:00:00,0.4144564400045955,Medium,Pending
1385,4366052,C888098477,2020-01-13 22:00:00,0.43658391491466486,Medium,Pending
1386,4367614,C265488344,2020-01-13 22:00:00,0.4030420393029457,Medium,Pending
1387,4368422,C649349214,2020-01-13 22:00:00,0.4048343726039238,Medium,Pending
1388,4372378,C200110777,2020-01-13 22:00:00,0.44379380306527755,Medium,Pending
1389,4372884,C787553288,2020-01-13 22:00:00,0.4579126750175302,Medium,Pending
1390,4374153,C1905757781,2020-01-13 23:00:00,0.48882941726615675,Medium,Pending
1391,4374499,C446442065,2020-01-13 23:00:00,0.43411139190535436,Medium,Pending
1392,4375123,C245139496,2020-01-13 23:00:00,0.49555246826516086,Medium,Pending
1393,4375124,C1273636748,2020-01-13 23:00:00,0.4023322828714303,Medium,Pending
1394,4375796,C669394862,2020-01-13 23:00:00,0.42893690141207474,Medium,Pending
1395,4376246,C1846021450,2020-01-13 23:00:00,0.40466751131566825,Medium,Pending
1396,4376310,C1257524161,2020-01-13 23:00:00,0.4752462861026421,Medium,Pending
1397,4377178,C1664081606,2020-01-13 23:00:00,0.4119925921915427,Medium,Pending
1398,4377983,C1317349785,2020-01-13 23:00:00,0.4019719764205538,Medium,Pending
1399,4381240,C743259767,2020-01-13 23:00:00,0.5157801820360944,Medium,Pending
1400,4381375,C854018138,2020-01-13 23:00:00,0.4288712473141737,Medium,Pending
1401,4382269,C551104754,2020-01-13 23:00:00,0.40528644150373583,Medium,Pending
1402,4382297,C313080140,2020-01-13 23:00:00,0.42297487431727976,Medium,Pending
1403,4382823,C101648180,2020-01-13 23:00:00,0.4009329230354767,Medium,Pending
1404,4384243,C497837306,2020-01-14 00:00:00,0.42957279846946184,Medium,Pending
1405,4384350,C966273313,2020-01-14 00:00:00,0.41551634561777484,Medium,Pending
1406,4385617,C1524903518,2020-01-14 00:00:00,0.4027423888817373,Medium,Pending
1407,4386983,C1929732399,2020-01-14 01:00:00,0.4054326150283279,Medium,Pending
1408,4387077,C442604272,2020-01-14 01:00:00,0.44893431787088556,Medium,Pending
1409,4388182,C1579911170,2020-01-14 01:00:00,0.41235031945839096,Medium,Pending
1410,4388183,C1082577868,2020-01-14 01:00:00,0.42368801483935326,Medium,Pending
1411,4389526,C1349307179,2020-01-14 09:00:00,0.4044942970205677,Medium,Pending
1412,4389621,C1016513639,2020-01-14 09:00:00,0.45607475720198426,Medium,Pending
1413,4389676,C740789444,2020-01-14 09:00:00,0.4077949398217566,Medium,Pending
1414,4390188,C1687587052,2020-01-14 09:00:00,0.40469437156903965,Medium,Pending
1415,4395959,C1772397863,2020-01-14 09:00:00,0.4262625404047934,Medium,Pending
1416,4396211,C1297813880,2020-01-14 09:00:00,0.4079716616314645,Medium,Pending
1417,4396422,C41116549,2020-01-14 09:00:00,0.4053397884066387,Medium,Pending
1418,4396610,C2112016245,2020-01-14 09:00:00,0.4772074778141453,Medium,Pending
1419,4398347,C1300682729,2020-01-14 09:00:00,0.4035828256365294,Medium,Pending
1420,4398365,C780511108,2020-01-14 09:00:00,0.41082505005512615,Medium,Pending
1421,4398793,C2129765797,2020-01-14 09:00:00,0.40477517577968725,Medium,Pending
1422,4399547,C834389977,2020-01-14 09:00:00,0.4242417613038719,Medium,Pending
1423,4399566,C1486252600,2020-01-14 09:00:00,0.45491412166334777,Medium,Pending
1424,4402228,C382301751,2020-01-14 09:00:00,0.40684722258046324,Medium,Pending
1425,4402573,C1026192878,2020-01-14 09:00:00,0.41414151029185053,Medium,Pending
1426,4402574,C1260192893,2020-01-14 09:00:00,0.5500846809914047,Medium,Pending
1427,4403848,C1587568335,2020-01-14 09:00:00,0.40608374427924016,Medium,Pending
1428,4404997,C1125023912,2020-01-14 09:00:00,0.48268658597871406,Medium,Pending
1429,4405021,C1852801310,2020-01-14 09:00:00,0.4772431547092493,Medium,Pending
1430,4408102,C216791800,2020-01-14 10:00:00,0.45914235518084934,Medium,Pending
1431,4408244,C2046332895,2020-01-14 10:00:00,0.4024442078124774,Medium,Pending
1432,4408659,C2052359795,2020-01-14 10:00:00,0.4629636175074547,Medium,Pending
1433,4408804,C1277141527,2020-01-14 10:00:00,0.4403395991665259,Medium,Pending
1434,4409293,C533717990,2020-01-14 10:00:00,0.43081493507244245,Medium,Pending
1435,4409341,C499334537,2020-01-14 10:00:00,0.4141497160981197,Medium,Pending
1436,4409892,C203919132,2020-01-14 10:00:00,0.4196578158146577,Medium,Pending
1437,4410032,C395610546,2020-01-14 10:00:00,0.4387621252521565,Medium,Pending
1438,4414032,C1571033712,2020-01-14 10:00:00,0.40323525374588676,Medium,Pending
1439,4415496,C1347912300,2020-01-14 10:00:00,0.43588319009474463,Medium,Pending
1440,4416416,C478153530,2020-01-14 10:00:00,0.435151851188789,Medium,Pending
1441,4417233,C1488560635,2020-01-14 10:00:00,0.4421770135179591,Medium,Pending
1442,4417506,C748235847,2020-01-14 10:00:00,0.4248855984650809,Medium,Pending
1443,4419124,C11074473,2020-01-14 10:00:00,0.4080588194547192,Medium,Pending
1444,4420348,C1406478503,2020-01-14 10:00:00,0.40755044586659794,Medium,Pending
1445,4421097,C81916915,2020-01-14 10:00:00,0.4197480350086559,Medium,Pending
1446,4425287,C1972083223,2020-01-14 10:00:00,0.5419256347940942,Medium,Pending
1447,4425326,C947257260,2020-01-14 10:00:00,0.40432220497567223,Medium,Pending
1448,4425591,C2029372395,2020-01-14 10:00:00,0.46693345467575287,Medium,Pending
1449,4426073,C1770908498,2020-01-14 10:00:00,0.43475985239515236,Medium,Pending
1450,4426834,C1001742979,2020-01-14 10:00:00,0.5338559598751353,Medium,Pending
1451,4427670,C758777577,2020-01-14 10:00:00,0.45059130231499345,Medium,Pending
1452,4427671,C1097157788,2020-01-14 10:00:00,0.41492068987370634,Medium,Pending
1453,4427984,C1237991204,2020-01-14 10:00:00,0.47328754946963536,Medium,Pending
1454,4428918,C1772174901,2020-01-14 10:00:00,0.4185523624112443,Medium,Pending
1455,4429170,C1634248278,2020-01-14 10:00:00,0.4822752417147398,Medium,Pending
1456,4431018,C744686834,2020-01-14 10:00:00,0.41070034201714856,Medium,Pending
1457,4431894,C1939665876,2020-01-14 10:00:00,0.4094493484135284,Medium,Pending
1458,4434966,C1274740928,2020-01-14 11:00:00,0.4045483072330851,Medium,Pending
1459,4435336,C11792760,2020-01-14 11:00:00,0.4489404390979668,Medium,Pending
1460,4436409,C1129165586,2020-01-14 11:00:00,0.4060789221092074,Medium,Pending
1461,4436757,C1993883957,2020-01-14 11:00:00,0.44632828684032544,Medium,Pending
1462,4437374,C1425988274,2020-01-14 11:00:00,0.42100919284775384,Medium,Pending
1463,4439224,C1003422978,2020-01-14 11:00:00,0.5152926861938083,Medium,Pending
1464,4440114,C218292910,2020-01-14 11:00:00,0.4441885936654764,Medium,Pending
1465,4440993,C932958883,2020-01-14 11:00:00,0.425883261481657,Medium,Pending
1466,4441079,C1232151551,2020-01-14 11:00:00,0.4318000399570269,Medium,Pending
1467,4441456,C1551614277,2020-01-14 11:00:00,0.4066427002230013,Medium,Pending
1468,4441795,C495686655,2020-01-14 11:00:00,0.43532702315589544,Medium,Pending
1469,4441903,C590246613,2020-01-14 11:00:00,0.4098892061316517,Medium,Pending
1470,4443725,C516722861,2020-01-14 11:00:00,0.4016185949674844,Medium,Pending
1471,4444870,C1307687986,2020-01-14 11:00:00,0.4184907844115002,Medium,Pending
1472,4445112,C1525862640,2020-01-14 11:00:00,0.4005465213331734,Medium,Pending
1473,4447857,C874717526,2020-01-14 11:00:00,0.4408562660935549,Medium,Pending
1474,4447858,C2069312924,2020-01-14 11:00:00,0.4717900743293417,Medium,Pending
1475,4448417,C1989994352,2020-01-14 11:00:00,0.4033709213851173,Medium,Pending
1476,4448418,C684508774,2020-01-14 11:00:00,0.40353233914275843,Medium,Pending
1477,4449066,C484723168,2020-01-14 11:00:00,0.40802385433020605,Medium,Pending
1478,4450356,C460576175,2020-01-14 11:00:00,0.4065276556065986,Medium,Pending
1479,4452349,C1833845326,2020-01-14 11:00:00,0.4073630967162065,Medium,Pending
1480,4452854,C114844264,2020-01-14 11:00:00,0.42321073086059824,Medium,Pending
1481,4453355,C890260346,2020-01-14 11:00:00,0.4362382925182384,Medium,Pending
1482,4456473,C87592308,2020-01-14 11:00:00,0.5031020250026481,Medium,Pending
1483,4457115,C1226654312,2020-01-14 11:00:00,0.4569234083194367,Medium,Pending
1484,4457639,C331404256,2020-01-14 11:00:00,0.451986414319205,Medium,Pending
1485,4458907,C1133709329,2020-01-14 11:00:00,0.4046139537589586,Medium,Pending
1486,4459769,C1575817529,2020-01-14 11:00:00,0.40086394065286063,Medium,Pending
1487,4460172,C1881422556,2020-01-14 11:00:00,0.4063959610102299,Medium,Pending
1488,4460618,C658894985,2020-01-14 11:00:00,0.46038274287262393,Medium,Pending
1489,4460801,C1432845990,2020-01-14 11:00:00,0.42700229319633554,Medium,Pending
1490,4463959,C316001572,2020-01-14 12:00:00,0.4112794382669805,Medium,Pending
1491,4465418,C1086379316,2020-01-14 12:00:00,0.4375613371443645,Medium,Pending
1492,4465472,C102436798,2020-01-14 12:00:00,0.40095124537345,Medium,Pending
1493,4468197,C2108347964,2020-01-14 12:00:00,0.4114155122212101,Medium,Pending
1494,4468198,C1390352244,2020-01-14 12:00:00,0.4411615707749048,Medium,Pending
1495,4470822,C423937426,2020-01-14 12:00:00,0.415111555019376,Medium,Pending
1496,4472149,C264560663,2020-01-14 12:00:00,0.4140811086065882,Medium,Pending
1497,4472177,C882284085,2020-01-14 12:00:00,0.5123154375720951,Medium,Pending
1498,4474110,C2034341245,2020-01-14 12:00:00,0.48313226211853644,Medium,Pending
1499,4474892,C2030565248,2020-01-14 12:00:00,0.4166353108500514,Medium,Pending
1500,4475025,C1215728534,2020-01-14 12:00:00,0.44508899239789024,Medium,Pending
1501,4479635,C1458910977,2020-01-14 12:00:00,0.43230759917358386,Medium,Pending
1502,4479933,C167782479,2020-01-14 12:00:00,0.44171608352861275,Medium,Pending
1503,4480053,C671335139,2020-01-14 12:00:00,0.44275316568775464,Medium,Pending
1504,4480152,C984903452,2020-01-14 12:00:00,0.428080718323086,Medium,Pending
1505,4480388,C1767012502,2020-01-14 12:00:00,0.41566832045128366,Medium,Pending
1506,4481982,C529692739,2020-01-14 12:00:00,0.40640819331787553,Medium,Pending
1507,4483936,C127804441,2020-01-14 12:00:00,0.40727145723699854,Medium,Pending
1508,4484099,C1287022784,2020-01-14 12:00:00,0.4039254294441682,Medium,Pending
1509,4484535,C157611509,2020-01-14 12:00:00,0.4707250709243264,Medium,Pending
1510,4484805,C1179879087,2020-01-14 12:00:00,0.4749582272441071,Medium,Pending
1511,4485719,C961577000,2020-01-14 12:00:00,0.42111661258384203,Medium,Pending
1512,4485728,C221759450,2020-01-14 12:00:00,0.419852950069467,Medium,Pending
1513,4486306,C414681777,2020-01-14 12:00:00,0.4173761684761352,Medium,Pending
1514,4486489,C723700738,2020-01-14 12:00:00,0.4014972915402596,Medium,Pending
1515,4486726,C2018281675,2020-01-14 12:00:00,0.4333743022716261,Medium,Pending
1516,4487458,C428449280,2020-01-14 12:00:00,0.43821707889586625,Medium,Pending
1517,4492959,C2019116395,2020-01-14 12:00:00,0.4273874555848877,Medium,Pending
1518,4492960,C1437390065,2020-01-14 12:00:00,0.4104841024013558,Medium,Pending
1519,4493115,C496216502,2020-01-14 13:00:00,0.4031383501173973,Medium,Pending
1520,4493328,C955576824,2020-01-14 13:00:00,0.42288197553416795,Medium,Pending
1521,4493398,C1837657418,2020-01-14 13:00:00,0.4202361871185709,Medium,Pending
1522,4493399,C1556514087,2020-01-14 13:00:00,0.4369872053429632,Medium,Pending
1523,4493790,C757801156,2020-01-14 13:00:00,0.4048680001297681,Medium,Pending
1524,4493797,C185209240,2020-01-14 13:00:00,0.4074106972073924,Medium,Pending
1525,4493905,C242646577,2020-01-14 13:00:00,0.43583432704368297,Medium,Pending
1526,4494043,C150404492,2020-01-14 13:00:00,0.4260597137271837,Medium,Pending
1527,4494044,C1904292362,2020-01-14 13:00:00,0.41368741943351856,Medium,Pending
1528,4494333,C1324396591,2020-01-14 13:00:00,0.4126797434705753,Medium,Pending
1529,4494334,C1155959239,2020-01-14 13:00:00,0.4073946424645131,Medium,Pending
1530,4494380,C1461136068,2020-01-14 13:00:00,0.4293029098268664,Medium,Pending
1531,4494863,C458058672,2020-01-14 13:00:00,0.5302468527369355,Medium,Pending
1532,4495318,C723936604,2020-01-14 13:00:00,0.43992733194811207,Medium,Pending
1533,4497110,C890634131,2020-01-14 13:00:00,0.454611381854894,Medium,Pending
1534,4497111,C1093128101,2020-01-14 13:00:00,0.4396690915826764,Medium,Pending
1535,4497149,C432426403,2020-01-14 13:00:00,0.45124137367793504,Medium,Pending
1536,4498790,C1404700381,2020-01-14 13:00:00,0.46244965939756577,Medium,Pending
1537,4499232,C449945225,2020-01-14 13:00:00,0.5055974436274188,Medium,Pending
1538,4499233,C1253804092,2020-01-14 13:00:00,0.4207576956000232,Medium,Pending
1539,4500678,C853004055,2020-01-14 13:00:00,0.41477546663857334,Medium,Pending
1540,4500894,C1511816481,2020-01-14 13:00:00,0.41117096503469763,Medium,Pending
1541,4501278,C521100537,2020-01-14 13:00:00,0.44883046039516405,Medium,Pending
1542,4501685,C1746853984,2020-01-14 13:00:00,0.4674684065349391,Medium,Pending
1543,4501686,C1842044776,2020-01-14 13:00:00,0.4292902645408375,Medium,Pending
1544,4502483,C32302491,2020-01-14 13:00:00,0.44352548523979995,Medium,Pending
1545,4503214,C659281199,2020-01-14 13:00:00,0.4036626295066157,Medium,Pending
1546,4503809,C415923572,2020-01-14 13:00:00,0.45696165743230355,Medium,Pending
1547,4506618,C1850507083,2020-01-14 13:00:00,0.527876661818394,Medium,Pending
1548,4509536,C918789312,2020-01-14 13:00:00,0.4030431356568164,Medium,Pending
1549,4510385,C1326839139,2020-01-14 13:00:00,0.4702779828285245,Medium,Pending
1550,4513638,C19138823,2020-01-14 13:00:00,0.501050577069932,Medium,Pending
1551,4514413,C123878913,2020-01-14 13:00:00,0.4126691873826711,Medium,Pending
1552,4515101,C696842553,2020-01-14 13:00:00,0.44848750123227177,Medium,Pending
1553,4515258,C2140782508,2020-01-14 13:00:00,0.4098267110836496,Medium,Pending
1554,4516293,C803802627,2020-01-14 13:00:00,0.4322617219244306,Medium,Pending
1555,4517345,C1738888087,2020-01-14 13:00:00,0.41330211930978505,Medium,Pending
1556,4517626,C260511138,2020-01-14 13:00:00,0.41595703217003516,Medium,Pending
1557,4517639,C1414309133,2020-01-14 13:00:00,0.41344777165172,Medium,Pending
1558,4518311,C1604877964,2020-01-14 13:00:00,0.4014425682699067,Medium,Pending
1559,4519773,C608189261,2020-01-14 13:00:00,0.4041299412765118,Medium,Pending
1560,4521173,C411662526,2020-01-14 14:00:00,0.42373345737840423,Medium,Pending
1561,4521250,C71946847,2020-01-14 14:00:00,0.4481929829041842,Medium,Pending
1562,4521269,C1303502312,2020-01-14 14:00:00,0.4141643096668403,Medium,Pending
1563,4521489,C1194697054,2020-01-14 14:00:00,0.41537582544468105,Medium,Pending
1564,4521582,C133111369,2020-01-14 14:00:00,0.4176979747257108,Medium,Pending
1565,4521726,C1724927440,2020-01-14 14:00:00,0.40150256598749856,Medium,Pending
1566,4521821,C1608477018,2020-01-14 14:00:00,0.44464788552238,Medium,Pending
1567,4522112,C79813575,2020-01-14 14:00:00,0.4130076578476245,Medium,Pending
1568,4522359,C680158042,2020-01-14 14:00:00,0.4142599794334385,Medium,Pending
1569,4522423,C891098606,2020-01-14 14:00:00,0.4808489470409433,Medium,Pending
1570,4522679,C2052286488,2020-01-14 14:00:00,0.4527308867555267,Medium,Pending
1571,4523073,C788759110,2020-01-14 14:00:00,0.41228435581600315,Medium,Pending
1572,4523450,C1781311279,2020-01-14 14:00:00,0.4571732476717326,Medium,Pending
1573,4523788,C1498137626,2020-01-14 14:00:00,0.4190794436021013,Medium,Pending
1574,4524315,C614014533,2020-01-14 14:00:00,0.4303600765619562,Medium,Pending
1575,4524759,C1635368267,2020-01-14 14:00:00,0.4074232111187431,Medium,Pending
1576,4525589,C840607329,2020-01-14 14:00:00,0.40958885779666293,Medium,Pending
1577,4526045,C1992231943,2020-01-14 14:00:00,0.4668303922629254,Medium,Pending
1578,4526046,C1559251290,2020-01-14 14:00:00,0.40837459980904056,Medium,Pending
1579,4526361,C967510047,2020-01-14 14:00:00,0.46321691977511564,Medium,Pending
1580,4526512,C2002749387,2020-01-14 14:00:00,0.49844286762374246,Medium,Pending
1581,4526532,C352211762,2020-01-14 14:00:00,0.4277977845156862,Medium,Pending
1582,4527221,C1699594363,2020-01-14 14:00:00,0.41263221597373506,Medium,Pending
1583,4527293,C646814616,2020-01-14 14:00:00,0.45458815746199716,Medium,Pending
1584,4527694,C815272084,2020-01-14 14:00:00,0.47264804752136647,Medium,Pending
1585,4527806,C1835993430,2020-01-14 14:00:00,0.40675311386306723,Medium,Pending
1586,4528257,C1999313816,2020-01-14 14:00:00,0.47588365713091435,Medium,Pending
1587,4528722,C327762915,2020-01-14 14:00:00,0.4158059568176804,Medium,Pending
1588,4529335,C676797940,2020-01-14 14:00:00,0.45748213869249676,Medium,Pending
1589,4530843,C392557585,2020-01-14 14:00:00,0.5194324130070652,Medium,Pending
1590,4531495,C1719483666,2020-01-14 14:00:00,0.40606229666261073,Medium,Pending
1591,4531527,C1272088580,2020-01-14 14:00:00,0.43023207317758355,Medium,Pending
1592,4531625,C1925384323,2020-01-14 14:00:00,0.44034577619945026,Medium,Pending
1593,4532103,C1089947818,2020-01-14 14:00:00,0.48342195290045165,Medium,Pending
1594,4532163,C1864681639,2020-01-14 14:00:00,0.4255463721317789,Medium,Pending
1595,4532363,C1686866340,2020-01-14 14:00:00,0.41683227064498557,Medium,Pending
1596,4532366,C978561141,2020-01-14 14:00:00,0.40818328253760516,Medium,Pending
1597,4532516,C846468185,2020-01-14 14:00:00,0.43412321494491024,Medium,Pending
1598,4532824,C144218070,2020-01-14 14:00:00,0.4547165363432166,Medium,Pending
1599,4533054,C1557258060,2020-01-14 14:00:00,0.409004192320559,Medium,Pending
1600,4533259,C2015653425,2020-01-14 14:00:00,0.43763827235180885,Medium,Pending
1601,4533675,C1035700459,2020-01-14 14:00:00,0.4281422936726204,Medium,Pending
1602,4533902,C2083782049,2020-01-14 14:00:00,0.4437716919118729,Medium,Pending
1603,4534200,C726217649,2020-01-14 14:00:00,0.4033288148542495,Medium,Pending
1604,4534302,C1755296967,2020-01-14 14:00:00,0.4127359568402321,Medium,Pending
1605,4534413,C129619778,2020-01-14 14:00:00,0.461335050428466,Medium,Pending
1606,4534799,C2028256943,2020-01-14 14:00:00,0.41402628371962547,Medium,Pending
1607,4534854,C595106415,2020-01-14 14:00:00,0.412319031310462,Medium,Pending
1608,4535297,C1018882205,2020-01-14 14:00:00,0.4125482532432305,Medium,Pending
1609,4535376,C2054512784,2020-01-14 14:00:00,0.4248353806268479,Medium,Pending
1610,4535377,C1237933058,2020-01-14 14:00:00,0.4366016376237756,Medium,Pending
1611,4535415,C1696369332,2020-01-14 14:00:00,0.4593780168201783,Medium,Pending
1612,4535417,C1086985682,2020-01-14 14:00:00,0.41334518642806944,Medium,Pending
1613,4535771,C1939399250,2020-01-14 14:00:00,0.45248716620726326,Medium,Pending
1614,4535805,C1544516101,2020-01-14 14:00:00,0.48923716898165415,Medium,Pending
1615,4537083,C723245251,2020-01-14 14:00:00,0.40512993693189875,Medium,Pending
1616,4537191,C1726418400,2020-01-14 14:00:00,0.41246968262927325,Medium,Pending
1617,4537543,C1888799155,2020-01-14 14:00:00,0.4145174457104965,Medium,Pending
1618,4537738,C903880377,2020-01-14 14:00:00,0.4043395165236863,Medium,Pending
1619,4538001,C1759748566,2020-01-14 14:00:00,0.4159825570963459,Medium,Pending
1620,4538036,C1344642379,2020-01-14 14:00:00,0.47007055508408696,Medium,Pending
1621,4539222,C704104644,2020-01-14 14:00:00,0.47255092460695886,Medium,Pending
1622,4539347,C20830562,2020-01-14 14:00:00,0.4204080309524029,Medium,Pending
1623,4539395,C1375810139,2020-01-14 14:00:00,0.5057417180874981,Medium,Pending
1624,4539846,C107163285,2020-01-14 14:00:00,0.4043157405843018,Medium,Pending
1625,4539863,C1566352417,2020-01-14 14:00:00,0.4284433300020335,Medium,Pending
1626,4540030,C1177525019,2020-01-14 14:00:00,0.4053884012779097,Medium,Pending
1627,4540247,C923093423,2020-01-14 14:00:00,0.5359730400225929,Medium,Pending
1628,4540497,C707949401,2020-01-14 14:00:00,0.4200924915399986,Medium,Pending
1629,4540648,C572332517,2020-01-14 14:00:00,0.40134484784680413,Medium,Pending
1630,4540694,C89682798,2020-01-14 14:00:00,0.43930849406306044,Medium,Pending
1631,4541010,C1600032449,2020-01-14 14:00:00,0.4017346667294259,Medium,Pending
1632,4541175,C1743500338,2020-01-14 14:00:00,0.4471929658956796,Medium,Pending
1633,4541356,C1877847277,2020-01-14 14:00:00,0.4293195744965659,Medium,Pending
1634,4542059,C1728343097,2020-01-14 14:00:00,0.4074463263230025,Medium,Pending
1635,4542060,C37432101,2020-01-14 14:00:00,0.484253197440944,Medium,Pending
1636,4542128,C450016527,2020-01-14 14:00:00,0.4424162955708265,Medium,Pending
1637,4542133,C1059848299,2020-01-14 14:00:00,0.428391251338027,Medium,Pending
1638,4542902,C1813644486,2020-01-14 14:00:00,0.42179538995759347,Medium,Pending
1639,4542903,C849337327,2020-01-14 14:00:00,0.44855957042764383,Medium,Pending
1640,4543390,C126360174,2020-01-14 14:00:00,0.40645005368212733,Medium,Pending
1641,4543771,C1829604032,2020-01-14 14:00:00,0.4606381269178226,Medium,Pending
1642,4543887,C363203558,2020-01-14 14:00:00,0.40620213474746175,Medium,Pending
1643,4544048,C1367964333,2020-01-14 14:00:00,0.4037556144594012,Medium,Pending
1644,4544495,C1365416060,2020-01-14 14:00:00,0.4020632319979644,Medium,Pending
1645,4544562,C440570628,2020-01-14 14:00:00,0.4040927389964555,Medium,Pending
1646,4544958,C39983192,2020-01-14 14:00:00,0.4100015313300757,Medium,Pending
1647,4545967,C232518469,2020-01-14 14:00:00,0.4256761106462674,Medium,Pending
1648,4546110,C1886544249,2020-01-14 14:00:00,0.41145240821275153,Medium,Pending
1649,4546536,C1133368284,2020-01-14 14:00:00,0.4243014083608674,Medium,Pending
1650,4546914,C1095413372,2020-01-14 14:00:00,0.4227780580122679,Medium,Pending
1651,4548004,C1506053377,2020-01-14 15:00:00,0.46070366478510055,Medium,Pending
1652,4548387,C718842827,2020-01-14 15:00:00,0.5274495086752754,Medium,Pending
1653,4549262,C1077341747,2020-01-14 15:00:00,0.41646897415186535,Medium,Pending
1654,4549325,C637601184,2020-01-14 15:00:00,0.4045533195367299,Medium,Pending
1655,4550821,C922318945,2020-01-14 15:00:00,0.5335894678926638,Medium,Pending
1656,4550877,C977002279,2020-01-14 15:00:00,0.4600336611196854,Medium,Pending
1657,4551175,C1718326538,2020-01-14 15:00:00,0.4164464410850849,Medium,Pending
1658,4551351,C1781403119,2020-01-14 15:00:00,0.40338718307150995,Medium,Pending
1659,4551592,C811136167,2020-01-14 15:00:00,0.4115027858207662,Medium,Pending
1660,4552526,C1596936737,2020-01-14 15:00:00,0.40452337587801485,Medium,Pending
1661,4553290,C1440244442,2020-01-14 15:00:00,0.45629172812419905,Medium,Pending
1662,4553337,C1078680771,2020-01-14 15:00:00,0.4352918142120948,Medium,Pending
1663,4553904,C1042428652,2020-01-14 15:00:00,0.45153858363466004,Medium,Pending
1664,4554051,C1297462615,2020-01-14 15:00:00,0.4358996369172111,Medium,Pending
1665,4554250,C1773658184,2020-01-14 15:00:00,0.5042970857802326,Medium,Pending
1666,4554382,C924458265,2020-01-14 15:00:00,0.4370649127457783,Medium,Pending
1667,4554538,C206563448,2020-01-14 15:00:00,0.42334931895513933,Medium,Pending
1668,4555209,C1794085603,2020-01-14 15:00:00,0.45502744220479485,Medium,Pending
1669,4555317,C1283974785,2020-01-14 15:00:00,0.400479279229652,Medium,Pending
1670,4555621,C1777866620,2020-01-14 15:00:00,0.4489533008682637,Medium,Pending
1671,4556276,C1024243990,2020-01-14 15:00:00,0.4593695839288026,Medium,Pending
1672,4557549,C1606257154,2020-01-14 15:00:00,0.4480708280781803,Medium,Pending
1673,4558168,C342771228,2020-01-14 15:00:00,0.4180353349799831,Medium,Pending
1674,4558415,C532248280,2020-01-14 15:00:00,0.5092018122664904,Medium,Pending
1675,4558688,C1836507621,2020-01-14 15:00:00,0.45616661414982385,Medium,Pending
1676,4558867,C137160401,2020-01-14 15:00:00,0.5005829892239109,Medium,Pending
1677,4559778,C395039087,2020-01-14 15:00:00,0.41239002565652166,Medium,Pending
1678,4560221,C1535494452,2020-01-14 15:00:00,0.43393333772167664,Medium,Pending
1679,4560785,C988710280,2020-01-14 15:00:00,0.43299647520905454,Medium,Pending
1680,4561013,C1710369141,2020-01-14 15:00:00,0.47340698889083516,Medium,Pending
1681,4561430,C1306597614,2020-01-14 15:00:00,0.48719062174089656,Medium,Pending
1682,4561823,C290731848,2020-01-14 15:00:00,0.4041656890457938,Medium,Pending
1683,4561983,C2078977034,2020-01-14 15:00:00,0.5911342641829602,Medium,Pending
1684,4562514,C1168319124,2020-01-14 15:00:00,0.42576030841250756,Medium,Pending
1685,4562583,C1169868445,2020-01-14 15:00:00,0.5195840547470816,Medium,Pending
1686,4563313,C1998775050,2020-01-14 15:00:00,0.4170979864189117,Medium,Pending
1687,4563708,C198698428,2020-01-14 15:00:00,0.4530499163425953,Medium,Pending
1688,4564304,C881501479,2020-01-14 15:00:00,0.45023179615171005,Medium,Pending
1689,4564710,C61337776,2020-01-14 15:00:00,0.4385444432408334,Medium,Pending
1690,4566399,C385076757,2020-01-14 15:00:00,0.5294749000496256,Medium,Pending
1691,4566748,C478351256,2020-01-14 15:00:00,0.4512635889467186,Medium,Pending
1692,4567222,C873711013,2020-01-14 15:00:00,0.4319021991784068,Medium,Pending
1693,4568126,C485933661,2020-01-14 15:00:00,0.4527812630005763,Medium,Pending
1694,4568885,C1645913863,2020-01-14 15:00:00,0.4437258060306081,Medium,Pending
1695,4569274,C1727705725,2020-01-14 15:00:00,0.44494880486396726,Medium,Pending
1696,4570292,C1130213018,2020-01-14 15:00:00,0.41602079235240236,Medium,Pending
1697,4570446,C1822614815,2020-01-14 15:00:00,0.4163660300898287,Medium,Pending
1698,4570454,C1456026586,2020-01-14 15:00:00,0.4179358464884447,Medium,Pending
1699,4571352,C714989222,2020-01-14 15:00:00,0.40194294443395734,Medium,Pending
1700,4571621,C108368038,2020-01-14 15:00:00,0.4155156208990169,Medium,Pending
1701,4572566,C2075788304,2020-01-14 15:00:00,0.419974090092337,Medium,Pending
1702,4721895,C1489273154,2020-01-14 20:00:00,0.4097728127856996,Medium,Pending
1703,4830195,C809979700,2020-01-15 11:00:00,0.40398595826377326,Medium,Pending
1704,4947064,C1323531024,2020-01-15 15:00:00,0.41739442183293746,Medium,Pending
1705,4955733,C1269369674,2020-01-15 15:00:00,0.40817642932261944,Medium,Pending
1706,5145332,C753068737,2020-01-15 20:00:00,0.4052598450598047,Medium,Pending
1707,5146027,C393257841,2020-01-15 20:00:00,0.43015981952762006,Medium,Pending
1708,5157535,C874064953,2020-01-15 21:00:00,0.4072598344775717,Medium,Pending
1709,5168792,C2104950363,2020-01-15 22:00:00,0.4286409332678699,Medium,Pending
1710,5178186,C379931666,2020-01-15 23:00:00,0.4054182721694398,Medium,Pending
1711,5195799,C1748002708,2020-01-16 09:00:00,0.40372553927456745,Medium,Pending
1712,5217627,C2107851381,2020-01-16 10:00:00,0.4350160211295672,Medium,Pending
1713,5285475,C2006421064,2020-01-16 12:00:00,0.4003861019473664,Medium,Pending
1714,5307195,C254776334,2020-01-16 13:00:00,0.41036496790570587,Medium,Pending
1715,5313999,C1532133350,2020-01-16 13:00:00,0.40609837351221056,Medium,Pending
1716,5319171,C1166289337,2020-01-16 14:00:00,0.41292059444755347,Medium,Pending
1717,5326639,C1687942471,2020-01-16 14:00:00,0.4065025676619984,Medium,Pending
1718,5336708,C1808976095,2020-01-16 14:00:00,0.45109055744036347,Medium,Pending
1719,5342839,C1161085118,2020-01-16 15:00:00,0.42475621878897857,Medium,Pending
1720,5361123,C602861929,2020-01-16 15:00:00,0.41659563077541584,Medium,Pending
1721,5364416,C996883473,2020-01-16 15:00:00,0.403262148830585,Medium,Pending
1722,5366601,C2072977830,2020-01-16 15:00:00,0.42210039009199485,Medium,Pending
1723,6030094,C1163892036,2020-01-20 16:00:00,0.41247618359353677,Medium,Pending
1724,6237343,C1699785789,2020-01-25 18:00:00,0.4036774272171994,Medium,Pending
1725,6239964,C1731534234,2020-01-25 19:00:00,0.4167299097805118,Medium,Pending
1726,6244836,C994101320,2020-01-25 20:00:00,0.4110445493530642,Medium,Pending
1727,6271815,C56090320,2020-01-26 21:00:00,0.4152680726908207,Medium,Pending
1728,6298361,C448900048,2020-01-29 09:00:00,0.414460422815373,Medium,Pending
