Alert_ID,Investigator_ID,Investigation_Start,Investigation_End,Resolution_Time_Minutes,Outcome
1,INV_21,2020-01-01 01:33:00,2020-01-01 02:09:00,36,Fraud
2,INV_9,2020-01-01 02:27:00,2020-01-01 03:55:00,88,False Positive
3,INV_17,2020-01-01 02:22:00,2020-01-01 02:59:00,37,Fraud
4,INV_12,2020-01-01 02:02:00,2020-01-01 04:05:00,123,Fraud
5,INV_12,2020-01-01 02:29:00,2020-01-01 03:30:00,61,False Positive
6,INV_18,2020-01-01 01:48:00,2020-01-01 03:43:00,115,Fraud
7,INV_7,2020-01-01 01:42:00,2020-01-01 03:53:00,131,Fraud
8,INV_8,2020-01-01 02:19:00,2020-01-01 02:45:00,26,False Positive
9,INV_7,2020-01-01 02:23:00,2020-01-01 04:05:00,102,False Positive
10,INV_2,2020-01-01 01:54:00,2020-01-01 02:20:00,26,False Positive
11,INV_21,2020-01-01 01:34:00,2020-01-01 03:00:00,86,Fraud
12,INV_10,2020-01-01 02:46:00,2020-01-01 03:03:00,17,Fraud
13,INV_13,2020-01-01 02:38:00,2020-01-01 05:26:00,168,False Positive
14,INV_2,2020-01-01 02:16:00,2020-01-01 02:59:00,43,False Positive
15,INV_18,2020-01-01 02:17:00,2020-01-01 03:14:00,57,False Positive
16,INV_1,2020-01-01 02:39:00,2020-01-01 04:38:00,119,Fraud
17,INV_24,2020-01-01 03:43:00,2020-01-01 04:23:00,40,Fraud
18,INV_10,2020-01-01 02:21:00,2020-01-01 04:48:00,147,Fraud
19,INV_6,2020-01-01 03:54:00,2020-01-01 04:07:00,13,Fraud
20,INV_13,2020-01-01 02:59:00,2020-01-01 04:59:00,120,False Positive
21,INV_11,2020-01-01 03:01:00,2020-01-01 05:28:00,147,Fraud
22,INV_6,2020-01-01 03:38:00,2020-01-01 05:34:00,116,False Positive
23,INV_22,2020-01-01 02:06:00,2020-01-01 04:35:00,149,Fraud
24,INV_19,2020-01-01 02:10:00,2020-01-01 04:02:00,112,Fraud
25,INV_3,2020-01-01 04:51:00,2020-01-01 06:37:00,106,Fraud
26,INV_8,2020-01-01 03:35:00,2020-01-01 06:08:00,153,False Positive
27,INV_8,2020-01-01 04:00:00,2020-01-01 04:25:00,25,False Positive
28,INV_10,2020-01-01 04:02:00,2020-01-01 04:15:00,13,Fraud
29,INV_11,2020-01-01 04:46:00,2020-01-01 06:56:00,130,Fraud
30,INV_7,2020-01-01 04:23:00,2020-01-01 06:09:00,106,Fraud
31,INV_16,2020-01-01 04:47:00,2020-01-01 05:55:00,68,Fraud
32,INV_25,2020-01-01 05:02:00,2020-01-01 07:36:00,154,Fraud
33,INV_11,2020-01-01 04:26:00,2020-01-01 07:15:00,169,Fraud
34,INV_6,2020-01-01 05:36:00,2020-01-01 06:27:00,51,Fraud
35,INV_9,2020-01-01 04:51:00,2020-01-01 07:28:00,157,False Positive
36,INV_9,2020-01-01 04:53:00,2020-01-01 06:49:00,116,Fraud
37,INV_20,2020-01-01 05:53:00,2020-01-01 07:44:00,111,Fraud
38,INV_19,2020-01-01 04:49:00,2020-01-01 06:06:00,77,False Positive
39,INV_3,2020-01-01 06:16:00,2020-01-01 07:03:00,47,Fraud
40,INV_9,2020-01-01 05:35:00,2020-01-01 07:45:00,130,Fraud
41,INV_17,2020-01-01 06:44:00,2020-01-01 08:56:00,132,Fraud
42,INV_5,2020-01-01 06:15:00,2020-01-01 09:03:00,168,False Positive
43,INV_22,2020-01-01 05:11:00,2020-01-01 06:59:00,108,Fraud
44,INV_13,2020-01-01 06:01:00,2020-01-01 06:15:00,14,False Positive
45,INV_7,2020-01-01 06:19:00,2020-01-01 07:03:00,44,False Positive
46,INV_23,2020-01-01 06:42:00,2020-01-01 08:34:00,112,Fraud
47,INV_15,2020-01-01 06:58:00,2020-01-01 07:35:00,37,False Positive
48,INV_9,2020-01-01 06:24:00,2020-01-01 08:59:00,155,Fraud
49,INV_1,2020-01-01 07:50:00,2020-01-01 08:34:00,44,False Positive
50,INV_23,2020-01-01 06:54:00,2020-01-01 08:13:00,79,Fraud
51,INV_4,2020-01-01 07:19:00,2020-01-01 09:06:00,107,Fraud
52,INV_19,2020-01-01 07:00:00,2020-01-01 08:44:00,104,False Positive
53,INV_14,2020-01-01 07:31:00,2020-01-01 09:18:00,107,False Positive
54,INV_8,2020-01-01 06:29:00,2020-01-01 08:33:00,124,Fraud
55,INV_11,2020-01-01 07:56:00,2020-01-01 10:36:00,160,False Positive
56,INV_21,2020-01-01 06:16:00,2020-01-01 08:34:00,138,Fraud
57,INV_9,2020-01-01 07:58:00,2020-01-01 08:57:00,59,False Positive
58,INV_16,2020-01-01 06:24:00,2020-01-01 07:23:00,59,Fraud
59,INV_19,2020-01-01 06:08:00,2020-01-01 08:07:00,119,False Positive
60,INV_6,2020-01-01 06:23:00,2020-01-01 08:35:00,132,False Positive
61,INV_6,2020-01-01 06:18:00,2020-01-01 06:35:00,17,Fraud
62,INV_14,2020-01-01 07:29:00,2020-01-01 08:11:00,42,Fraud
63,INV_9,2020-01-01 06:21:00,2020-01-01 09:02:00,161,Fraud
64,INV_24,2020-01-01 07:01:00,2020-01-01 07:19:00,18,Fraud
65,INV_2,2020-01-01 06:55:00,2020-01-01 07:29:00,34,Fraud
66,INV_5,2020-01-01 06:15:00,2020-01-01 09:04:00,169,False Positive
67,INV_3,2020-01-01 07:09:00,2020-01-01 08:33:00,84,Fraud
68,INV_21,2020-01-01 07:06:00,2020-01-01 09:53:00,167,False Positive
69,INV_14,2020-01-01 07:45:00,2020-01-01 08:11:00,26,False Positive
70,INV_13,2020-01-01 08:52:00,2020-01-01 09:42:00,50,False Positive
71,INV_23,2020-01-01 07:46:00,2020-01-01 09:05:00,79,Fraud
72,INV_24,2020-01-01 07:12:00,2020-01-01 09:21:00,129,Fraud
73,INV_3,2020-01-01 07:37:00,2020-01-01 08:39:00,62,Fraud
74,INV_8,2020-01-01 08:59:00,2020-01-01 11:18:00,139,Fraud
75,INV_16,2020-01-01 07:21:00,2020-01-01 10:00:00,159,Fraud
76,INV_14,2020-01-01 07:44:00,2020-01-01 08:52:00,68,Fraud
77,INV_22,2020-01-01 07:27:00,2020-01-01 08:50:00,83,Fraud
78,INV_15,2020-01-01 08:23:00,2020-01-01 11:01:00,158,False Positive
79,INV_1,2020-01-01 09:54:00,2020-01-01 12:05:00,131,False Positive
80,INV_19,2020-01-01 09:46:00,2020-01-01 11:10:00,84,Fraud
81,INV_20,2020-01-01 09:48:00,2020-01-01 10:36:00,48,Fraud
82,INV_13,2020-01-01 08:21:00,2020-01-01 10:51:00,150,False Positive
83,INV_18,2020-01-01 09:51:00,2020-01-01 10:32:00,41,False Positive
84,INV_12,2020-01-01 08:07:00,2020-01-01 10:07:00,120,Fraud
85,INV_17,2020-01-01 08:12:00,2020-01-01 11:10:00,178,Fraud
86,INV_16,2020-01-01 09:20:00,2020-01-01 10:26:00,66,Fraud
87,INV_8,2020-01-01 09:55:00,2020-01-01 10:17:00,22,Fraud
88,INV_2,2020-01-01 08:43:00,2020-01-01 11:06:00,143,False Positive
89,INV_19,2020-01-01 08:39:00,2020-01-01 11:29:00,170,False Positive
90,INV_10,2020-01-01 08:06:00,2020-01-01 10:19:00,133,Fraud
91,INV_6,2020-01-01 10:38:00,2020-01-01 11:31:00,53,False Positive
92,INV_10,2020-01-01 09:40:00,2020-01-01 09:59:00,19,Fraud
93,INV_8,2020-01-01 09:41:00,2020-01-01 11:14:00,93,False Positive
94,INV_24,2020-01-01 10:03:00,2020-01-01 11:04:00,61,Fraud
95,INV_24,2020-01-01 09:32:00,2020-01-01 09:51:00,19,False Positive
96,INV_3,2020-01-01 09:40:00,2020-01-01 10:31:00,51,Fraud
97,INV_5,2020-01-01 10:38:00,2020-01-01 12:25:00,107,False Positive
98,INV_22,2020-01-01 09:24:00,2020-01-01 09:44:00,20,False Positive
99,INV_8,2020-01-01 09:57:00,2020-01-01 12:10:00,133,False Positive
100,INV_5,2020-01-01 10:58:00,2020-01-01 11:57:00,59,Fraud
101,INV_13,2020-01-01 10:48:00,2020-01-01 11:25:00,37,False Positive
102,INV_11,2020-01-01 10:50:00,2020-01-01 12:31:00,101,Fraud
103,INV_20,2020-01-01 10:38:00,2020-01-01 12:17:00,99,False Positive
104,INV_4,2020-01-01 10:16:00,2020-01-01 11:46:00,90,Fraud
105,INV_19,2020-01-01 10:22:00,2020-01-01 12:12:00,110,False Positive
106,INV_7,2020-01-01 09:54:00,2020-01-01 12:22:00,148,False Positive
107,INV_1,2020-01-01 10:33:00,2020-01-01 11:45:00,72,False Positive
108,INV_2,2020-01-01 09:35:00,2020-01-01 11:39:00,124,Fraud
109,INV_9,2020-01-01 10:03:00,2020-01-01 11:09:00,66,Fraud
110,INV_2,2020-01-01 10:41:00,2020-01-01 11:08:00,27,False Positive
111,INV_23,2020-01-01 11:17:00,2020-01-01 12:01:00,44,Fraud
112,INV_16,2020-01-01 11:46:00,2020-01-01 12:55:00,69,Fraud
113,INV_6,2020-01-01 10:41:00,2020-01-01 13:23:00,162,Fraud
114,INV_5,2020-01-01 11:46:00,2020-01-01 13:49:00,123,False Positive
115,INV_8,2020-01-01 10:49:00,2020-01-01 12:36:00,107,Fraud
116,INV_7,2020-01-01 11:40:00,2020-01-01 12:14:00,34,Fraud
117,INV_16,2020-01-01 10:06:00,2020-01-01 12:06:00,120,Fraud
118,INV_18,2020-01-01 10:47:00,2020-01-01 11:25:00,38,False Positive
119,INV_20,2020-01-01 10:23:00,2020-01-01 13:13:00,170,False Positive
120,INV_13,2020-01-01 11:39:00,2020-01-01 12:46:00,67,False Positive
121,INV_13,2020-01-01 11:36:00,2020-01-01 13:07:00,91,Fraud
122,INV_24,2020-01-01 11:57:00,2020-01-01 12:48:00,51,Fraud
123,INV_3,2020-01-01 11:17:00,2020-01-01 12:49:00,92,Fraud
124,INV_8,2020-01-01 12:35:00,2020-01-01 14:21:00,106,Fraud
125,INV_23,2020-01-01 12:15:00,2020-01-01 13:21:00,66,False Positive
126,INV_18,2020-01-01 12:57:00,2020-01-01 15:09:00,132,Fraud
127,INV_15,2020-01-01 11:11:00,2020-01-01 13:49:00,158,False Positive
128,INV_6,2020-01-01 12:22:00,2020-01-01 12:54:00,32,False Positive
129,INV_17,2020-01-01 13:59:00,2020-01-01 16:13:00,134,False Positive
130,INV_19,2020-01-01 12:39:00,2020-01-01 13:24:00,45,Fraud
131,INV_9,2020-01-01 13:05:00,2020-01-01 13:43:00,38,Fraud
132,INV_9,2020-01-01 12:57:00,2020-01-01 14:58:00,121,False Positive
133,INV_22,2020-01-01 12:59:00,2020-01-01 14:26:00,87,Fraud
134,INV_19,2020-01-01 12:47:00,2020-01-01 15:37:00,170,False Positive
135,INV_25,2020-01-01 13:44:00,2020-01-01 14:18:00,34,False Positive
136,INV_10,2020-01-01 13:39:00,2020-01-01 13:49:00,10,Fraud
137,INV_7,2020-01-01 12:27:00,2020-01-01 14:01:00,94,Fraud
138,INV_16,2020-01-01 12:52:00,2020-01-01 14:26:00,94,Fraud
139,INV_8,2020-01-01 12:05:00,2020-01-01 13:08:00,63,False Positive
140,INV_8,2020-01-01 13:53:00,2020-01-01 16:00:00,127,Fraud
141,INV_22,2020-01-01 12:07:00,2020-01-01 14:45:00,158,False Positive
142,INV_4,2020-01-01 13:49:00,2020-01-01 16:41:00,172,False Positive
143,INV_16,2020-01-01 13:57:00,2020-01-01 15:32:00,95,Fraud
144,INV_23,2020-01-01 14:12:00,2020-01-01 14:23:00,11,Fraud
145,INV_10,2020-01-01 13:18:00,2020-01-01 15:15:00,117,False Positive
146,INV_2,2020-01-01 14:31:00,2020-01-01 16:12:00,101,Fraud
147,INV_15,2020-01-01 14:11:00,2020-01-01 15:05:00,54,False Positive
148,INV_20,2020-01-01 14:46:00,2020-01-01 17:17:00,151,Fraud
149,INV_10,2020-01-01 14:25:00,2020-01-01 15:47:00,82,Fraud
150,INV_21,2020-01-01 13:45:00,2020-01-01 15:48:00,123,Fraud
151,INV_16,2020-01-01 13:46:00,2020-01-01 16:40:00,174,Fraud
152,INV_5,2020-01-01 13:57:00,2020-01-01 16:54:00,177,Fraud
153,INV_7,2020-01-01 13:09:00,2020-01-01 13:55:00,46,Fraud
154,INV_5,2020-01-01 13:05:00,2020-01-01 15:33:00,148,False Positive
155,INV_17,2020-01-01 13:19:00,2020-01-01 13:38:00,19,Fraud
156,INV_10,2020-01-01 14:06:00,2020-01-01 15:09:00,63,False Positive
157,INV_13,2020-01-01 15:08:00,2020-01-01 15:18:00,10,False Positive
158,INV_12,2020-01-01 15:37:00,2020-01-01 15:47:00,10,Fraud
159,INV_19,2020-01-01 15:03:00,2020-01-01 16:26:00,83,Fraud
160,INV_1,2020-01-01 15:25:00,2020-01-01 18:20:00,175,Fraud
161,INV_25,2020-01-01 15:45:00,2020-01-01 16:46:00,61,Fraud
162,INV_18,2020-01-01 15:19:00,2020-01-01 17:23:00,124,Fraud
163,INV_17,2020-01-01 14:07:00,2020-01-01 16:47:00,160,Fraud
164,INV_5,2020-01-01 14:31:00,2020-01-01 16:44:00,133,False Positive
165,INV_16,2020-01-01 15:54:00,2020-01-01 16:47:00,53,False Positive
166,INV_3,2020-01-01 15:01:00,2020-01-01 16:49:00,108,Fraud
167,INV_11,2020-01-01 15:58:00,2020-01-01 18:40:00,162,Fraud
168,INV_15,2020-01-01 16:12:00,2020-01-01 18:59:00,167,Fraud
169,INV_14,2020-01-01 15:55:00,2020-01-01 16:12:00,17,Fraud
170,INV_8,2020-01-01 16:11:00,2020-01-01 16:49:00,38,False Positive
171,INV_15,2020-01-01 16:05:00,2020-01-01 16:34:00,29,Fraud
172,INV_11,2020-01-01 15:53:00,2020-01-01 18:41:00,168,Fraud
173,INV_3,2020-01-01 16:09:00,2020-01-01 18:51:00,162,False Positive
174,INV_11,2020-01-01 15:31:00,2020-01-01 15:49:00,18,Fraud
175,INV_9,2020-01-01 16:22:00,2020-01-01 17:51:00,89,Fraud
176,INV_3,2020-01-01 15:07:00,2020-01-01 16:24:00,77,Fraud
177,INV_16,2020-01-01 15:54:00,2020-01-01 16:40:00,46,Fraud
178,INV_24,2020-01-01 15:57:00,2020-01-01 16:32:00,35,False Positive
179,INV_23,2020-01-01 16:15:00,2020-01-01 17:47:00,92,False Positive
180,INV_16,2020-01-01 15:21:00,2020-01-01 18:04:00,163,False Positive
181,INV_18,2020-01-01 15:12:00,2020-01-01 15:43:00,31,False Positive
182,INV_8,2020-01-01 16:17:00,2020-01-01 16:58:00,41,False Positive
183,INV_25,2020-01-01 16:53:00,2020-01-01 17:03:00,10,False Positive
184,INV_4,2020-01-01 15:55:00,2020-01-01 16:58:00,63,Fraud
185,INV_5,2020-01-01 16:29:00,2020-01-01 16:50:00,21,Fraud
186,INV_19,2020-01-01 16:50:00,2020-01-01 19:31:00,161,False Positive
187,INV_23,2020-01-01 16:16:00,2020-01-01 18:27:00,131,False Positive
188,INV_16,2020-01-01 17:43:00,2020-01-01 18:50:00,67,Fraud
189,INV_19,2020-01-01 17:38:00,2020-01-01 18:24:00,46,False Positive
190,INV_25,2020-01-01 17:12:00,2020-01-01 19:59:00,167,False Positive
191,INV_10,2020-01-01 17:57:00,2020-01-01 20:54:00,177,False Positive
192,INV_13,2020-01-01 16:26:00,2020-01-01 17:19:00,53,False Positive
193,INV_23,2020-01-01 17:33:00,2020-01-01 18:27:00,54,Fraud
194,INV_24,2020-01-01 17:48:00,2020-01-01 20:40:00,172,Fraud
195,INV_24,2020-01-01 17:26:00,2020-01-01 18:43:00,77,False Positive
196,INV_16,2020-01-01 16:14:00,2020-01-01 19:06:00,172,False Positive
197,INV_7,2020-01-01 16:21:00,2020-01-01 17:07:00,46,Fraud
198,INV_14,2020-01-01 18:17:00,2020-01-01 20:43:00,146,Fraud
199,INV_5,2020-01-01 17:13:00,2020-01-01 17:34:00,21,Fraud
200,INV_23,2020-01-01 17:42:00,2020-01-01 18:15:00,33,Fraud
201,INV_3,2020-01-01 18:20:00,2020-01-01 20:46:00,146,False Positive
202,INV_7,2020-01-01 18:21:00,2020-01-01 18:58:00,37,Fraud
203,INV_22,2020-01-01 17:34:00,2020-01-01 17:56:00,22,Fraud
204,INV_25,2020-01-01 17:24:00,2020-01-01 17:46:00,22,Fraud
205,INV_25,2020-01-01 19:16:00,2020-01-01 21:36:00,140,Fraud
206,INV_18,2020-01-01 19:18:00,2020-01-01 20:17:00,59,Fraud
207,INV_1,2020-01-01 19:48:00,2020-01-01 21:24:00,96,False Positive
208,INV_11,2020-01-01 19:47:00,2020-01-01 20:28:00,41,False Positive
209,INV_11,2020-01-01 19:23:00,2020-01-01 22:04:00,161,False Positive
210,INV_13,2020-01-01 18:31:00,2020-01-01 21:11:00,160,Fraud
211,INV_15,2020-01-01 19:39:00,2020-01-01 21:05:00,86,False Positive
212,INV_25,2020-01-01 18:44:00,2020-01-01 21:17:00,153,Fraud
213,INV_4,2020-01-01 19:32:00,2020-01-01 20:50:00,78,Fraud
214,INV_18,2020-01-01 19:01:00,2020-01-01 21:25:00,144,False Positive
215,INV_20,2020-01-01 18:20:00,2020-01-01 19:44:00,84,False Positive
216,INV_4,2020-01-01 19:58:00,2020-01-01 21:00:00,62,False Positive
217,INV_3,2020-01-01 18:50:00,2020-01-01 20:21:00,91,False Positive
218,INV_22,2020-01-01 18:24:00,2020-01-01 20:52:00,148,False Positive
219,INV_9,2020-01-01 19:21:00,2020-01-01 19:41:00,20,Fraud
220,INV_6,2020-01-01 19:40:00,2020-01-01 22:25:00,165,False Positive
221,INV_13,2020-01-01 19:40:00,2020-01-01 22:13:00,153,Fraud
222,INV_5,2020-01-01 19:32:00,2020-01-01 20:22:00,50,False Positive
223,INV_13,2020-01-01 19:07:00,2020-01-01 19:58:00,51,Fraud
224,INV_7,2020-01-01 19:12:00,2020-01-01 19:55:00,43,False Positive
225,INV_18,2020-01-01 20:17:00,2020-01-01 22:57:00,160,Fraud
226,INV_25,2020-01-01 20:18:00,2020-01-01 21:24:00,66,Fraud
227,INV_5,2020-01-01 19:20:00,2020-01-01 21:53:00,153,False Positive
228,INV_8,2020-01-01 19:28:00,2020-01-01 20:29:00,61,False Positive
229,INV_7,2020-01-01 19:21:00,2020-01-01 19:36:00,15,False Positive
230,INV_21,2020-01-01 19:29:00,2020-01-01 21:13:00,104,Fraud
231,INV_16,2020-01-01 19:27:00,2020-01-01 21:11:00,104,Fraud
232,INV_1,2020-01-01 20:13:00,2020-01-01 21:32:00,79,Fraud
233,INV_17,2020-01-01 20:31:00,2020-01-01 22:45:00,134,False Positive
234,INV_21,2020-01-01 20:56:00,2020-01-01 23:49:00,173,Fraud
235,INV_22,2020-01-01 20:24:00,2020-01-01 20:44:00,20,Fraud
236,INV_6,2020-01-01 21:47:00,2020-01-02 00:20:00,153,False Positive
237,INV_25,2020-01-01 21:18:00,2020-01-01 21:36:00,18,False Positive
238,INV_22,2020-01-01 21:18:00,2020-01-01 23:50:00,152,False Positive
239,INV_16,2020-01-01 21:39:00,2020-01-01 22:39:00,60,Fraud
240,INV_16,2020-01-01 22:29:00,2020-01-02 00:03:00,94,False Positive
241,INV_5,2020-01-01 22:35:00,2020-01-02 01:21:00,166,Fraud
242,INV_14,2020-01-01 22:43:00,2020-01-01 23:54:00,71,False Positive
243,INV_20,2020-01-01 23:06:00,2020-01-01 23:41:00,35,False Positive
244,INV_20,2020-01-01 22:30:00,2020-01-02 00:51:00,141,Fraud
245,INV_14,2020-01-01 22:58:00,2020-01-02 00:50:00,112,Fraud
246,INV_19,2020-01-01 22:57:00,2020-01-02 01:34:00,157,Fraud
247,INV_23,2020-01-01 23:25:00,2020-01-02 01:34:00,129,False Positive
248,INV_24,2020-01-01 22:12:00,2020-01-01 23:16:00,64,Fraud
249,INV_4,2020-01-01 22:41:00,2020-01-02 00:23:00,102,False Positive
250,INV_10,2020-01-01 22:15:00,2020-01-02 00:29:00,134,Fraud
251,INV_7,2020-01-01 23:57:00,2020-01-02 02:47:00,170,Fraud
252,INV_15,2020-01-01 22:13:00,2020-01-02 00:20:00,127,False Positive
253,INV_2,2020-01-01 23:04:00,2020-01-02 01:12:00,128,False Positive
254,INV_11,2020-01-01 23:58:00,2020-01-02 00:17:00,19,Fraud
255,INV_4,2020-01-01 22:05:00,2020-01-01 23:31:00,86,Fraud
256,INV_13,2020-01-01 23:40:00,2020-01-02 00:01:00,21,Fraud
257,INV_24,2020-01-01 23:38:00,2020-01-02 02:18:00,160,False Positive
258,INV_5,2020-01-01 22:26:00,2020-01-01 23:26:00,60,Fraud
259,INV_6,2020-01-01 23:40:00,2020-01-02 01:47:00,127,Fraud
260,INV_21,2020-01-01 23:40:00,2020-01-02 01:15:00,95,False Positive
261,INV_12,2020-01-01 22:22:00,2020-01-02 00:27:00,125,Fraud
262,INV_15,2020-01-01 22:25:00,2020-01-01 22:52:00,27,False Positive
263,INV_23,2020-01-01 22:08:00,2020-01-01 22:42:00,34,Fraud
264,INV_24,2020-01-02 00:05:00,2020-01-02 01:57:00,112,Fraud
265,INV_4,2020-01-01 23:17:00,2020-01-01 23:57:00,40,False Positive
266,INV_3,2020-01-02 00:43:00,2020-01-02 02:06:00,83,False Positive
267,INV_10,2020-01-02 01:16:00,2020-01-02 03:50:00,154,Fraud
268,INV_9,2020-01-02 01:58:00,2020-01-02 04:12:00,134,False Positive
269,INV_14,2020-01-02 00:53:00,2020-01-02 01:11:00,18,Fraud
270,INV_21,2020-01-02 01:05:00,2020-01-02 02:16:00,71,Fraud
271,INV_13,2020-01-02 01:07:00,2020-01-02 03:36:00,149,False Positive
272,INV_2,2020-01-02 02:52:00,2020-01-02 03:56:00,64,False Positive
273,INV_16,2020-01-02 02:52:00,2020-01-02 04:32:00,100,False Positive
274,INV_9,2020-01-02 01:53:00,2020-01-02 02:23:00,30,False Positive
275,INV_4,2020-01-02 01:50:00,2020-01-02 04:23:00,153,Fraud
276,INV_17,2020-01-02 01:37:00,2020-01-02 03:35:00,118,Fraud
277,INV_14,2020-01-02 02:10:00,2020-01-02 02:27:00,17,Fraud
278,INV_20,2020-01-02 01:50:00,2020-01-02 02:08:00,18,Fraud
279,INV_5,2020-01-02 02:10:00,2020-01-02 02:24:00,14,False Positive
280,INV_19,2020-01-02 02:14:00,2020-01-02 03:48:00,94,False Positive
281,INV_20,2020-01-02 02:45:00,2020-01-02 04:11:00,86,False Positive
282,INV_5,2020-01-02 01:49:00,2020-01-02 04:12:00,143,Fraud
283,INV_5,2020-01-02 02:38:00,2020-01-02 04:03:00,85,Fraud
284,INV_6,2020-01-02 02:14:00,2020-01-02 03:28:00,74,Fraud
285,INV_10,2020-01-02 02:21:00,2020-01-02 03:41:00,80,False Positive
286,INV_5,2020-01-02 02:12:00,2020-01-02 04:12:00,120,False Positive
287,INV_21,2020-01-02 02:04:00,2020-01-02 04:09:00,125,Fraud
288,INV_24,2020-01-02 01:38:00,2020-01-02 03:39:00,121,Fraud
289,INV_10,2020-01-02 02:31:00,2020-01-02 05:25:00,174,False Positive
290,INV_8,2020-01-02 03:15:00,2020-01-02 05:01:00,106,Fraud
291,INV_22,2020-01-02 03:28:00,2020-01-02 04:56:00,88,Fraud
292,INV_19,2020-01-02 02:53:00,2020-01-02 03:52:00,59,False Positive
293,INV_20,2020-01-02 03:08:00,2020-01-02 05:25:00,137,False Positive
294,INV_1,2020-01-02 03:18:00,2020-01-02 06:04:00,166,Fraud
295,INV_23,2020-01-02 02:33:00,2020-01-02 03:41:00,68,Fraud
296,INV_7,2020-01-02 03:06:00,2020-01-02 05:45:00,159,Fraud
297,INV_5,2020-01-02 03:53:00,2020-01-02 04:18:00,25,Fraud
298,INV_22,2020-01-02 02:50:00,2020-01-02 03:54:00,64,False Positive
299,INV_12,2020-01-02 03:43:00,2020-01-02 06:05:00,142,False Positive
300,INV_11,2020-01-02 03:35:00,2020-01-02 06:13:00,158,False Positive
301,INV_15,2020-01-02 03:12:00,2020-01-02 03:58:00,46,False Positive
302,INV_25,2020-01-02 03:21:00,2020-01-02 06:00:00,159,False Positive
303,INV_1,2020-01-02 04:04:00,2020-01-02 06:42:00,158,False Positive
304,INV_25,2020-01-02 03:26:00,2020-01-02 05:14:00,108,Fraud
305,INV_18,2020-01-02 04:25:00,2020-01-02 04:58:00,33,Fraud
306,INV_23,2020-01-02 03:21:00,2020-01-02 03:46:00,25,Fraud
307,INV_25,2020-01-02 04:44:00,2020-01-02 07:37:00,173,Fraud
308,INV_5,2020-01-02 04:49:00,2020-01-02 06:50:00,121,False Positive
309,INV_22,2020-01-02 04:24:00,2020-01-02 06:56:00,152,False Positive
310,INV_2,2020-01-02 04:49:00,2020-01-02 06:02:00,73,Fraud
311,INV_5,2020-01-02 05:02:00,2020-01-02 07:15:00,133,False Positive
312,INV_16,2020-01-02 05:45:00,2020-01-02 08:03:00,138,False Positive
313,INV_11,2020-01-02 04:05:00,2020-01-02 06:20:00,135,Fraud
314,INV_1,2020-01-02 06:21:00,2020-01-02 07:53:00,92,False Positive
315,INV_25,2020-01-02 05:30:00,2020-01-02 07:17:00,107,False Positive
316,INV_16,2020-01-02 06:20:00,2020-01-02 07:18:00,58,False Positive
317,INV_12,2020-01-02 05:32:00,2020-01-02 07:57:00,145,Fraud
318,INV_9,2020-01-02 07:04:00,2020-01-02 07:58:00,54,Fraud
319,INV_14,2020-01-02 07:47:00,2020-01-02 08:55:00,68,Fraud
320,INV_24,2020-01-02 07:35:00,2020-01-02 09:05:00,90,Fraud
321,INV_22,2020-01-02 06:33:00,2020-01-02 07:38:00,65,False Positive
322,INV_5,2020-01-02 07:46:00,2020-01-02 08:11:00,25,Fraud
323,INV_6,2020-01-02 07:55:00,2020-01-02 10:54:00,179,Fraud
324,INV_24,2020-01-02 06:12:00,2020-01-02 08:30:00,138,False Positive
325,INV_17,2020-01-02 07:55:00,2020-01-02 09:38:00,103,False Positive
326,INV_8,2020-01-02 07:50:00,2020-01-02 09:19:00,89,Fraud
327,INV_8,2020-01-02 08:13:00,2020-01-02 10:48:00,155,Fraud
328,INV_14,2020-01-02 07:21:00,2020-01-02 09:25:00,124,Fraud
329,INV_22,2020-01-02 07:33:00,2020-01-02 10:09:00,156,Fraud
330,INV_1,2020-01-02 07:25:00,2020-01-02 09:05:00,100,Fraud
331,INV_2,2020-01-02 07:54:00,2020-01-02 10:48:00,174,False Positive
332,INV_5,2020-01-02 07:17:00,2020-01-02 08:04:00,47,False Positive
333,INV_1,2020-01-02 08:20:00,2020-01-02 09:26:00,66,Fraud
334,INV_11,2020-01-02 08:24:00,2020-01-02 10:49:00,145,False Positive
335,INV_2,2020-01-02 08:56:00,2020-01-02 10:05:00,69,Fraud
336,INV_7,2020-01-02 08:07:00,2020-01-02 10:02:00,115,False Positive
337,INV_19,2020-01-02 08:14:00,2020-01-02 09:00:00,46,Fraud
338,INV_20,2020-01-02 08:13:00,2020-01-02 10:37:00,144,False Positive
339,INV_1,2020-01-02 09:40:00,2020-01-02 10:14:00,34,Fraud
340,INV_11,2020-01-02 09:25:00,2020-01-02 10:36:00,71,Fraud
341,INV_22,2020-01-02 09:41:00,2020-01-02 12:39:00,178,Fraud
342,INV_19,2020-01-02 09:55:00,2020-01-02 12:21:00,146,False Positive
343,INV_6,2020-01-02 09:38:00,2020-01-02 11:21:00,103,False Positive
344,INV_22,2020-01-02 08:44:00,2020-01-02 11:35:00,171,Fraud
345,INV_25,2020-01-02 08:33:00,2020-01-02 11:16:00,163,Fraud
346,INV_5,2020-01-02 09:47:00,2020-01-02 10:08:00,21,False Positive
347,INV_7,2020-01-02 09:36:00,2020-01-02 12:28:00,172,False Positive
348,INV_25,2020-01-02 09:46:00,2020-01-02 12:00:00,134,False Positive
349,INV_15,2020-01-02 09:49:00,2020-01-02 12:31:00,162,False Positive
350,INV_15,2020-01-02 09:25:00,2020-01-02 11:11:00,106,False Positive
351,INV_6,2020-01-02 10:10:00,2020-01-02 11:48:00,98,Fraud
352,INV_3,2020-01-02 09:56:00,2020-01-02 10:32:00,36,Fraud
353,INV_15,2020-01-02 09:26:00,2020-01-02 09:54:00,28,Fraud
354,INV_7,2020-01-02 10:12:00,2020-01-02 13:04:00,172,Fraud
355,INV_13,2020-01-02 10:00:00,2020-01-02 12:17:00,137,Fraud
356,INV_18,2020-01-02 09:40:00,2020-01-02 09:55:00,15,False Positive
357,INV_1,2020-01-02 10:55:00,2020-01-02 13:19:00,144,Fraud
358,INV_16,2020-01-02 10:09:00,2020-01-02 12:21:00,132,False Positive
359,INV_6,2020-01-02 09:22:00,2020-01-02 10:51:00,89,Fraud
360,INV_7,2020-01-02 09:21:00,2020-01-02 11:06:00,105,Fraud
361,INV_10,2020-01-02 10:54:00,2020-01-02 12:32:00,98,False Positive
362,INV_18,2020-01-02 11:36:00,2020-01-02 13:17:00,101,Fraud
363,INV_2,2020-01-02 11:18:00,2020-01-02 12:09:00,51,Fraud
364,INV_22,2020-01-02 10:22:00,2020-01-02 12:05:00,103,False Positive
365,INV_2,2020-01-02 11:13:00,2020-01-02 12:26:00,73,Fraud
366,INV_17,2020-01-02 10:38:00,2020-01-02 11:24:00,46,Fraud
367,INV_16,2020-01-02 10:23:00,2020-01-02 11:42:00,79,Fraud
368,INV_25,2020-01-02 10:07:00,2020-01-02 11:33:00,86,False Positive
369,INV_7,2020-01-02 11:24:00,2020-01-02 13:07:00,103,Fraud
370,INV_13,2020-01-02 10:23:00,2020-01-02 11:51:00,88,False Positive
371,INV_2,2020-01-02 10:30:00,2020-01-02 10:58:00,28,Fraud
372,INV_8,2020-01-02 10:24:00,2020-01-02 12:06:00,102,False Positive
373,INV_20,2020-01-02 10:46:00,2020-01-02 12:11:00,85,False Positive
374,INV_3,2020-01-02 10:51:00,2020-01-02 13:01:00,130,Fraud
375,INV_25,2020-01-02 10:11:00,2020-01-02 11:29:00,78,Fraud
376,INV_21,2020-01-02 10:55:00,2020-01-02 13:54:00,179,False Positive
377,INV_19,2020-01-02 10:17:00,2020-01-02 10:40:00,23,Fraud
378,INV_17,2020-01-02 11:10:00,2020-01-02 14:02:00,172,Fraud
379,INV_14,2020-01-02 11:17:00,2020-01-02 11:59:00,42,Fraud
380,INV_19,2020-01-02 10:19:00,2020-01-02 11:05:00,46,False Positive
381,INV_3,2020-01-02 11:51:00,2020-01-02 12:45:00,54,Fraud
382,INV_7,2020-01-02 10:37:00,2020-01-02 11:45:00,68,False Positive
383,INV_8,2020-01-02 10:49:00,2020-01-02 12:21:00,92,False Positive
384,INV_16,2020-01-02 12:25:00,2020-01-02 14:23:00,118,Fraud
385,INV_25,2020-01-02 12:40:00,2020-01-02 14:27:00,107,False Positive
386,INV_21,2020-01-02 12:08:00,2020-01-02 13:49:00,101,Fraud
387,INV_6,2020-01-02 11:25:00,2020-01-02 13:14:00,109,Fraud
388,INV_24,2020-01-02 12:47:00,2020-01-02 13:19:00,32,Fraud
389,INV_13,2020-01-02 11:07:00,2020-01-02 13:17:00,130,Fraud
390,INV_5,2020-01-02 11:50:00,2020-01-02 12:35:00,45,False Positive
391,INV_15,2020-01-02 12:05:00,2020-01-02 14:18:00,133,False Positive
392,INV_5,2020-01-02 11:28:00,2020-01-02 12:53:00,85,Fraud
393,INV_2,2020-01-02 12:49:00,2020-01-02 15:01:00,132,Fraud
394,INV_17,2020-01-02 11:37:00,2020-01-02 14:25:00,168,Fraud
395,INV_3,2020-01-02 12:47:00,2020-01-02 14:07:00,80,Fraud
396,INV_23,2020-01-02 11:37:00,2020-01-02 13:21:00,104,False Positive
397,INV_23,2020-01-02 12:41:00,2020-01-02 14:50:00,129,Fraud
398,INV_19,2020-01-02 11:25:00,2020-01-02 11:37:00,12,Fraud
399,INV_18,2020-01-02 13:06:00,2020-01-02 15:00:00,114,False Positive
400,INV_11,2020-01-02 13:10:00,2020-01-02 13:36:00,26,False Positive
401,INV_6,2020-01-02 12:51:00,2020-01-02 13:47:00,56,Fraud
402,INV_9,2020-01-02 13:50:00,2020-01-02 14:09:00,19,Fraud
403,INV_15,2020-01-02 13:14:00,2020-01-02 15:19:00,125,Fraud
404,INV_22,2020-01-02 12:07:00,2020-01-02 13:14:00,67,Fraud
405,INV_10,2020-01-02 13:20:00,2020-01-02 15:41:00,141,Fraud
406,INV_5,2020-01-02 12:30:00,2020-01-02 14:50:00,140,False Positive
407,INV_2,2020-01-02 13:05:00,2020-01-02 13:17:00,12,False Positive
408,INV_24,2020-01-02 12:35:00,2020-01-02 12:51:00,16,Fraud
409,INV_9,2020-01-02 13:14:00,2020-01-02 13:26:00,12,Fraud
410,INV_7,2020-01-02 13:49:00,2020-01-02 15:35:00,106,False Positive
411,INV_25,2020-01-02 12:05:00,2020-01-02 13:39:00,94,Fraud
412,INV_8,2020-01-02 12:05:00,2020-01-02 13:36:00,91,Fraud
413,INV_1,2020-01-02 13:58:00,2020-01-02 14:24:00,26,False Positive
414,INV_12,2020-01-02 12:18:00,2020-01-02 14:31:00,133,False Positive
415,INV_8,2020-01-02 12:31:00,2020-01-02 13:14:00,43,Fraud
416,INV_12,2020-01-02 13:45:00,2020-01-02 16:29:00,164,False Positive
417,INV_10,2020-01-02 13:07:00,2020-01-02 14:00:00,53,False Positive
418,INV_17,2020-01-02 14:57:00,2020-01-02 17:45:00,168,False Positive
419,INV_15,2020-01-02 14:51:00,2020-01-02 15:21:00,30,Fraud
420,INV_10,2020-01-02 14:54:00,2020-01-02 16:03:00,69,Fraud
421,INV_23,2020-01-02 13:22:00,2020-01-02 14:47:00,85,False Positive
422,INV_8,2020-01-02 14:30:00,2020-01-02 16:33:00,123,Fraud
423,INV_13,2020-01-02 13:41:00,2020-01-02 14:41:00,60,False Positive
424,INV_9,2020-01-02 13:34:00,2020-01-02 15:35:00,121,Fraud
425,INV_21,2020-01-02 14:39:00,2020-01-02 15:40:00,61,False Positive
426,INV_21,2020-01-02 14:22:00,2020-01-02 15:37:00,75,Fraud
427,INV_9,2020-01-02 14:22:00,2020-01-02 16:48:00,146,Fraud
428,INV_13,2020-01-02 14:51:00,2020-01-02 17:39:00,168,Fraud
429,INV_8,2020-01-02 14:08:00,2020-01-02 15:14:00,66,False Positive
430,INV_24,2020-01-02 14:14:00,2020-01-02 16:02:00,108,False Positive
431,INV_14,2020-01-02 14:56:00,2020-01-02 15:14:00,18,Fraud
432,INV_7,2020-01-02 15:25:00,2020-01-02 15:46:00,21,Fraud
433,INV_2,2020-01-02 14:33:00,2020-01-02 15:23:00,50,False Positive
434,INV_23,2020-01-02 14:40:00,2020-01-02 16:58:00,138,False Positive
435,INV_21,2020-01-02 14:49:00,2020-01-02 16:02:00,73,Fraud
436,INV_14,2020-01-02 15:42:00,2020-01-02 17:36:00,114,Fraud
437,INV_16,2020-01-02 14:32:00,2020-01-02 17:19:00,167,False Positive
438,INV_5,2020-01-02 14:30:00,2020-01-02 17:21:00,171,Fraud
439,INV_15,2020-01-02 14:18:00,2020-01-02 14:50:00,32,Fraud
440,INV_20,2020-01-02 14:19:00,2020-01-02 15:58:00,99,False Positive
441,INV_1,2020-01-02 14:44:00,2020-01-02 16:55:00,131,Fraud
442,INV_4,2020-01-02 15:04:00,2020-01-02 15:30:00,26,Fraud
443,INV_6,2020-01-02 15:17:00,2020-01-02 15:56:00,39,Fraud
444,INV_1,2020-01-02 14:41:00,2020-01-02 15:45:00,64,Fraud
445,INV_15,2020-01-02 14:16:00,2020-01-02 15:57:00,101,False Positive
446,INV_9,2020-01-02 15:25:00,2020-01-02 18:06:00,161,False Positive
447,INV_21,2020-01-02 16:28:00,2020-01-02 19:19:00,171,False Positive
448,INV_10,2020-01-02 16:35:00,2020-01-02 16:56:00,21,Fraud
449,INV_15,2020-01-02 15:33:00,2020-01-02 17:45:00,132,Fraud
450,INV_9,2020-01-02 16:01:00,2020-01-02 16:11:00,10,False Positive
451,INV_15,2020-01-02 16:03:00,2020-01-02 18:43:00,160,Fraud
452,INV_14,2020-01-02 15:53:00,2020-01-02 16:39:00,46,Fraud
453,INV_17,2020-01-02 16:58:00,2020-01-02 19:52:00,174,Fraud
454,INV_12,2020-01-02 15:59:00,2020-01-02 18:43:00,164,Fraud
455,INV_7,2020-01-02 16:22:00,2020-01-02 17:58:00,96,False Positive
456,INV_2,2020-01-02 16:20:00,2020-01-02 17:34:00,74,Fraud
457,INV_16,2020-01-02 16:07:00,2020-01-02 16:53:00,46,False Positive
458,INV_16,2020-01-02 16:16:00,2020-01-02 17:21:00,65,Fraud
459,INV_11,2020-01-02 17:28:00,2020-01-02 18:20:00,52,False Positive
460,INV_14,2020-01-02 17:06:00,2020-01-02 19:46:00,160,Fraud
461,INV_8,2020-01-02 16:45:00,2020-01-02 18:12:00,87,False Positive
462,INV_8,2020-01-02 17:49:00,2020-01-02 19:11:00,82,False Positive
463,INV_11,2020-01-02 17:50:00,2020-01-02 19:22:00,92,Fraud
464,INV_9,2020-01-02 17:32:00,2020-01-02 20:09:00,157,Fraud
465,INV_11,2020-01-02 17:12:00,2020-01-02 19:00:00,108,False Positive
466,INV_4,2020-01-02 17:45:00,2020-01-02 20:41:00,176,False Positive
467,INV_20,2020-01-02 17:59:00,2020-01-02 20:39:00,160,Fraud
468,INV_22,2020-01-02 16:19:00,2020-01-02 16:50:00,31,False Positive
469,INV_17,2020-01-02 17:38:00,2020-01-02 19:56:00,138,Fraud
470,INV_5,2020-01-02 17:44:00,2020-01-02 18:11:00,27,Fraud
471,INV_3,2020-01-02 17:04:00,2020-01-02 18:22:00,78,Fraud
472,INV_12,2020-01-02 17:30:00,2020-01-02 19:59:00,149,Fraud
473,INV_11,2020-01-02 17:37:00,2020-01-02 19:44:00,127,False Positive
474,INV_23,2020-01-02 18:44:00,2020-01-02 20:34:00,110,Fraud
475,INV_12,2020-01-02 18:02:00,2020-01-02 18:27:00,25,False Positive
476,INV_15,2020-01-02 17:19:00,2020-01-02 19:07:00,108,False Positive
477,INV_1,2020-01-02 17:15:00,2020-01-02 19:40:00,145,Fraud
478,INV_24,2020-01-02 17:12:00,2020-01-02 19:39:00,147,Fraud
479,INV_9,2020-01-02 17:14:00,2020-01-02 18:37:00,83,Fraud
480,INV_1,2020-01-02 17:59:00,2020-01-02 20:40:00,161,False Positive
481,INV_14,2020-01-02 18:38:00,2020-01-02 20:45:00,127,Fraud
482,INV_25,2020-01-02 18:01:00,2020-01-02 18:53:00,52,Fraud
483,INV_8,2020-01-02 18:46:00,2020-01-02 21:11:00,145,Fraud
484,INV_14,2020-01-02 17:17:00,2020-01-02 19:26:00,129,False Positive
485,INV_19,2020-01-02 19:49:00,2020-01-02 20:24:00,35,Fraud
486,INV_8,2020-01-02 18:05:00,2020-01-02 19:14:00,69,False Positive
487,INV_21,2020-01-02 19:03:00,2020-01-02 19:43:00,40,Fraud
488,INV_18,2020-01-02 19:44:00,2020-01-02 22:18:00,154,False Positive
489,INV_24,2020-01-02 18:31:00,2020-01-02 20:29:00,118,False Positive
490,INV_14,2020-01-02 18:15:00,2020-01-02 19:54:00,99,False Positive
491,INV_6,2020-01-02 19:37:00,2020-01-02 21:03:00,86,Fraud
492,INV_13,2020-01-02 19:21:00,2020-01-02 21:19:00,118,False Positive
493,INV_22,2020-01-02 19:41:00,2020-01-02 20:10:00,29,Fraud
494,INV_4,2020-01-02 18:27:00,2020-01-02 18:40:00,13,Fraud
495,INV_20,2020-01-02 18:09:00,2020-01-02 19:36:00,87,Fraud
496,INV_7,2020-01-02 19:24:00,2020-01-02 21:16:00,112,Fraud
497,INV_1,2020-01-02 19:54:00,2020-01-02 21:07:00,73,False Positive
498,INV_22,2020-01-02 18:08:00,2020-01-02 18:22:00,14,False Positive
499,INV_12,2020-01-02 20:55:00,2020-01-02 21:21:00,26,Fraud
500,INV_2,2020-01-02 19:21:00,2020-01-02 19:52:00,31,Fraud
501,INV_21,2020-01-02 19:54:00,2020-01-02 20:06:00,12,Fraud
502,INV_16,2020-01-02 20:36:00,2020-01-02 22:59:00,143,Fraud
503,INV_4,2020-01-02 20:06:00,2020-01-02 22:46:00,160,False Positive
504,INV_19,2020-01-02 19:41:00,2020-01-02 22:36:00,175,False Positive
505,INV_7,2020-01-02 20:56:00,2020-01-02 23:39:00,163,Fraud
506,INV_8,2020-01-02 20:49:00,2020-01-02 22:14:00,85,False Positive
507,INV_19,2020-01-02 19:44:00,2020-01-02 22:43:00,179,Fraud
508,INV_17,2020-01-02 19:50:00,2020-01-02 20:46:00,56,False Positive
509,INV_7,2020-01-02 20:04:00,2020-01-02 20:47:00,43,Fraud
510,INV_8,2020-01-02 20:08:00,2020-01-02 22:50:00,162,False Positive
511,INV_19,2020-01-02 19:33:00,2020-01-02 21:32:00,119,False Positive
512,INV_24,2020-01-02 21:22:00,2020-01-02 22:52:00,90,Fraud
513,INV_22,2020-01-02 21:09:00,2020-01-02 21:22:00,13,False Positive
514,INV_3,2020-01-02 20:12:00,2020-01-02 22:37:00,145,False Positive
515,INV_6,2020-01-02 21:34:00,2020-01-02 22:51:00,77,False Positive
516,INV_20,2020-01-02 20:50:00,2020-01-02 21:13:00,23,Fraud
517,INV_18,2020-01-02 21:14:00,2020-01-02 21:41:00,27,False Positive
518,INV_16,2020-01-02 20:44:00,2020-01-02 22:19:00,95,Fraud
519,INV_20,2020-01-02 20:05:00,2020-01-02 22:34:00,149,False Positive
520,INV_20,2020-01-02 21:29:00,2020-01-02 23:02:00,93,False Positive
521,INV_25,2020-01-02 22:40:00,2020-01-03 01:20:00,160,False Positive
522,INV_14,2020-01-02 21:53:00,2020-01-02 22:12:00,19,False Positive
523,INV_4,2020-01-02 21:47:00,2020-01-03 00:04:00,137,False Positive
524,INV_11,2020-01-02 22:00:00,2020-01-02 23:35:00,95,Fraud
525,INV_2,2020-01-02 21:50:00,2020-01-02 22:59:00,69,Fraud
526,INV_11,2020-01-02 21:59:00,2020-01-02 23:41:00,102,Fraud
527,INV_7,2020-01-02 22:08:00,2020-01-02 23:37:00,89,False Positive
528,INV_22,2020-01-02 21:26:00,2020-01-02 22:32:00,66,False Positive
529,INV_24,2020-01-02 22:21:00,2020-01-03 00:53:00,152,Fraud
530,INV_20,2020-01-02 21:49:00,2020-01-03 00:11:00,142,Fraud
531,INV_25,2020-01-02 21:56:00,2020-01-02 23:57:00,121,False Positive
532,INV_20,2020-01-02 22:43:00,2020-01-03 00:58:00,135,Fraud
533,INV_15,2020-01-02 22:53:00,2020-01-03 00:31:00,98,Fraud
534,INV_11,2020-01-02 22:33:00,2020-01-03 01:15:00,162,Fraud
535,INV_1,2020-01-02 22:00:00,2020-01-02 23:43:00,103,Fraud
536,INV_18,2020-01-02 23:24:00,2020-01-03 00:03:00,39,False Positive
537,INV_21,2020-01-02 22:32:00,2020-01-02 23:08:00,36,Fraud
538,INV_2,2020-01-02 23:14:00,2020-01-02 23:24:00,10,Fraud
539,INV_22,2020-01-02 23:38:00,2020-01-03 02:13:00,155,Fraud
540,INV_22,2020-01-02 22:39:00,2020-01-03 01:13:00,154,False Positive
541,INV_15,2020-01-02 22:49:00,2020-01-03 00:25:00,96,Fraud
542,INV_12,2020-01-02 22:31:00,2020-01-03 00:25:00,114,False Positive
543,INV_14,2020-01-02 22:41:00,2020-01-03 00:59:00,138,Fraud
544,INV_19,2020-01-02 22:31:00,2020-01-03 00:05:00,94,Fraud
545,INV_17,2020-01-02 22:07:00,2020-01-03 00:25:00,138,False Positive
546,INV_1,2020-01-02 23:03:00,2020-01-03 01:14:00,131,Fraud
547,INV_15,2020-01-02 23:55:00,2020-01-03 01:01:00,66,False Positive
548,INV_8,2020-01-02 23:28:00,2020-01-03 00:33:00,65,False Positive
549,INV_8,2020-01-02 22:32:00,2020-01-03 01:17:00,165,Fraud
550,INV_19,2020-01-02 23:22:00,2020-01-03 01:06:00,104,False Positive
551,INV_12,2020-01-02 23:52:00,2020-01-03 01:13:00,81,False Positive
552,INV_25,2020-01-03 00:56:00,2020-01-03 02:54:00,118,Fraud
553,INV_15,2020-01-03 00:56:00,2020-01-03 03:48:00,172,False Positive
554,INV_2,2020-01-03 00:42:00,2020-01-03 02:39:00,117,Fraud
555,INV_9,2020-01-02 23:14:00,2020-01-03 01:57:00,163,Fraud
556,INV_11,2020-01-02 23:35:00,2020-01-03 02:07:00,152,Fraud
557,INV_6,2020-01-03 00:06:00,2020-01-03 02:05:00,119,Fraud
558,INV_2,2020-01-03 00:07:00,2020-01-03 02:28:00,141,Fraud
559,INV_15,2020-01-03 00:48:00,2020-01-03 03:27:00,159,Fraud
560,INV_25,2020-01-02 23:40:00,2020-01-03 01:02:00,82,Fraud
561,INV_2,2020-01-03 00:31:00,2020-01-03 00:46:00,15,False Positive
562,INV_23,2020-01-02 23:28:00,2020-01-02 23:52:00,24,False Positive
563,INV_6,2020-01-03 00:54:00,2020-01-03 01:45:00,51,False Positive
564,INV_1,2020-01-03 00:18:00,2020-01-03 01:26:00,68,Fraud
565,INV_21,2020-01-02 23:28:00,2020-01-03 02:19:00,171,False Positive
566,INV_16,2020-01-02 23:36:00,2020-01-03 00:38:00,62,Fraud
567,INV_2,2020-01-03 00:45:00,2020-01-03 01:14:00,29,Fraud
568,INV_1,2020-01-02 23:41:00,2020-01-02 23:58:00,17,Fraud
569,INV_6,2020-01-03 00:19:00,2020-01-03 01:14:00,55,Fraud
570,INV_22,2020-01-02 23:20:00,2020-01-02 23:51:00,31,False Positive
571,INV_22,2020-01-03 00:34:00,2020-01-03 02:51:00,137,Fraud
572,INV_18,2020-01-03 01:39:00,2020-01-03 02:07:00,28,Fraud
573,INV_11,2020-01-03 01:25:00,2020-01-03 02:26:00,61,Fraud
574,INV_14,2020-01-03 01:52:00,2020-01-03 04:34:00,162,Fraud
575,INV_22,2020-01-03 00:53:00,2020-01-03 03:17:00,144,Fraud
576,INV_9,2020-01-03 00:48:00,2020-01-03 01:40:00,52,Fraud
577,INV_9,2020-01-03 01:13:00,2020-01-03 02:08:00,55,Fraud
578,INV_24,2020-01-03 00:08:00,2020-01-03 01:42:00,94,Fraud
579,INV_12,2020-01-03 00:27:00,2020-01-03 01:11:00,44,False Positive
580,INV_18,2020-01-03 00:41:00,2020-01-03 02:32:00,111,Fraud
581,INV_16,2020-01-03 02:26:00,2020-01-03 05:02:00,156,False Positive
582,INV_22,2020-01-03 01:28:00,2020-01-03 03:38:00,130,Fraud
583,INV_1,2020-01-03 02:01:00,2020-01-03 03:32:00,91,Fraud
584,INV_10,2020-01-03 01:45:00,2020-01-03 02:44:00,59,Fraud
585,INV_16,2020-01-03 02:25:00,2020-01-03 02:48:00,23,Fraud
586,INV_3,2020-01-03 02:58:00,2020-01-03 05:30:00,152,Fraud
587,INV_24,2020-01-03 02:07:00,2020-01-03 04:00:00,113,False Positive
588,INV_1,2020-01-03 02:09:00,2020-01-03 05:00:00,171,Fraud
589,INV_15,2020-01-03 03:39:00,2020-01-03 04:44:00,65,False Positive
590,INV_13,2020-01-03 03:55:00,2020-01-03 04:56:00,61,Fraud
591,INV_4,2020-01-03 03:52:00,2020-01-03 04:52:00,60,False Positive
592,INV_21,2020-01-03 03:16:00,2020-01-03 04:41:00,85,Fraud
593,INV_17,2020-01-03 04:52:00,2020-01-03 05:58:00,66,Fraud
594,INV_5,2020-01-03 04:45:00,2020-01-03 06:36:00,111,False Positive
595,INV_24,2020-01-03 03:38:00,2020-01-03 04:30:00,52,False Positive
596,INV_15,2020-01-03 04:58:00,2020-01-03 06:15:00,77,Fraud
597,INV_15,2020-01-03 03:09:00,2020-01-03 04:18:00,69,False Positive
598,INV_14,2020-01-03 04:21:00,2020-01-03 05:55:00,94,False Positive
599,INV_12,2020-01-03 04:42:00,2020-01-03 05:45:00,63,Fraud
600,INV_14,2020-01-03 04:39:00,2020-01-03 05:36:00,57,Fraud
601,INV_11,2020-01-03 04:51:00,2020-01-03 05:25:00,34,Fraud
602,INV_6,2020-01-03 04:36:00,2020-01-03 05:06:00,30,Fraud
603,INV_15,2020-01-03 04:37:00,2020-01-03 06:34:00,117,Fraud
604,INV_13,2020-01-03 03:27:00,2020-01-03 06:15:00,168,Fraud
605,INV_13,2020-01-03 04:23:00,2020-01-03 07:22:00,179,Fraud
606,INV_8,2020-01-03 05:11:00,2020-01-03 06:31:00,80,Fraud
607,INV_15,2020-01-03 05:29:00,2020-01-03 05:58:00,29,Fraud
608,INV_9,2020-01-03 05:00:00,2020-01-03 06:43:00,103,False Positive
609,INV_18,2020-01-03 04:29:00,2020-01-03 05:10:00,41,False Positive
610,INV_7,2020-01-03 05:24:00,2020-01-03 08:19:00,175,False Positive
611,INV_24,2020-01-03 05:56:00,2020-01-03 06:36:00,40,Fraud
612,INV_21,2020-01-03 05:51:00,2020-01-03 06:51:00,60,Fraud
613,INV_16,2020-01-03 05:44:00,2020-01-03 07:58:00,134,Fraud
614,INV_10,2020-01-03 05:40:00,2020-01-03 06:33:00,53,Fraud
615,INV_25,2020-01-03 06:10:00,2020-01-03 06:22:00,12,False Positive
616,INV_17,2020-01-03 06:20:00,2020-01-03 06:34:00,14,Fraud
617,INV_18,2020-01-03 06:03:00,2020-01-03 08:18:00,135,False Positive
618,INV_20,2020-01-03 05:46:00,2020-01-03 06:43:00,57,False Positive
619,INV_10,2020-01-03 05:22:00,2020-01-03 06:36:00,74,Fraud
620,INV_3,2020-01-03 05:44:00,2020-01-03 07:42:00,118,Fraud
621,INV_10,2020-01-03 05:37:00,2020-01-03 07:10:00,93,False Positive
622,INV_14,2020-01-03 06:21:00,2020-01-03 09:03:00,162,Fraud
623,INV_25,2020-01-03 06:23:00,2020-01-03 08:35:00,132,Fraud
624,INV_24,2020-01-03 07:32:00,2020-01-03 09:44:00,132,False Positive
625,INV_13,2020-01-03 07:46:00,2020-01-03 09:07:00,81,Fraud
626,INV_22,2020-01-03 07:12:00,2020-01-03 07:48:00,36,False Positive
627,INV_7,2020-01-03 07:16:00,2020-01-03 08:51:00,95,Fraud
628,INV_11,2020-01-03 08:42:00,2020-01-03 11:27:00,165,False Positive
629,INV_1,2020-01-03 08:35:00,2020-01-03 09:00:00,25,Fraud
630,INV_8,2020-01-03 07:52:00,2020-01-03 08:16:00,24,False Positive
631,INV_12,2020-01-03 08:32:00,2020-01-03 09:00:00,28,False Positive
632,INV_11,2020-01-03 07:45:00,2020-01-03 08:47:00,62,False Positive
633,INV_14,2020-01-03 08:08:00,2020-01-03 08:30:00,22,Fraud
634,INV_6,2020-01-03 07:31:00,2020-01-03 09:17:00,106,Fraud
635,INV_16,2020-01-03 07:48:00,2020-01-03 08:03:00,15,False Positive
636,INV_9,2020-01-03 08:56:00,2020-01-03 09:24:00,28,False Positive
637,INV_25,2020-01-03 07:11:00,2020-01-03 08:14:00,63,False Positive
638,INV_10,2020-01-03 07:50:00,2020-01-03 08:22:00,32,Fraud
639,INV_10,2020-01-03 08:50:00,2020-01-03 11:23:00,153,Fraud
640,INV_16,2020-01-03 09:46:00,2020-01-03 10:45:00,59,False Positive
641,INV_12,2020-01-03 08:12:00,2020-01-03 10:04:00,112,False Positive
642,INV_22,2020-01-03 08:46:00,2020-01-03 11:21:00,155,Fraud
643,INV_17,2020-01-03 08:32:00,2020-01-03 09:42:00,70,Fraud
644,INV_17,2020-01-03 09:57:00,2020-01-03 11:33:00,96,False Positive
645,INV_18,2020-01-03 08:05:00,2020-01-03 11:01:00,176,Fraud
646,INV_2,2020-01-03 09:56:00,2020-01-03 10:44:00,48,False Positive
647,INV_16,2020-01-03 09:07:00,2020-01-03 11:37:00,150,Fraud
648,INV_10,2020-01-03 09:58:00,2020-01-03 10:27:00,29,False Positive
649,INV_24,2020-01-03 08:52:00,2020-01-03 10:33:00,101,False Positive
650,INV_14,2020-01-03 09:09:00,2020-01-03 10:38:00,89,Fraud
651,INV_12,2020-01-03 08:24:00,2020-01-03 11:01:00,157,False Positive
652,INV_14,2020-01-03 09:54:00,2020-01-03 10:25:00,31,Fraud
653,INV_2,2020-01-03 09:31:00,2020-01-03 12:28:00,177,Fraud
654,INV_9,2020-01-03 09:18:00,2020-01-03 09:36:00,18,Fraud
655,INV_5,2020-01-03 09:02:00,2020-01-03 11:58:00,176,False Positive
656,INV_19,2020-01-03 09:21:00,2020-01-03 11:38:00,137,Fraud
657,INV_11,2020-01-03 09:05:00,2020-01-03 12:02:00,177,Fraud
658,INV_14,2020-01-03 10:49:00,2020-01-03 11:43:00,54,False Positive
659,INV_10,2020-01-03 10:03:00,2020-01-03 11:05:00,62,False Positive
660,INV_3,2020-01-03 10:38:00,2020-01-03 12:23:00,105,Fraud
661,INV_17,2020-01-03 10:23:00,2020-01-03 10:48:00,25,Fraud
662,INV_20,2020-01-03 10:16:00,2020-01-03 11:00:00,44,Fraud
663,INV_13,2020-01-03 10:05:00,2020-01-03 11:43:00,98,Fraud
664,INV_24,2020-01-03 10:16:00,2020-01-03 12:59:00,163,Fraud
665,INV_9,2020-01-03 10:15:00,2020-01-03 10:41:00,26,False Positive
666,INV_14,2020-01-03 10:36:00,2020-01-03 11:45:00,69,Fraud
667,INV_3,2020-01-03 11:01:00,2020-01-03 11:29:00,28,Fraud
668,INV_5,2020-01-03 11:29:00,2020-01-03 12:03:00,34,False Positive
669,INV_5,2020-01-03 10:54:00,2020-01-03 13:48:00,174,False Positive
670,INV_25,2020-01-03 11:01:00,2020-01-03 13:02:00,121,Fraud
671,INV_13,2020-01-03 10:35:00,2020-01-03 10:59:00,24,Fraud
672,INV_5,2020-01-03 10:54:00,2020-01-03 12:40:00,106,Fraud
673,INV_9,2020-01-03 11:34:00,2020-01-03 12:43:00,69,Fraud
674,INV_17,2020-01-03 10:06:00,2020-01-03 10:35:00,29,False Positive
675,INV_6,2020-01-03 11:46:00,2020-01-03 13:22:00,96,False Positive
676,INV_10,2020-01-03 10:36:00,2020-01-03 11:02:00,26,Fraud
677,INV_6,2020-01-03 10:10:00,2020-01-03 12:20:00,130,False Positive
678,INV_5,2020-01-03 11:38:00,2020-01-03 14:31:00,173,False Positive
679,INV_23,2020-01-03 11:40:00,2020-01-03 12:29:00,49,Fraud
680,INV_24,2020-01-03 10:43:00,2020-01-03 12:04:00,81,Fraud
681,INV_7,2020-01-03 10:39:00,2020-01-03 11:00:00,21,Fraud
682,INV_7,2020-01-03 11:28:00,2020-01-03 13:56:00,148,False Positive
683,INV_18,2020-01-03 11:15:00,2020-01-03 12:40:00,85,False Positive
684,INV_18,2020-01-03 12:56:00,2020-01-03 13:07:00,11,False Positive
685,INV_9,2020-01-03 11:40:00,2020-01-03 13:14:00,94,False Positive
686,INV_15,2020-01-03 11:23:00,2020-01-03 12:34:00,71,False Positive
687,INV_1,2020-01-03 12:23:00,2020-01-03 13:44:00,81,False Positive
688,INV_15,2020-01-03 11:35:00,2020-01-03 12:37:00,62,Fraud
689,INV_1,2020-01-03 12:00:00,2020-01-03 13:17:00,77,Fraud
690,INV_12,2020-01-03 12:49:00,2020-01-03 13:16:00,27,Fraud
691,INV_21,2020-01-03 12:11:00,2020-01-03 13:09:00,58,Fraud
692,INV_4,2020-01-03 11:24:00,2020-01-03 11:44:00,20,False Positive
693,INV_24,2020-01-03 12:43:00,2020-01-03 13:46:00,63,False Positive
694,INV_8,2020-01-03 12:50:00,2020-01-03 15:07:00,137,False Positive
695,INV_2,2020-01-03 12:55:00,2020-01-03 14:57:00,122,Fraud
696,INV_14,2020-01-03 11:18:00,2020-01-03 12:08:00,50,False Positive
697,INV_16,2020-01-03 12:16:00,2020-01-03 13:41:00,85,False Positive
698,INV_23,2020-01-03 11:46:00,2020-01-03 13:39:00,113,Fraud
699,INV_12,2020-01-03 12:53:00,2020-01-03 14:15:00,82,False Positive
700,INV_14,2020-01-03 11:57:00,2020-01-03 12:25:00,28,False Positive
701,INV_19,2020-01-03 11:50:00,2020-01-03 12:02:00,12,False Positive
702,INV_6,2020-01-03 11:29:00,2020-01-03 12:30:00,61,False Positive
703,INV_25,2020-01-03 12:51:00,2020-01-03 14:42:00,111,Fraud
704,INV_11,2020-01-03 12:50:00,2020-01-03 13:12:00,22,Fraud
705,INV_24,2020-01-03 13:24:00,2020-01-03 14:07:00,43,Fraud
706,INV_4,2020-01-03 12:23:00,2020-01-03 15:08:00,165,False Positive
707,INV_10,2020-01-03 13:02:00,2020-01-03 15:10:00,128,Fraud
708,INV_10,2020-01-03 13:53:00,2020-01-03 16:28:00,155,Fraud
709,INV_18,2020-01-03 12:49:00,2020-01-03 14:53:00,124,Fraud
710,INV_12,2020-01-03 13:18:00,2020-01-03 13:48:00,30,Fraud
711,INV_15,2020-01-03 12:12:00,2020-01-03 13:22:00,70,Fraud
712,INV_4,2020-01-03 12:37:00,2020-01-03 14:59:00,142,Fraud
713,INV_20,2020-01-03 12:48:00,2020-01-03 15:35:00,167,False Positive
714,INV_11,2020-01-03 13:28:00,2020-01-03 14:41:00,73,False Positive
715,INV_3,2020-01-03 14:00:00,2020-01-03 14:12:00,12,Fraud
716,INV_4,2020-01-03 13:52:00,2020-01-03 14:46:00,54,Fraud
717,INV_22,2020-01-03 13:44:00,2020-01-03 15:27:00,103,Fraud
718,INV_9,2020-01-03 13:23:00,2020-01-03 13:45:00,22,Fraud
719,INV_2,2020-01-03 14:05:00,2020-01-03 14:32:00,27,Fraud
720,INV_18,2020-01-03 14:49:00,2020-01-03 16:41:00,112,Fraud
721,INV_17,2020-01-03 13:12:00,2020-01-03 15:58:00,166,Fraud
722,INV_24,2020-01-03 13:52:00,2020-01-03 14:28:00,36,False Positive
723,INV_12,2020-01-03 14:43:00,2020-01-03 17:08:00,145,Fraud
724,INV_24,2020-01-03 13:37:00,2020-01-03 15:50:00,133,Fraud
725,INV_17,2020-01-03 13:09:00,2020-01-03 16:08:00,179,False Positive
726,INV_22,2020-01-03 14:10:00,2020-01-03 15:58:00,108,False Positive
727,INV_21,2020-01-03 13:40:00,2020-01-03 14:12:00,32,False Positive
728,INV_8,2020-01-03 14:05:00,2020-01-03 16:27:00,142,Fraud
729,INV_3,2020-01-03 15:40:00,2020-01-03 15:58:00,18,Fraud
730,INV_14,2020-01-03 15:37:00,2020-01-03 17:31:00,114,False Positive
731,INV_11,2020-01-03 14:19:00,2020-01-03 14:30:00,11,Fraud
732,INV_4,2020-01-03 15:23:00,2020-01-03 17:58:00,155,Fraud
733,INV_5,2020-01-03 15:08:00,2020-01-03 17:20:00,132,Fraud
734,INV_15,2020-01-03 15:05:00,2020-01-03 17:16:00,131,Fraud
735,INV_12,2020-01-03 15:41:00,2020-01-03 17:23:00,102,Fraud
736,INV_24,2020-01-03 15:28:00,2020-01-03 16:24:00,56,Fraud
737,INV_25,2020-01-03 16:17:00,2020-01-03 17:38:00,81,False Positive
738,INV_25,2020-01-03 16:07:00,2020-01-03 18:35:00,148,Fraud
739,INV_7,2020-01-03 15:21:00,2020-01-03 16:46:00,85,Fraud
740,INV_23,2020-01-03 15:47:00,2020-01-03 18:33:00,166,Fraud
741,INV_22,2020-01-03 16:43:00,2020-01-03 18:34:00,111,Fraud
742,INV_17,2020-01-03 16:09:00,2020-01-03 17:10:00,61,False Positive
743,INV_22,2020-01-03 16:33:00,2020-01-03 17:06:00,33,False Positive
744,INV_21,2020-01-03 16:56:00,2020-01-03 17:29:00,33,False Positive
745,INV_23,2020-01-03 17:26:00,2020-01-03 18:29:00,63,Fraud
746,INV_14,2020-01-03 17:48:00,2020-01-03 20:33:00,165,False Positive
747,INV_14,2020-01-03 16:53:00,2020-01-03 18:50:00,117,Fraud
748,INV_5,2020-01-03 17:23:00,2020-01-03 19:56:00,153,Fraud
749,INV_3,2020-01-03 16:43:00,2020-01-03 18:52:00,129,Fraud
750,INV_7,2020-01-03 17:05:00,2020-01-03 18:16:00,71,Fraud
751,INV_7,2020-01-03 17:38:00,2020-01-03 19:48:00,130,Fraud
752,INV_2,2020-01-03 17:15:00,2020-01-03 20:00:00,165,Fraud
753,INV_14,2020-01-03 16:28:00,2020-01-03 16:55:00,27,False Positive
754,INV_24,2020-01-03 17:44:00,2020-01-03 18:34:00,50,False Positive
755,INV_21,2020-01-03 16:37:00,2020-01-03 19:13:00,156,False Positive
756,INV_19,2020-01-03 17:50:00,2020-01-03 20:22:00,152,Fraud
757,INV_9,2020-01-03 17:44:00,2020-01-03 17:54:00,10,Fraud
758,INV_20,2020-01-03 17:43:00,2020-01-03 18:46:00,63,False Positive
759,INV_2,2020-01-03 16:34:00,2020-01-03 17:37:00,63,False Positive
760,INV_24,2020-01-03 17:35:00,2020-01-03 19:15:00,100,False Positive
761,INV_18,2020-01-03 17:28:00,2020-01-03 19:48:00,140,Fraud
762,INV_18,2020-01-03 17:54:00,2020-01-03 18:09:00,15,Fraud
763,INV_10,2020-01-03 18:46:00,2020-01-03 19:16:00,30,Fraud
764,INV_9,2020-01-03 18:45:00,2020-01-03 20:48:00,123,False Positive
765,INV_15,2020-01-03 17:21:00,2020-01-03 20:16:00,175,Fraud
766,INV_19,2020-01-03 17:49:00,2020-01-03 19:37:00,108,Fraud
767,INV_2,2020-01-03 17:13:00,2020-01-03 19:07:00,114,False Positive
768,INV_18,2020-01-03 18:56:00,2020-01-03 21:06:00,130,Fraud
769,INV_14,2020-01-03 18:11:00,2020-01-03 19:38:00,87,Fraud
770,INV_20,2020-01-03 17:17:00,2020-01-03 19:39:00,142,False Positive
771,INV_16,2020-01-03 18:42:00,2020-01-03 20:11:00,89,Fraud
772,INV_22,2020-01-03 18:02:00,2020-01-03 18:27:00,25,Fraud
773,INV_9,2020-01-03 18:15:00,2020-01-03 21:01:00,166,Fraud
774,INV_21,2020-01-03 17:58:00,2020-01-03 18:54:00,56,False Positive
775,INV_13,2020-01-03 17:19:00,2020-01-03 19:18:00,119,False Positive
776,INV_4,2020-01-03 17:59:00,2020-01-03 19:36:00,97,Fraud
777,INV_4,2020-01-03 18:07:00,2020-01-03 20:39:00,152,False Positive
778,INV_24,2020-01-03 17:06:00,2020-01-03 18:18:00,72,False Positive
779,INV_1,2020-01-03 18:07:00,2020-01-03 19:35:00,88,Fraud
780,INV_4,2020-01-03 17:52:00,2020-01-03 19:35:00,103,Fraud
781,INV_15,2020-01-03 18:21:00,2020-01-03 19:21:00,60,False Positive
782,INV_15,2020-01-03 17:28:00,2020-01-03 19:25:00,117,Fraud
783,INV_3,2020-01-03 19:17:00,2020-01-03 19:53:00,36,Fraud
784,INV_18,2020-01-03 18:06:00,2020-01-03 21:01:00,175,Fraud
785,INV_11,2020-01-03 19:37:00,2020-01-03 21:55:00,138,Fraud
786,INV_4,2020-01-03 19:18:00,2020-01-03 21:23:00,125,Fraud
787,INV_9,2020-01-03 18:55:00,2020-01-03 19:22:00,27,False Positive
788,INV_1,2020-01-03 18:11:00,2020-01-03 19:53:00,102,False Positive
789,INV_11,2020-01-03 18:22:00,2020-01-03 18:56:00,34,False Positive
790,INV_7,2020-01-03 19:00:00,2020-01-03 20:18:00,78,Fraud
791,INV_7,2020-01-03 19:03:00,2020-01-03 20:37:00,94,Fraud
792,INV_12,2020-01-03 18:34:00,2020-01-03 21:14:00,160,False Positive
793,INV_23,2020-01-03 19:09:00,2020-01-03 21:57:00,168,Fraud
794,INV_22,2020-01-03 18:31:00,2020-01-03 20:32:00,121,Fraud
795,INV_19,2020-01-03 18:49:00,2020-01-03 19:58:00,69,Fraud
796,INV_21,2020-01-03 19:39:00,2020-01-03 20:05:00,26,False Positive
797,INV_9,2020-01-03 18:24:00,2020-01-03 19:28:00,64,False Positive
798,INV_11,2020-01-03 18:09:00,2020-01-03 19:11:00,62,False Positive
799,INV_25,2020-01-03 18:37:00,2020-01-03 18:52:00,15,Fraud
800,INV_23,2020-01-03 19:00:00,2020-01-03 20:19:00,79,False Positive
801,INV_9,2020-01-03 18:32:00,2020-01-03 19:33:00,61,False Positive
802,INV_17,2020-01-03 18:35:00,2020-01-03 19:32:00,57,Fraud
803,INV_8,2020-01-03 18:52:00,2020-01-03 20:02:00,70,Fraud
804,INV_8,2020-01-03 19:28:00,2020-01-03 21:32:00,124,Fraud
805,INV_5,2020-01-03 18:59:00,2020-01-03 21:26:00,147,False Positive
806,INV_15,2020-01-03 19:42:00,2020-01-03 21:27:00,105,Fraud
807,INV_10,2020-01-03 20:56:00,2020-01-03 22:32:00,96,False Positive
808,INV_25,2020-01-03 20:38:00,2020-01-03 23:14:00,156,False Positive
809,INV_25,2020-01-03 19:56:00,2020-01-03 20:12:00,16,Fraud
810,INV_22,2020-01-03 20:18:00,2020-01-03 21:36:00,78,False Positive
811,INV_5,2020-01-03 20:22:00,2020-01-03 20:37:00,15,Fraud
812,INV_11,2020-01-03 20:17:00,2020-01-03 21:33:00,76,Fraud
813,INV_14,2020-01-03 21:20:00,2020-01-03 21:47:00,27,Fraud
814,INV_15,2020-01-03 21:59:00,2020-01-03 23:09:00,70,Fraud
815,INV_12,2020-01-03 21:13:00,2020-01-03 22:10:00,57,Fraud
816,INV_8,2020-01-03 20:22:00,2020-01-03 22:15:00,113,Fraud
817,INV_6,2020-01-03 21:53:00,2020-01-03 23:55:00,122,False Positive
818,INV_4,2020-01-03 21:26:00,2020-01-03 23:54:00,148,False Positive
819,INV_2,2020-01-03 20:41:00,2020-01-03 21:44:00,63,False Positive
820,INV_17,2020-01-03 20:32:00,2020-01-03 22:20:00,108,False Positive
821,INV_23,2020-01-03 20:57:00,2020-01-03 23:12:00,135,False Positive
822,INV_13,2020-01-03 21:27:00,2020-01-03 22:13:00,46,Fraud
823,INV_1,2020-01-03 20:53:00,2020-01-03 21:55:00,62,Fraud
824,INV_5,2020-01-03 20:07:00,2020-01-03 22:54:00,167,Fraud
825,INV_21,2020-01-03 20:09:00,2020-01-03 22:03:00,114,Fraud
826,INV_23,2020-01-03 20:53:00,2020-01-03 22:03:00,70,Fraud
827,INV_16,2020-01-03 20:53:00,2020-01-03 22:49:00,116,False Positive
828,INV_5,2020-01-03 20:59:00,2020-01-03 23:13:00,134,Fraud
829,INV_20,2020-01-03 20:54:00,2020-01-03 22:08:00,74,Fraud
830,INV_20,2020-01-03 21:50:00,2020-01-03 23:54:00,124,Fraud
831,INV_24,2020-01-03 22:51:00,2020-01-04 00:50:00,119,Fraud
832,INV_2,2020-01-03 22:19:00,2020-01-03 23:23:00,64,Fraud
833,INV_20,2020-01-03 21:40:00,2020-01-04 00:29:00,169,Fraud
834,INV_21,2020-01-03 22:04:00,2020-01-04 00:46:00,162,Fraud
835,INV_12,2020-01-03 21:43:00,2020-01-03 23:12:00,89,Fraud
836,INV_10,2020-01-03 21:41:00,2020-01-04 00:28:00,167,False Positive
837,INV_21,2020-01-03 21:30:00,2020-01-03 23:54:00,144,Fraud
838,INV_6,2020-01-03 21:55:00,2020-01-04 00:50:00,175,Fraud
839,INV_19,2020-01-03 21:55:00,2020-01-03 22:49:00,54,Fraud
840,INV_9,2020-01-03 22:42:00,2020-01-04 01:27:00,165,False Positive
841,INV_10,2020-01-03 21:31:00,2020-01-03 22:58:00,87,False Positive
842,INV_13,2020-01-03 21:58:00,2020-01-03 22:49:00,51,False Positive
843,INV_25,2020-01-03 21:16:00,2020-01-03 21:54:00,38,False Positive
844,INV_15,2020-01-03 22:08:00,2020-01-03 23:58:00,110,False Positive
845,INV_8,2020-01-03 21:27:00,2020-01-03 23:15:00,108,False Positive
846,INV_21,2020-01-03 21:16:00,2020-01-03 22:43:00,87,Fraud
847,INV_23,2020-01-03 22:03:00,2020-01-03 23:17:00,74,Fraud
848,INV_18,2020-01-03 22:15:00,2020-01-03 22:29:00,14,False Positive
849,INV_17,2020-01-03 21:49:00,2020-01-03 23:34:00,105,False Positive
850,INV_8,2020-01-03 21:34:00,2020-01-04 00:28:00,174,False Positive
851,INV_1,2020-01-03 23:14:00,2020-01-04 01:10:00,116,False Positive
852,INV_3,2020-01-03 23:46:00,2020-01-03 23:58:00,12,Fraud
853,INV_16,2020-01-03 22:15:00,2020-01-03 22:28:00,13,Fraud
854,INV_3,2020-01-03 23:22:00,2020-01-04 01:44:00,142,False Positive
855,INV_12,2020-01-03 22:05:00,2020-01-03 22:19:00,14,Fraud
856,INV_1,2020-01-03 23:55:00,2020-01-04 00:30:00,35,False Positive
857,INV_6,2020-01-04 00:27:00,2020-01-04 01:09:00,42,Fraud
858,INV_14,2020-01-04 00:14:00,2020-01-04 01:12:00,58,False Positive
859,INV_22,2020-01-04 00:53:00,2020-01-04 01:04:00,11,Fraud
860,INV_9,2020-01-04 00:28:00,2020-01-04 02:09:00,101,Fraud
861,INV_1,2020-01-03 23:48:00,2020-01-04 02:45:00,177,Fraud
862,INV_16,2020-01-04 00:34:00,2020-01-04 02:06:00,92,False Positive
863,INV_15,2020-01-03 23:59:00,2020-01-04 01:18:00,79,Fraud
864,INV_9,2020-01-04 00:23:00,2020-01-04 02:11:00,108,Fraud
865,INV_2,2020-01-03 23:31:00,2020-01-03 23:47:00,16,False Positive
866,INV_6,2020-01-03 23:51:00,2020-01-04 01:31:00,100,Fraud
867,INV_4,2020-01-03 23:45:00,2020-01-04 01:36:00,111,Fraud
868,INV_24,2020-01-03 23:44:00,2020-01-04 00:51:00,67,Fraud
869,INV_22,2020-01-04 00:42:00,2020-01-04 03:12:00,150,Fraud
870,INV_7,2020-01-04 00:53:00,2020-01-04 01:20:00,27,False Positive
871,INV_5,2020-01-04 00:33:00,2020-01-04 02:28:00,115,Fraud
872,INV_15,2020-01-04 00:40:00,2020-01-04 02:42:00,122,False Positive
873,INV_18,2020-01-03 23:18:00,2020-01-04 00:05:00,47,False Positive
874,INV_2,2020-01-03 23:11:00,2020-01-04 01:54:00,163,Fraud
875,INV_2,2020-01-03 23:40:00,2020-01-04 01:12:00,92,False Positive
876,INV_21,2020-01-04 00:29:00,2020-01-04 02:08:00,99,Fraud
877,INV_24,2020-01-04 00:23:00,2020-01-04 01:37:00,74,False Positive
878,INV_20,2020-01-04 01:43:00,2020-01-04 03:46:00,123,Fraud
879,INV_9,2020-01-04 00:11:00,2020-01-04 02:49:00,158,Fraud
880,INV_17,2020-01-04 00:13:00,2020-01-04 02:50:00,157,Fraud
881,INV_17,2020-01-04 01:02:00,2020-01-04 02:04:00,62,Fraud
882,INV_16,2020-01-04 00:18:00,2020-01-04 00:52:00,34,Fraud
883,INV_7,2020-01-04 00:58:00,2020-01-04 02:45:00,107,Fraud
884,INV_17,2020-01-04 00:33:00,2020-01-04 03:01:00,148,Fraud
885,INV_6,2020-01-04 01:49:00,2020-01-04 04:33:00,164,Fraud
886,INV_15,2020-01-04 00:20:00,2020-01-04 00:49:00,29,False Positive
887,INV_15,2020-01-04 00:27:00,2020-01-04 03:08:00,161,False Positive
888,INV_19,2020-01-04 00:14:00,2020-01-04 01:51:00,97,Fraud
889,INV_12,2020-01-04 01:25:00,2020-01-04 03:17:00,112,False Positive
890,INV_22,2020-01-04 00:29:00,2020-01-04 03:11:00,162,Fraud
891,INV_15,2020-01-04 02:51:00,2020-01-04 04:51:00,120,False Positive
892,INV_12,2020-01-04 01:14:00,2020-01-04 02:26:00,72,False Positive
893,INV_9,2020-01-04 02:08:00,2020-01-04 04:09:00,121,Fraud
894,INV_12,2020-01-04 01:35:00,2020-01-04 02:54:00,79,False Positive
895,INV_19,2020-01-04 01:23:00,2020-01-04 02:46:00,83,Fraud
896,INV_14,2020-01-04 02:39:00,2020-01-04 03:03:00,24,False Positive
897,INV_17,2020-01-04 01:52:00,2020-01-04 02:37:00,45,Fraud
898,INV_5,2020-01-04 02:16:00,2020-01-04 04:21:00,125,Fraud
899,INV_4,2020-01-04 02:24:00,2020-01-04 04:58:00,154,Fraud
900,INV_15,2020-01-04 02:08:00,2020-01-04 04:45:00,157,Fraud
901,INV_21,2020-01-04 03:03:00,2020-01-04 04:47:00,104,Fraud
902,INV_13,2020-01-04 03:18:00,2020-01-04 04:20:00,62,False Positive
903,INV_7,2020-01-04 03:38:00,2020-01-04 05:39:00,121,Fraud
904,INV_17,2020-01-04 03:31:00,2020-01-04 06:10:00,159,False Positive
905,INV_5,2020-01-04 03:45:00,2020-01-04 04:59:00,74,False Positive
906,INV_11,2020-01-04 02:43:00,2020-01-04 04:04:00,81,False Positive
907,INV_9,2020-01-04 03:57:00,2020-01-04 05:41:00,104,Fraud
908,INV_7,2020-01-04 03:19:00,2020-01-04 04:37:00,78,Fraud
909,INV_8,2020-01-04 03:09:00,2020-01-04 04:46:00,97,Fraud
910,INV_18,2020-01-04 02:14:00,2020-01-04 04:14:00,120,False Positive
911,INV_20,2020-01-04 03:55:00,2020-01-04 04:12:00,17,Fraud
912,INV_23,2020-01-04 03:25:00,2020-01-04 04:30:00,65,Fraud
913,INV_11,2020-01-04 02:56:00,2020-01-04 05:09:00,133,Fraud
914,INV_17,2020-01-04 03:02:00,2020-01-04 04:43:00,101,False Positive
915,INV_25,2020-01-04 03:48:00,2020-01-04 06:07:00,139,Fraud
916,INV_24,2020-01-04 03:26:00,2020-01-04 04:00:00,34,False Positive
917,INV_7,2020-01-04 02:36:00,2020-01-04 05:12:00,156,Fraud
918,INV_3,2020-01-04 03:53:00,2020-01-04 06:12:00,139,False Positive
919,INV_21,2020-01-04 02:05:00,2020-01-04 02:37:00,32,False Positive
920,INV_14,2020-01-04 02:54:00,2020-01-04 05:53:00,179,False Positive
921,INV_20,2020-01-04 04:06:00,2020-01-04 05:37:00,91,Fraud
922,INV_7,2020-01-04 04:08:00,2020-01-04 05:51:00,103,False Positive
923,INV_5,2020-01-04 04:07:00,2020-01-04 05:30:00,83,Fraud
924,INV_19,2020-01-04 03:26:00,2020-01-04 05:39:00,133,False Positive
925,INV_2,2020-01-04 03:24:00,2020-01-04 05:22:00,118,False Positive
926,INV_1,2020-01-04 03:46:00,2020-01-04 04:19:00,33,False Positive
927,INV_23,2020-01-04 04:26:00,2020-01-04 06:09:00,103,Fraud
928,INV_20,2020-01-04 04:23:00,2020-01-04 05:03:00,40,Fraud
929,INV_14,2020-01-04 04:33:00,2020-01-04 06:53:00,140,Fraud
930,INV_21,2020-01-04 04:50:00,2020-01-04 07:42:00,172,Fraud
931,INV_4,2020-01-04 05:45:00,2020-01-04 07:25:00,100,False Positive
932,INV_9,2020-01-04 04:13:00,2020-01-04 04:58:00,45,False Positive
933,INV_23,2020-01-04 05:26:00,2020-01-04 06:32:00,66,False Positive
934,INV_18,2020-01-04 06:16:00,2020-01-04 07:57:00,101,Fraud
935,INV_2,2020-01-04 05:09:00,2020-01-04 05:23:00,14,False Positive
936,INV_5,2020-01-04 06:44:00,2020-01-04 08:43:00,119,Fraud
937,INV_6,2020-01-04 05:53:00,2020-01-04 07:08:00,75,Fraud
938,INV_6,2020-01-04 06:07:00,2020-01-04 08:40:00,153,Fraud
939,INV_22,2020-01-04 06:57:00,2020-01-04 07:54:00,57,Fraud
940,INV_22,2020-01-04 05:39:00,2020-01-04 07:25:00,106,Fraud
941,INV_24,2020-01-04 05:43:00,2020-01-04 06:41:00,58,False Positive
942,INV_2,2020-01-04 05:05:00,2020-01-04 07:41:00,156,False Positive
943,INV_24,2020-01-04 07:18:00,2020-01-04 08:33:00,75,Fraud
944,INV_14,2020-01-04 06:54:00,2020-01-04 08:34:00,100,Fraud
945,INV_6,2020-01-04 06:25:00,2020-01-04 07:27:00,62,False Positive
946,INV_14,2020-01-04 07:22:00,2020-01-04 07:42:00,20,Fraud
947,INV_13,2020-01-04 07:29:00,2020-01-04 08:46:00,77,Fraud
948,INV_21,2020-01-04 06:38:00,2020-01-04 07:32:00,54,False Positive
949,INV_9,2020-01-04 06:48:00,2020-01-04 08:39:00,111,Fraud
950,INV_17,2020-01-04 07:58:00,2020-01-04 10:30:00,152,False Positive
951,INV_1,2020-01-04 06:15:00,2020-01-04 08:34:00,139,Fraud
952,INV_9,2020-01-04 06:48:00,2020-01-04 08:43:00,115,Fraud
953,INV_25,2020-01-04 07:54:00,2020-01-04 08:34:00,40,False Positive
954,INV_4,2020-01-04 07:57:00,2020-01-04 08:55:00,58,Fraud
955,INV_3,2020-01-04 08:06:00,2020-01-04 09:10:00,64,Fraud
956,INV_24,2020-01-04 08:36:00,2020-01-04 11:03:00,147,False Positive
957,INV_5,2020-01-04 07:47:00,2020-01-04 10:38:00,171,Fraud
958,INV_10,2020-01-04 08:04:00,2020-01-04 10:58:00,174,False Positive
959,INV_11,2020-01-04 07:24:00,2020-01-04 09:33:00,129,Fraud
960,INV_5,2020-01-04 07:19:00,2020-01-04 09:15:00,116,Fraud
961,INV_10,2020-01-04 08:10:00,2020-01-04 09:17:00,67,False Positive
962,INV_23,2020-01-04 07:52:00,2020-01-04 09:48:00,116,Fraud
963,INV_15,2020-01-04 08:05:00,2020-01-04 08:22:00,17,Fraud
964,INV_21,2020-01-04 09:29:00,2020-01-04 11:39:00,130,Fraud
965,INV_17,2020-01-04 08:24:00,2020-01-04 10:16:00,112,False Positive
966,INV_22,2020-01-04 08:36:00,2020-01-04 11:09:00,153,Fraud
967,INV_12,2020-01-04 08:35:00,2020-01-04 11:30:00,175,False Positive
968,INV_6,2020-01-04 09:15:00,2020-01-04 11:00:00,105,False Positive
969,INV_14,2020-01-04 09:36:00,2020-01-04 11:53:00,137,Fraud
970,INV_16,2020-01-04 08:34:00,2020-01-04 10:07:00,93,Fraud
971,INV_17,2020-01-04 09:50:00,2020-01-04 10:38:00,48,False Positive
972,INV_6,2020-01-04 09:33:00,2020-01-04 10:26:00,53,Fraud
973,INV_13,2020-01-04 10:44:00,2020-01-04 11:13:00,29,False Positive
974,INV_17,2020-01-04 09:34:00,2020-01-04 11:39:00,125,Fraud
975,INV_18,2020-01-04 10:39:00,2020-01-04 11:33:00,54,Fraud
976,INV_21,2020-01-04 09:21:00,2020-01-04 11:41:00,140,False Positive
977,INV_24,2020-01-04 09:55:00,2020-01-04 10:18:00,23,False Positive
978,INV_3,2020-01-04 10:32:00,2020-01-04 11:39:00,67,Fraud
979,INV_22,2020-01-04 10:38:00,2020-01-04 13:14:00,156,Fraud
980,INV_24,2020-01-04 10:07:00,2020-01-04 11:02:00,55,False Positive
981,INV_25,2020-01-04 10:30:00,2020-01-04 12:45:00,135,Fraud
982,INV_9,2020-01-04 10:48:00,2020-01-04 12:30:00,102,False Positive
983,INV_24,2020-01-04 11:21:00,2020-01-04 11:36:00,15,Fraud
984,INV_18,2020-01-04 10:45:00,2020-01-04 11:57:00,72,False Positive
985,INV_15,2020-01-04 11:25:00,2020-01-04 13:52:00,147,False Positive
986,INV_2,2020-01-04 11:38:00,2020-01-04 12:30:00,52,Fraud
987,INV_8,2020-01-04 10:14:00,2020-01-04 11:01:00,47,False Positive
988,INV_3,2020-01-04 10:21:00,2020-01-04 12:04:00,103,False Positive
989,INV_2,2020-01-04 11:18:00,2020-01-04 13:29:00,131,False Positive
990,INV_9,2020-01-04 11:16:00,2020-01-04 12:23:00,67,False Positive
991,INV_10,2020-01-04 10:55:00,2020-01-04 12:31:00,96,Fraud
992,INV_25,2020-01-04 10:17:00,2020-01-04 12:30:00,133,False Positive
993,INV_23,2020-01-04 12:05:00,2020-01-04 12:33:00,28,Fraud
994,INV_14,2020-01-04 11:15:00,2020-01-04 12:35:00,80,Fraud
995,INV_14,2020-01-04 11:38:00,2020-01-04 12:44:00,66,Fraud
996,INV_6,2020-01-04 12:06:00,2020-01-04 12:18:00,12,Fraud
997,INV_2,2020-01-04 12:24:00,2020-01-04 14:20:00,116,False Positive
998,INV_14,2020-01-04 12:30:00,2020-01-04 14:26:00,116,Fraud
999,INV_21,2020-01-04 12:01:00,2020-01-04 12:24:00,23,Fraud
1000,INV_18,2020-01-04 11:30:00,2020-01-04 13:34:00,124,False Positive
1001,INV_20,2020-01-04 11:36:00,2020-01-04 11:59:00,23,Fraud
1002,INV_14,2020-01-04 11:19:00,2020-01-04 13:40:00,141,False Positive
1003,INV_1,2020-01-04 12:04:00,2020-01-04 14:45:00,161,Fraud
1004,INV_22,2020-01-04 12:06:00,2020-01-04 13:00:00,54,Fraud
1005,INV_14,2020-01-04 13:59:00,2020-01-04 15:31:00,92,False Positive
1006,INV_19,2020-01-04 12:35:00,2020-01-04 15:27:00,172,False Positive
1007,INV_4,2020-01-04 12:58:00,2020-01-04 13:18:00,20,Fraud
1008,INV_2,2020-01-04 13:40:00,2020-01-04 14:12:00,32,False Positive
1009,INV_14,2020-01-04 12:39:00,2020-01-04 15:24:00,165,Fraud
1010,INV_11,2020-01-04 13:58:00,2020-01-04 14:10:00,12,Fraud
1011,INV_14,2020-01-04 12:57:00,2020-01-04 14:23:00,86,Fraud
1012,INV_22,2020-01-04 12:59:00,2020-01-04 14:35:00,96,Fraud
1013,INV_20,2020-01-04 12:05:00,2020-01-04 13:35:00,90,Fraud
1014,INV_7,2020-01-04 12:32:00,2020-01-04 14:04:00,92,False Positive
1015,INV_17,2020-01-04 13:10:00,2020-01-04 15:16:00,126,False Positive
1016,INV_22,2020-01-04 12:44:00,2020-01-04 14:02:00,78,Fraud
1017,INV_12,2020-01-04 12:41:00,2020-01-04 13:20:00,39,Fraud
1018,INV_1,2020-01-04 13:00:00,2020-01-04 13:10:00,10,Fraud
1019,INV_15,2020-01-04 12:42:00,2020-01-04 13:36:00,54,Fraud
1020,INV_18,2020-01-04 12:46:00,2020-01-04 14:29:00,103,Fraud
1021,INV_18,2020-01-04 13:29:00,2020-01-04 15:00:00,91,False Positive
1022,INV_2,2020-01-04 13:46:00,2020-01-04 14:11:00,25,False Positive
1023,INV_1,2020-01-04 14:29:00,2020-01-04 17:02:00,153,Fraud
1024,INV_19,2020-01-04 13:39:00,2020-01-04 15:37:00,118,Fraud
1025,INV_8,2020-01-04 13:29:00,2020-01-04 14:34:00,65,Fraud
1026,INV_23,2020-01-04 14:10:00,2020-01-04 16:57:00,167,Fraud
1027,INV_14,2020-01-04 13:11:00,2020-01-04 15:48:00,157,Fraud
1028,INV_14,2020-01-04 13:29:00,2020-01-04 14:43:00,74,Fraud
1029,INV_11,2020-01-04 14:39:00,2020-01-04 14:50:00,11,Fraud
1030,INV_11,2020-01-04 13:31:00,2020-01-04 15:11:00,100,Fraud
1031,INV_2,2020-01-04 13:57:00,2020-01-04 14:30:00,33,False Positive
1032,INV_23,2020-01-04 14:57:00,2020-01-04 16:52:00,115,Fraud
1033,INV_25,2020-01-04 14:51:00,2020-01-04 16:05:00,74,Fraud
1034,INV_5,2020-01-04 13:29:00,2020-01-04 16:08:00,159,False Positive
1035,INV_15,2020-01-04 14:27:00,2020-01-04 17:19:00,172,False Positive
1036,INV_20,2020-01-04 14:34:00,2020-01-04 15:14:00,40,Fraud
1037,INV_18,2020-01-04 14:54:00,2020-01-04 15:37:00,43,Fraud
1038,INV_15,2020-01-04 14:37:00,2020-01-04 15:54:00,77,Fraud
1039,INV_23,2020-01-04 15:03:00,2020-01-04 17:58:00,175,False Positive
1040,INV_15,2020-01-04 14:24:00,2020-01-04 16:53:00,149,False Positive
1041,INV_1,2020-01-04 14:10:00,2020-01-04 15:03:00,53,Fraud
1042,INV_22,2020-01-04 15:26:00,2020-01-04 18:17:00,171,Fraud
1043,INV_2,2020-01-04 15:54:00,2020-01-04 18:00:00,126,Fraud
1044,INV_19,2020-01-04 15:56:00,2020-01-04 17:10:00,74,False Positive
1045,INV_7,2020-01-04 14:57:00,2020-01-04 17:34:00,157,Fraud
1046,INV_10,2020-01-04 15:10:00,2020-01-04 17:55:00,165,Fraud
1047,INV_19,2020-01-04 14:26:00,2020-01-04 17:23:00,177,Fraud
1048,INV_7,2020-01-04 14:05:00,2020-01-04 16:55:00,170,Fraud
1049,INV_22,2020-01-04 14:38:00,2020-01-04 15:25:00,47,False Positive
1050,INV_16,2020-01-04 15:22:00,2020-01-04 17:15:00,113,False Positive
1051,INV_18,2020-01-04 14:54:00,2020-01-04 16:25:00,91,False Positive
1052,INV_19,2020-01-04 15:08:00,2020-01-04 15:52:00,44,Fraud
1053,INV_1,2020-01-04 16:57:00,2020-01-04 17:08:00,11,Fraud
1054,INV_18,2020-01-04 16:34:00,2020-01-04 17:35:00,61,False Positive
1055,INV_14,2020-01-04 16:17:00,2020-01-04 17:37:00,80,False Positive
1056,INV_4,2020-01-04 15:56:00,2020-01-04 16:15:00,19,False Positive
1057,INV_12,2020-01-04 16:16:00,2020-01-04 18:49:00,153,Fraud
1058,INV_8,2020-01-04 16:49:00,2020-01-04 17:41:00,52,Fraud
1059,INV_5,2020-01-04 16:07:00,2020-01-04 18:24:00,137,Fraud
1060,INV_21,2020-01-04 17:50:00,2020-01-04 19:44:00,114,Fraud
1061,INV_22,2020-01-04 16:37:00,2020-01-04 16:53:00,16,Fraud
1062,INV_24,2020-01-04 16:14:00,2020-01-04 18:54:00,160,Fraud
1063,INV_3,2020-01-04 16:32:00,2020-01-04 17:34:00,62,Fraud
1064,INV_9,2020-01-04 16:51:00,2020-01-04 18:48:00,117,False Positive
1065,INV_13,2020-01-04 17:14:00,2020-01-04 18:37:00,83,Fraud
1066,INV_6,2020-01-04 16:53:00,2020-01-04 19:45:00,172,False Positive
1067,INV_11,2020-01-04 18:05:00,2020-01-04 18:59:00,54,False Positive
1068,INV_17,2020-01-04 18:22:00,2020-01-04 20:27:00,125,False Positive
1069,INV_1,2020-01-04 18:24:00,2020-01-04 20:55:00,151,Fraud
1070,INV_18,2020-01-04 17:33:00,2020-01-04 17:51:00,18,Fraud
1071,INV_9,2020-01-04 18:44:00,2020-01-04 20:49:00,125,Fraud
1072,INV_3,2020-01-04 18:40:00,2020-01-04 21:01:00,141,Fraud
1073,INV_15,2020-01-04 18:51:00,2020-01-04 21:43:00,172,False Positive
1074,INV_17,2020-01-04 19:04:00,2020-01-04 21:38:00,154,False Positive
1075,INV_14,2020-01-04 19:57:00,2020-01-04 21:55:00,118,Fraud
1076,INV_24,2020-01-04 18:38:00,2020-01-04 19:00:00,22,Fraud
1077,INV_13,2020-01-04 19:24:00,2020-01-04 22:05:00,161,Fraud
1078,INV_19,2020-01-04 19:24:00,2020-01-04 20:23:00,59,False Positive
1079,INV_20,2020-01-04 18:10:00,2020-01-04 18:46:00,36,Fraud
1080,INV_5,2020-01-04 19:45:00,2020-01-04 22:28:00,163,False Positive
1081,INV_20,2020-01-04 19:06:00,2020-01-04 21:11:00,125,Fraud
1082,INV_11,2020-01-04 19:09:00,2020-01-04 20:56:00,107,False Positive
1083,INV_13,2020-01-04 19:10:00,2020-01-04 21:31:00,141,Fraud
1084,INV_17,2020-01-04 19:29:00,2020-01-04 21:48:00,139,Fraud
1085,INV_10,2020-01-04 19:55:00,2020-01-04 22:05:00,130,Fraud
1086,INV_1,2020-01-04 18:29:00,2020-01-04 20:43:00,134,Fraud
1087,INV_5,2020-01-04 19:38:00,2020-01-04 21:43:00,125,Fraud
1088,INV_10,2020-01-04 19:18:00,2020-01-04 21:23:00,125,False Positive
1089,INV_21,2020-01-04 20:00:00,2020-01-04 21:34:00,94,Fraud
1090,INV_2,2020-01-04 19:53:00,2020-01-04 21:48:00,115,Fraud
1091,INV_24,2020-01-04 20:50:00,2020-01-04 21:40:00,50,Fraud
1092,INV_22,2020-01-04 20:54:00,2020-01-04 23:16:00,142,False Positive
1093,INV_23,2020-01-04 19:16:00,2020-01-04 19:53:00,37,False Positive
1094,INV_18,2020-01-04 19:26:00,2020-01-04 22:16:00,170,Fraud
1095,INV_6,2020-01-04 20:16:00,2020-01-04 22:35:00,139,Fraud
1096,INV_11,2020-01-04 19:35:00,2020-01-04 21:05:00,90,False Positive
1097,INV_15,2020-01-04 21:34:00,2020-01-04 21:52:00,18,Fraud
1098,INV_17,2020-01-04 20:54:00,2020-01-04 22:57:00,123,Fraud
1099,INV_7,2020-01-04 20:13:00,2020-01-04 21:51:00,98,False Positive
1100,INV_19,2020-01-04 20:07:00,2020-01-04 22:29:00,142,Fraud
1101,INV_8,2020-01-04 20:57:00,2020-01-04 21:47:00,50,False Positive
1102,INV_12,2020-01-04 20:52:00,2020-01-04 22:32:00,100,False Positive
1103,INV_5,2020-01-04 21:27:00,2020-01-04 22:06:00,39,Fraud
1104,INV_8,2020-01-04 21:11:00,2020-01-04 22:37:00,86,Fraud
1105,INV_20,2020-01-04 21:39:00,2020-01-04 23:13:00,94,False Positive
1106,INV_6,2020-01-04 20:48:00,2020-01-04 22:22:00,94,False Positive
1107,INV_19,2020-01-04 22:08:00,2020-01-05 00:26:00,138,False Positive
1108,INV_9,2020-01-04 21:08:00,2020-01-04 21:41:00,33,False Positive
1109,INV_12,2020-01-04 22:48:00,2020-01-05 01:05:00,137,False Positive
1110,INV_18,2020-01-04 22:52:00,2020-01-05 00:28:00,96,Fraud
1111,INV_16,2020-01-04 22:43:00,2020-01-05 00:16:00,93,Fraud
1112,INV_23,2020-01-04 21:54:00,2020-01-04 22:35:00,41,False Positive
1113,INV_25,2020-01-04 21:50:00,2020-01-04 22:58:00,68,Fraud
1114,INV_9,2020-01-04 22:20:00,2020-01-04 22:57:00,37,Fraud
1115,INV_25,2020-01-04 21:58:00,2020-01-04 22:22:00,24,Fraud
1116,INV_11,2020-01-04 22:04:00,2020-01-04 23:15:00,71,False Positive
1117,INV_24,2020-01-04 22:34:00,2020-01-04 22:58:00,24,False Positive
1118,INV_22,2020-01-04 22:38:00,2020-01-04 23:21:00,43,Fraud
1119,INV_2,2020-01-04 22:49:00,2020-01-05 00:54:00,125,Fraud
1120,INV_2,2020-01-04 22:57:00,2020-01-05 00:33:00,96,Fraud
1121,INV_16,2020-01-04 21:39:00,2020-01-04 22:43:00,64,False Positive
1122,INV_16,2020-01-04 21:05:00,2020-01-04 23:47:00,162,Fraud
1123,INV_2,2020-01-04 23:14:00,2020-01-05 00:06:00,52,Fraud
1124,INV_19,2020-01-04 22:23:00,2020-01-04 23:56:00,93,Fraud
1125,INV_6,2020-01-04 22:38:00,2020-01-05 00:47:00,129,Fraud
1126,INV_7,2020-01-04 22:45:00,2020-01-05 01:04:00,139,Fraud
1127,INV_22,2020-01-04 22:54:00,2020-01-05 00:26:00,92,False Positive
1128,INV_8,2020-01-04 23:53:00,2020-01-05 00:25:00,32,Fraud
1129,INV_10,2020-01-04 23:08:00,2020-01-05 00:30:00,82,False Positive
1130,INV_5,2020-01-04 23:02:00,2020-01-05 01:07:00,125,False Positive
1131,INV_7,2020-01-04 23:56:00,2020-01-05 02:40:00,164,Fraud
1132,INV_17,2020-01-04 22:37:00,2020-01-05 00:00:00,83,Fraud
1133,INV_20,2020-01-04 22:32:00,2020-01-05 00:28:00,116,False Positive
1134,INV_25,2020-01-04 23:56:00,2020-01-05 01:03:00,67,Fraud
1135,INV_17,2020-01-04 23:38:00,2020-01-04 23:52:00,14,Fraud
1136,INV_21,2020-01-04 23:10:00,2020-01-05 01:48:00,158,Fraud
1137,INV_18,2020-01-05 00:11:00,2020-01-05 02:58:00,167,False Positive
1138,INV_24,2020-01-04 23:18:00,2020-01-05 01:56:00,158,Fraud
1139,INV_17,2020-01-05 00:51:00,2020-01-05 01:26:00,35,Fraud
1140,INV_9,2020-01-05 00:42:00,2020-01-05 01:54:00,72,Fraud
1141,INV_16,2020-01-04 23:29:00,2020-01-04 23:52:00,23,False Positive
1142,INV_4,2020-01-05 00:57:00,2020-01-05 03:30:00,153,False Positive
1143,INV_3,2020-01-05 00:32:00,2020-01-05 01:03:00,31,Fraud
1144,INV_2,2020-01-05 00:14:00,2020-01-05 00:31:00,17,Fraud
1145,INV_23,2020-01-05 00:25:00,2020-01-05 01:56:00,91,False Positive
1146,INV_10,2020-01-04 23:48:00,2020-01-05 01:34:00,106,Fraud
1147,INV_25,2020-01-05 00:08:00,2020-01-05 00:47:00,39,Fraud
1148,INV_18,2020-01-05 00:59:00,2020-01-05 01:55:00,56,Fraud
1149,INV_21,2020-01-05 01:56:00,2020-01-05 03:19:00,83,Fraud
1150,INV_2,2020-01-05 01:28:00,2020-01-05 02:49:00,81,False Positive
1151,INV_14,2020-01-05 01:45:00,2020-01-05 02:20:00,35,Fraud
1152,INV_7,2020-01-05 01:48:00,2020-01-05 04:19:00,151,Fraud
1153,INV_19,2020-01-05 02:14:00,2020-01-05 04:05:00,111,False Positive
1154,INV_18,2020-01-05 01:49:00,2020-01-05 03:26:00,97,False Positive
1155,INV_16,2020-01-05 01:07:00,2020-01-05 03:46:00,159,Fraud
1156,INV_5,2020-01-05 02:29:00,2020-01-05 02:42:00,13,Fraud
1157,INV_10,2020-01-05 02:05:00,2020-01-05 02:24:00,19,Fraud
1158,INV_7,2020-01-05 01:52:00,2020-01-05 02:46:00,54,False Positive
1159,INV_12,2020-01-05 02:25:00,2020-01-05 04:36:00,131,False Positive
1160,INV_13,2020-01-05 01:38:00,2020-01-05 02:41:00,63,Fraud
1161,INV_24,2020-01-05 01:52:00,2020-01-05 03:42:00,110,False Positive
1162,INV_23,2020-01-05 02:48:00,2020-01-05 04:24:00,96,Fraud
1163,INV_6,2020-01-05 03:27:00,2020-01-05 05:38:00,131,Fraud
1164,INV_2,2020-01-05 02:32:00,2020-01-05 05:05:00,153,False Positive
1165,INV_8,2020-01-05 02:58:00,2020-01-05 03:34:00,36,Fraud
1166,INV_1,2020-01-05 03:23:00,2020-01-05 03:36:00,13,False Positive
1167,INV_17,2020-01-05 02:13:00,2020-01-05 03:16:00,63,False Positive
1168,INV_19,2020-01-05 03:42:00,2020-01-05 05:20:00,98,Fraud
1169,INV_18,2020-01-05 02:56:00,2020-01-05 03:16:00,20,Fraud
1170,INV_5,2020-01-05 02:52:00,2020-01-05 04:36:00,104,False Positive
1171,INV_12,2020-01-05 03:23:00,2020-01-05 04:38:00,75,False Positive
1172,INV_15,2020-01-05 02:10:00,2020-01-05 03:52:00,102,Fraud
1173,INV_4,2020-01-05 03:34:00,2020-01-05 05:49:00,135,Fraud
1174,INV_16,2020-01-05 02:20:00,2020-01-05 04:22:00,122,False Positive
1175,INV_19,2020-01-05 02:53:00,2020-01-05 05:16:00,143,Fraud
1176,INV_7,2020-01-05 02:20:00,2020-01-05 03:10:00,50,False Positive
1177,INV_25,2020-01-05 04:31:00,2020-01-05 05:16:00,45,False Positive
1178,INV_17,2020-01-05 03:54:00,2020-01-05 06:16:00,142,Fraud
1179,INV_10,2020-01-05 04:58:00,2020-01-05 06:30:00,92,Fraud
1180,INV_20,2020-01-05 04:26:00,2020-01-05 07:12:00,166,False Positive
1181,INV_11,2020-01-05 03:13:00,2020-01-05 03:31:00,18,Fraud
1182,INV_1,2020-01-05 04:02:00,2020-01-05 05:03:00,61,False Positive
1183,INV_25,2020-01-05 04:52:00,2020-01-05 05:43:00,51,False Positive
1184,INV_8,2020-01-05 04:30:00,2020-01-05 05:47:00,77,Fraud
1185,INV_21,2020-01-05 05:37:00,2020-01-05 07:47:00,130,Fraud
1186,INV_5,2020-01-05 05:26:00,2020-01-05 07:01:00,95,False Positive
1187,INV_5,2020-01-05 04:31:00,2020-01-05 06:22:00,111,Fraud
1188,INV_5,2020-01-05 05:47:00,2020-01-05 07:05:00,78,False Positive
1189,INV_7,2020-01-05 05:17:00,2020-01-05 07:20:00,123,False Positive
1190,INV_24,2020-01-05 05:29:00,2020-01-05 08:02:00,153,Fraud
1191,INV_2,2020-01-05 05:54:00,2020-01-05 08:08:00,134,Fraud
1192,INV_22,2020-01-05 05:37:00,2020-01-05 07:12:00,95,Fraud
1193,INV_4,2020-01-05 06:44:00,2020-01-05 07:59:00,75,Fraud
1194,INV_15,2020-01-05 06:22:00,2020-01-05 07:50:00,88,False Positive
1195,INV_4,2020-01-05 06:43:00,2020-01-05 07:00:00,17,Fraud
1196,INV_12,2020-01-05 06:09:00,2020-01-05 06:31:00,22,False Positive
1197,INV_24,2020-01-05 05:44:00,2020-01-05 08:03:00,139,Fraud
1198,INV_25,2020-01-05 06:52:00,2020-01-05 08:13:00,81,Fraud
1199,INV_4,2020-01-05 05:36:00,2020-01-05 06:21:00,45,Fraud
1200,INV_1,2020-01-05 05:17:00,2020-01-05 06:13:00,56,Fraud
1201,INV_15,2020-01-05 06:21:00,2020-01-05 09:01:00,160,False Positive
1202,INV_22,2020-01-05 06:04:00,2020-01-05 07:06:00,62,False Positive
1203,INV_14,2020-01-05 06:24:00,2020-01-05 09:12:00,168,False Positive
1204,INV_11,2020-01-05 06:08:00,2020-01-05 08:59:00,171,False Positive
1205,INV_16,2020-01-05 06:07:00,2020-01-05 07:19:00,72,Fraud
1206,INV_4,2020-01-05 06:32:00,2020-01-05 06:47:00,15,Fraud
1207,INV_18,2020-01-05 07:37:00,2020-01-05 10:20:00,163,False Positive
1208,INV_15,2020-01-05 06:09:00,2020-01-05 06:57:00,48,False Positive
1209,INV_19,2020-01-05 06:05:00,2020-01-05 08:33:00,148,False Positive
1210,INV_20,2020-01-05 06:51:00,2020-01-05 08:14:00,83,False Positive
1211,INV_6,2020-01-05 06:42:00,2020-01-05 09:03:00,141,Fraud
1212,INV_1,2020-01-05 07:39:00,2020-01-05 08:49:00,70,Fraud
1213,INV_5,2020-01-05 06:14:00,2020-01-05 08:06:00,112,False Positive
1214,INV_1,2020-01-05 07:21:00,2020-01-05 09:11:00,110,Fraud
1215,INV_20,2020-01-05 08:24:00,2020-01-05 10:06:00,102,Fraud
1216,INV_5,2020-01-05 07:08:00,2020-01-05 08:33:00,85,Fraud
1217,INV_5,2020-01-05 07:46:00,2020-01-05 09:02:00,76,False Positive
1218,INV_11,2020-01-05 07:48:00,2020-01-05 08:10:00,22,Fraud
1219,INV_11,2020-01-05 07:24:00,2020-01-05 07:57:00,33,False Positive
1220,INV_24,2020-01-05 07:32:00,2020-01-05 08:55:00,83,Fraud
1221,INV_14,2020-01-05 07:50:00,2020-01-05 10:16:00,146,False Positive
1222,INV_10,2020-01-05 07:59:00,2020-01-05 08:52:00,53,Fraud
1223,INV_2,2020-01-05 09:36:00,2020-01-05 10:43:00,67,False Positive
1224,INV_5,2020-01-05 09:32:00,2020-01-05 09:52:00,20,False Positive
1225,INV_20,2020-01-05 09:54:00,2020-01-05 11:10:00,76,False Positive
1226,INV_23,2020-01-05 09:09:00,2020-01-05 09:19:00,10,False Positive
1227,INV_5,2020-01-05 08:09:00,2020-01-05 10:53:00,164,Fraud
1228,INV_12,2020-01-05 08:32:00,2020-01-05 09:19:00,47,Fraud
1229,INV_21,2020-01-05 09:22:00,2020-01-05 09:39:00,17,Fraud
1230,INV_19,2020-01-05 09:40:00,2020-01-05 12:19:00,159,False Positive
1231,INV_14,2020-01-05 09:09:00,2020-01-05 11:37:00,148,False Positive
1232,INV_18,2020-01-05 08:20:00,2020-01-05 10:11:00,111,False Positive
1233,INV_23,2020-01-05 09:02:00,2020-01-05 11:25:00,143,False Positive
1234,INV_5,2020-01-05 09:50:00,2020-01-05 11:39:00,109,Fraud
1235,INV_16,2020-01-05 09:03:00,2020-01-05 10:51:00,108,False Positive
1236,INV_11,2020-01-05 08:27:00,2020-01-05 10:34:00,127,False Positive
1237,INV_4,2020-01-05 10:30:00,2020-01-05 13:12:00,162,Fraud
1238,INV_25,2020-01-05 10:46:00,2020-01-05 13:15:00,149,Fraud
1239,INV_14,2020-01-05 09:41:00,2020-01-05 12:12:00,151,Fraud
1240,INV_16,2020-01-05 10:44:00,2020-01-05 13:20:00,156,Fraud
1241,INV_10,2020-01-05 09:07:00,2020-01-05 11:51:00,164,False Positive
1242,INV_9,2020-01-05 10:27:00,2020-01-05 11:12:00,45,Fraud
1243,INV_12,2020-01-05 09:41:00,2020-01-05 09:51:00,10,Fraud
1244,INV_3,2020-01-05 09:48:00,2020-01-05 10:09:00,21,Fraud
1245,INV_14,2020-01-05 09:24:00,2020-01-05 09:42:00,18,Fraud
1246,INV_24,2020-01-05 10:42:00,2020-01-05 11:24:00,42,False Positive
1247,INV_7,2020-01-05 09:55:00,2020-01-05 12:35:00,160,Fraud
1248,INV_15,2020-01-05 09:11:00,2020-01-05 09:27:00,16,Fraud
1249,INV_25,2020-01-05 10:26:00,2020-01-05 10:39:00,13,Fraud
1250,INV_20,2020-01-05 09:56:00,2020-01-05 12:51:00,175,Fraud
1251,INV_7,2020-01-05 10:39:00,2020-01-05 13:34:00,175,Fraud
1252,INV_9,2020-01-05 10:12:00,2020-01-05 10:27:00,15,False Positive
1253,INV_10,2020-01-05 10:55:00,2020-01-05 12:06:00,71,Fraud
1254,INV_22,2020-01-05 10:43:00,2020-01-05 11:01:00,18,Fraud
1255,INV_18,2020-01-05 10:35:00,2020-01-05 12:48:00,133,Fraud
1256,INV_25,2020-01-05 10:33:00,2020-01-05 11:34:00,61,False Positive
1257,INV_8,2020-01-05 11:55:00,2020-01-05 14:50:00,175,Fraud
1258,INV_3,2020-01-05 10:36:00,2020-01-05 12:28:00,112,False Positive
1259,INV_5,2020-01-05 10:21:00,2020-01-05 12:06:00,105,False Positive
1260,INV_11,2020-01-05 10:42:00,2020-01-05 11:23:00,41,Fraud
1261,INV_17,2020-01-05 11:49:00,2020-01-05 12:44:00,55,False Positive
1262,INV_2,2020-01-05 10:13:00,2020-01-05 12:59:00,166,False Positive
1263,INV_9,2020-01-05 10:38:00,2020-01-05 11:37:00,59,Fraud
1264,INV_4,2020-01-05 10:07:00,2020-01-05 11:13:00,66,Fraud
1265,INV_6,2020-01-05 10:14:00,2020-01-05 12:48:00,154,Fraud
1266,INV_25,2020-01-05 10:16:00,2020-01-05 12:58:00,162,False Positive
1267,INV_23,2020-01-05 10:32:00,2020-01-05 12:21:00,109,Fraud
1268,INV_3,2020-01-05 10:40:00,2020-01-05 12:08:00,88,Fraud
1269,INV_24,2020-01-05 11:23:00,2020-01-05 12:17:00,54,Fraud
1270,INV_2,2020-01-05 10:48:00,2020-01-05 13:07:00,139,Fraud
1271,INV_24,2020-01-05 11:52:00,2020-01-05 14:48:00,176,Fraud
1272,INV_17,2020-01-05 11:34:00,2020-01-05 12:10:00,36,False Positive
1273,INV_6,2020-01-05 11:53:00,2020-01-05 12:48:00,55,Fraud
1274,INV_23,2020-01-05 12:14:00,2020-01-05 15:05:00,171,False Positive
1275,INV_20,2020-01-05 11:27:00,2020-01-05 12:23:00,56,Fraud
1276,INV_17,2020-01-05 11:22:00,2020-01-05 12:35:00,73,False Positive
1277,INV_19,2020-01-05 11:22:00,2020-01-05 12:47:00,85,Fraud
1278,INV_9,2020-01-05 11:57:00,2020-01-05 14:35:00,158,Fraud
1279,INV_3,2020-01-05 11:55:00,2020-01-05 13:56:00,121,Fraud
1280,INV_22,2020-01-05 11:38:00,2020-01-05 12:59:00,81,False Positive
1281,INV_22,2020-01-05 12:32:00,2020-01-05 14:12:00,100,False Positive
1282,INV_21,2020-01-05 11:23:00,2020-01-05 12:03:00,40,Fraud
1283,INV_7,2020-01-05 13:29:00,2020-01-05 16:07:00,158,Fraud
1284,INV_22,2020-01-05 12:39:00,2020-01-05 13:04:00,25,False Positive
1285,INV_11,2020-01-05 13:25:00,2020-01-05 16:05:00,160,False Positive
1286,INV_20,2020-01-05 13:00:00,2020-01-05 14:30:00,90,False Positive
1287,INV_4,2020-01-05 13:29:00,2020-01-05 14:04:00,35,Fraud
1288,INV_22,2020-01-05 12:44:00,2020-01-05 15:09:00,145,Fraud
1289,INV_23,2020-01-05 13:55:00,2020-01-05 16:41:00,166,Fraud
1290,INV_21,2020-01-05 12:58:00,2020-01-05 15:41:00,163,Fraud
1291,INV_9,2020-01-05 14:06:00,2020-01-05 14:27:00,21,False Positive
1292,INV_16,2020-01-05 13:46:00,2020-01-05 14:34:00,48,False Positive
1293,INV_24,2020-01-05 14:39:00,2020-01-05 15:33:00,54,Fraud
1294,INV_11,2020-01-05 14:24:00,2020-01-05 16:26:00,122,False Positive
1295,INV_9,2020-01-05 13:52:00,2020-01-05 15:46:00,114,False Positive
1296,INV_9,2020-01-05 14:43:00,2020-01-05 15:36:00,53,False Positive
1297,INV_19,2020-01-05 13:32:00,2020-01-05 16:13:00,161,Fraud
1298,INV_14,2020-01-05 14:46:00,2020-01-05 16:27:00,101,Fraud
1299,INV_17,2020-01-05 14:39:00,2020-01-05 17:25:00,166,Fraud
1300,INV_14,2020-01-05 14:01:00,2020-01-05 16:41:00,160,False Positive
1301,INV_10,2020-01-05 13:17:00,2020-01-05 15:50:00,153,Fraud
1302,INV_5,2020-01-05 13:53:00,2020-01-05 15:02:00,69,False Positive
1303,INV_12,2020-01-05 15:22:00,2020-01-05 18:18:00,176,False Positive
1304,INV_21,2020-01-05 15:36:00,2020-01-05 18:13:00,157,False Positive
1305,INV_10,2020-01-05 15:02:00,2020-01-05 17:37:00,155,False Positive
1306,INV_7,2020-01-05 14:25:00,2020-01-05 15:55:00,90,Fraud
1307,INV_17,2020-01-05 15:30:00,2020-01-05 16:53:00,83,Fraud
1308,INV_17,2020-01-05 14:57:00,2020-01-05 16:46:00,109,False Positive
1309,INV_10,2020-01-05 14:48:00,2020-01-05 17:06:00,138,Fraud
1310,INV_7,2020-01-05 15:48:00,2020-01-05 17:42:00,114,Fraud
1311,INV_18,2020-01-05 15:22:00,2020-01-05 16:15:00,53,Fraud
1312,INV_8,2020-01-05 15:13:00,2020-01-05 15:26:00,13,False Positive
1313,INV_12,2020-01-05 15:15:00,2020-01-05 16:15:00,60,Fraud
1314,INV_17,2020-01-05 15:29:00,2020-01-05 18:22:00,173,Fraud
1315,INV_5,2020-01-05 16:13:00,2020-01-05 17:37:00,84,Fraud
1316,INV_20,2020-01-05 16:44:00,2020-01-05 17:40:00,56,False Positive
1317,INV_17,2020-01-05 15:49:00,2020-01-05 18:42:00,173,Fraud
1318,INV_16,2020-01-05 16:52:00,2020-01-05 17:10:00,18,False Positive
1319,INV_15,2020-01-05 15:33:00,2020-01-05 15:53:00,20,Fraud
1320,INV_11,2020-01-05 15:37:00,2020-01-05 16:03:00,26,Fraud
1321,INV_6,2020-01-05 15:47:00,2020-01-05 17:30:00,103,Fraud
1322,INV_22,2020-01-05 15:43:00,2020-01-05 18:11:00,148,Fraud
1323,INV_6,2020-01-05 17:48:00,2020-01-05 20:11:00,143,False Positive
1324,INV_2,2020-01-05 16:38:00,2020-01-05 17:14:00,36,False Positive
1325,INV_2,2020-01-05 18:16:00,2020-01-05 19:00:00,44,Fraud
1326,INV_1,2020-01-05 17:05:00,2020-01-05 19:00:00,115,Fraud
1327,INV_16,2020-01-05 17:37:00,2020-01-05 17:47:00,10,Fraud
1328,INV_6,2020-01-05 17:13:00,2020-01-05 19:32:00,139,Fraud
1329,INV_10,2020-01-05 17:17:00,2020-01-05 18:46:00,89,Fraud
1330,INV_18,2020-01-05 17:49:00,2020-01-05 19:22:00,93,False Positive
1331,INV_16,2020-01-05 19:59:00,2020-01-05 20:56:00,57,False Positive
1332,INV_15,2020-01-05 18:20:00,2020-01-05 19:05:00,45,Fraud
1333,INV_17,2020-01-05 19:52:00,2020-01-05 22:35:00,163,False Positive
1334,INV_24,2020-01-05 19:22:00,2020-01-05 20:44:00,82,Fraud
1335,INV_18,2020-01-05 20:59:00,2020-01-05 21:48:00,49,False Positive
1336,INV_13,2020-01-05 20:44:00,2020-01-05 23:35:00,171,Fraud
1337,INV_22,2020-01-05 19:44:00,2020-01-05 22:38:00,174,False Positive
1338,INV_18,2020-01-05 20:04:00,2020-01-05 20:24:00,20,Fraud
1339,INV_24,2020-01-05 19:33:00,2020-01-05 20:47:00,74,False Positive
1340,INV_1,2020-01-05 20:26:00,2020-01-05 20:41:00,15,Fraud
1341,INV_3,2020-01-05 20:54:00,2020-01-05 21:46:00,52,False Positive
1342,INV_11,2020-01-05 19:29:00,2020-01-05 22:03:00,154,Fraud
1343,INV_3,2020-01-05 19:11:00,2020-01-05 22:01:00,170,Fraud
1344,INV_13,2020-01-05 19:56:00,2020-01-05 21:39:00,103,Fraud
1345,INV_13,2020-01-05 20:11:00,2020-01-05 21:33:00,82,Fraud
1346,INV_2,2020-01-05 20:21:00,2020-01-05 20:46:00,25,Fraud
1347,INV_22,2020-01-05 20:18:00,2020-01-05 20:33:00,15,Fraud
1348,INV_19,2020-01-05 21:38:00,2020-01-05 22:11:00,33,False Positive
1349,INV_9,2020-01-05 20:08:00,2020-01-05 22:47:00,159,Fraud
1350,INV_16,2020-01-05 20:57:00,2020-01-05 23:13:00,136,Fraud
1351,INV_15,2020-01-05 21:51:00,2020-01-06 00:09:00,138,Fraud
1352,INV_20,2020-01-05 21:47:00,2020-01-05 22:11:00,24,Fraud
1353,INV_13,2020-01-05 21:25:00,2020-01-05 21:45:00,20,False Positive
1354,INV_14,2020-01-05 21:39:00,2020-01-05 22:27:00,48,Fraud
1355,INV_9,2020-01-05 20:38:00,2020-01-05 21:25:00,47,Fraud
1356,INV_24,2020-01-05 21:42:00,2020-01-05 23:24:00,102,Fraud
1357,INV_24,2020-01-05 20:55:00,2020-01-05 23:23:00,148,False Positive
1358,INV_3,2020-01-05 20:19:00,2020-01-05 21:15:00,56,Fraud
1359,INV_20,2020-01-05 21:30:00,2020-01-05 23:58:00,148,False Positive
1360,INV_24,2020-01-05 22:43:00,2020-01-05 23:11:00,28,Fraud
1361,INV_11,2020-01-05 21:52:00,2020-01-06 00:43:00,171,Fraud
1362,INV_17,2020-01-05 21:08:00,2020-01-05 23:33:00,145,False Positive
1363,INV_7,2020-01-05 21:08:00,2020-01-06 00:01:00,173,Fraud
1364,INV_6,2020-01-05 21:44:00,2020-01-06 00:29:00,165,False Positive
1365,INV_13,2020-01-05 21:38:00,2020-01-05 22:43:00,65,False Positive
1366,INV_10,2020-01-05 21:58:00,2020-01-06 00:32:00,154,Fraud
1367,INV_5,2020-01-05 21:07:00,2020-01-05 21:53:00,46,Fraud
1368,INV_5,2020-01-05 22:40:00,2020-01-06 00:45:00,125,False Positive
1369,INV_20,2020-01-05 21:20:00,2020-01-05 23:12:00,112,Fraud
1370,INV_23,2020-01-05 21:14:00,2020-01-05 23:12:00,118,Fraud
1371,INV_23,2020-01-05 23:57:00,2020-01-06 01:55:00,118,Fraud
1372,INV_18,2020-01-05 22:19:00,2020-01-05 23:03:00,44,False Positive
1373,INV_7,2020-01-05 22:40:00,2020-01-06 01:20:00,160,Fraud
1374,INV_3,2020-01-05 23:42:00,2020-01-06 00:34:00,52,Fraud
1375,INV_13,2020-01-05 22:26:00,2020-01-05 23:36:00,70,Fraud
1376,INV_12,2020-01-05 23:40:00,2020-01-06 00:03:00,23,Fraud
1377,INV_2,2020-01-05 23:50:00,2020-01-06 01:03:00,73,Fraud
1378,INV_4,2020-01-05 23:53:00,2020-01-06 02:17:00,144,False Positive
1379,INV_3,2020-01-05 22:10:00,2020-01-05 23:45:00,95,False Positive
1380,INV_1,2020-01-05 23:33:00,2020-01-06 02:15:00,162,False Positive
1381,INV_7,2020-01-05 22:31:00,2020-01-05 23:17:00,46,Fraud
1382,INV_20,2020-01-05 23:59:00,2020-01-06 02:44:00,165,False Positive
1383,INV_9,2020-01-06 00:18:00,2020-01-06 02:49:00,151,Fraud
1384,INV_2,2020-01-06 00:34:00,2020-01-06 02:47:00,133,False Positive
1385,INV_24,2020-01-05 23:43:00,2020-01-06 02:00:00,137,Fraud
1386,INV_15,2020-01-06 00:51:00,2020-01-06 03:07:00,136,False Positive
1387,INV_5,2020-01-06 00:34:00,2020-01-06 01:40:00,66,Fraud
1388,INV_25,2020-01-05 23:26:00,2020-01-06 01:48:00,142,False Positive
1389,INV_21,2020-01-05 23:58:00,2020-01-06 00:42:00,44,False Positive
1390,INV_18,2020-01-06 00:06:00,2020-01-06 00:31:00,25,Fraud
1391,INV_9,2020-01-05 23:13:00,2020-01-05 23:30:00,17,False Positive
1392,INV_10,2020-01-05 23:40:00,2020-01-06 00:05:00,25,Fraud
1393,INV_24,2020-01-06 01:29:00,2020-01-06 03:59:00,150,Fraud
1394,INV_20,2020-01-06 01:14:00,2020-01-06 04:05:00,171,Fraud
1395,INV_1,2020-01-06 00:25:00,2020-01-06 01:06:00,41,False Positive
1396,INV_24,2020-01-06 00:33:00,2020-01-06 01:39:00,66,False Positive
1397,INV_25,2020-01-06 00:50:00,2020-01-06 02:32:00,102,Fraud
1398,INV_11,2020-01-06 01:17:00,2020-01-06 02:31:00,74,Fraud
1399,INV_16,2020-01-06 01:05:00,2020-01-06 02:17:00,72,Fraud
1400,INV_24,2020-01-06 01:02:00,2020-01-06 03:04:00,122,False Positive
1401,INV_21,2020-01-06 01:54:00,2020-01-06 02:50:00,56,False Positive
1402,INV_12,2020-01-06 00:39:00,2020-01-06 02:22:00,103,False Positive
1403,INV_9,2020-01-06 00:39:00,2020-01-06 02:58:00,139,Fraud
1404,INV_19,2020-01-06 01:48:00,2020-01-06 03:21:00,93,False Positive
1405,INV_21,2020-01-06 01:53:00,2020-01-06 04:29:00,156,False Positive
1406,INV_4,2020-01-06 02:40:00,2020-01-06 04:31:00,111,False Positive
1407,INV_13,2020-01-06 01:47:00,2020-01-06 02:00:00,13,Fraud
1408,INV_5,2020-01-06 01:53:00,2020-01-06 03:07:00,74,False Positive
1409,INV_16,2020-01-06 01:23:00,2020-01-06 02:10:00,47,Fraud
1410,INV_20,2020-01-06 01:37:00,2020-01-06 01:54:00,17,False Positive
1411,INV_24,2020-01-06 02:27:00,2020-01-06 02:42:00,15,False Positive
1412,INV_18,2020-01-06 02:08:00,2020-01-06 02:51:00,43,False Positive
1413,INV_13,2020-01-06 02:12:00,2020-01-06 03:28:00,76,False Positive
1414,INV_23,2020-01-06 02:48:00,2020-01-06 03:04:00,16,Fraud
1415,INV_3,2020-01-06 02:56:00,2020-01-06 03:21:00,25,Fraud
1416,INV_18,2020-01-06 02:51:00,2020-01-06 05:41:00,170,False Positive
1417,INV_11,2020-01-06 02:51:00,2020-01-06 03:50:00,59,False Positive
1418,INV_7,2020-01-06 01:30:00,2020-01-06 02:42:00,72,Fraud
1419,INV_15,2020-01-06 03:06:00,2020-01-06 04:33:00,87,False Positive
1420,INV_3,2020-01-06 03:12:00,2020-01-06 05:35:00,143,False Positive
1421,INV_25,2020-01-06 03:06:00,2020-01-06 04:52:00,106,Fraud
1422,INV_21,2020-01-06 03:26:00,2020-01-06 06:18:00,172,Fraud
1423,INV_15,2020-01-06 03:12:00,2020-01-06 04:22:00,70,Fraud
1424,INV_4,2020-01-06 03:09:00,2020-01-06 05:46:00,157,Fraud
1425,INV_17,2020-01-06 02:57:00,2020-01-06 03:40:00,43,Fraud
1426,INV_15,2020-01-06 02:49:00,2020-01-06 05:35:00,166,False Positive
1427,INV_11,2020-01-06 02:06:00,2020-01-06 02:21:00,15,Fraud
1428,INV_15,2020-01-06 03:58:00,2020-01-06 04:39:00,41,Fraud
1429,INV_21,2020-01-06 03:45:00,2020-01-06 04:47:00,62,Fraud
1430,INV_25,2020-01-06 02:26:00,2020-01-06 02:36:00,10,Fraud
1431,INV_7,2020-01-06 03:09:00,2020-01-06 05:07:00,118,Fraud
1432,INV_20,2020-01-06 02:20:00,2020-01-06 03:41:00,81,Fraud
1433,INV_5,2020-01-06 04:02:00,2020-01-06 04:27:00,25,False Positive
1434,INV_21,2020-01-06 04:42:00,2020-01-06 05:13:00,31,Fraud
1435,INV_20,2020-01-06 04:34:00,2020-01-06 05:44:00,70,Fraud
1436,INV_17,2020-01-06 03:21:00,2020-01-06 04:48:00,87,False Positive
1437,INV_3,2020-01-06 04:14:00,2020-01-06 06:53:00,159,Fraud
1438,INV_11,2020-01-06 03:49:00,2020-01-06 05:08:00,79,Fraud
1439,INV_20,2020-01-06 05:44:00,2020-01-06 06:07:00,23,Fraud
1440,INV_1,2020-01-06 04:46:00,2020-01-06 05:12:00,26,False Positive
1441,INV_17,2020-01-06 04:22:00,2020-01-06 05:15:00,53,False Positive
1442,INV_4,2020-01-06 05:05:00,2020-01-06 07:35:00,150,Fraud
1443,INV_22,2020-01-06 06:52:00,2020-01-06 08:57:00,125,Fraud
1444,INV_6,2020-01-06 05:56:00,2020-01-06 08:16:00,140,Fraud
1445,INV_16,2020-01-06 06:52:00,2020-01-06 09:33:00,161,Fraud
1446,INV_11,2020-01-06 05:24:00,2020-01-06 07:07:00,103,Fraud
1447,INV_11,2020-01-06 06:27:00,2020-01-06 08:31:00,124,Fraud
1448,INV_11,2020-01-06 06:42:00,2020-01-06 09:09:00,147,Fraud
1449,INV_17,2020-01-06 06:56:00,2020-01-06 07:47:00,51,False Positive
1450,INV_1,2020-01-06 05:23:00,2020-01-06 07:03:00,100,Fraud
1451,INV_25,2020-01-06 05:22:00,2020-01-06 05:52:00,30,False Positive
1452,INV_6,2020-01-06 05:40:00,2020-01-06 06:50:00,70,False Positive
1453,INV_22,2020-01-06 07:53:00,2020-01-06 08:28:00,35,Fraud
1454,INV_22,2020-01-06 07:35:00,2020-01-06 08:15:00,40,False Positive
1455,INV_6,2020-01-06 07:32:00,2020-01-06 10:12:00,160,Fraud
1456,INV_11,2020-01-06 07:18:00,2020-01-06 07:51:00,33,False Positive
1457,INV_17,2020-01-06 07:26:00,2020-01-06 10:20:00,174,False Positive
1458,INV_15,2020-01-06 06:19:00,2020-01-06 06:53:00,34,Fraud
1459,INV_4,2020-01-06 07:25:00,2020-01-06 09:44:00,139,Fraud
1460,INV_12,2020-01-06 08:01:00,2020-01-06 10:20:00,139,Fraud
1461,INV_21,2020-01-06 07:38:00,2020-01-06 09:14:00,96,Fraud
1462,INV_8,2020-01-06 07:20:00,2020-01-06 09:40:00,140,False Positive
1463,INV_2,2020-01-06 08:00:00,2020-01-06 10:20:00,140,Fraud
1464,INV_11,2020-01-06 08:50:00,2020-01-06 09:07:00,17,Fraud
1465,INV_3,2020-01-06 07:44:00,2020-01-06 09:12:00,88,Fraud
1466,INV_3,2020-01-06 08:48:00,2020-01-06 09:10:00,22,Fraud
1467,INV_3,2020-01-06 08:45:00,2020-01-06 09:51:00,66,False Positive
1468,INV_22,2020-01-06 08:09:00,2020-01-06 09:12:00,63,False Positive
1469,INV_6,2020-01-06 07:54:00,2020-01-06 08:21:00,27,False Positive
1470,INV_24,2020-01-06 08:27:00,2020-01-06 11:16:00,169,Fraud
1471,INV_9,2020-01-06 07:22:00,2020-01-06 07:39:00,17,False Positive
1472,INV_12,2020-01-06 07:15:00,2020-01-06 08:34:00,79,Fraud
1473,INV_21,2020-01-06 09:43:00,2020-01-06 10:07:00,24,False Positive
1474,INV_11,2020-01-06 08:12:00,2020-01-06 10:05:00,113,Fraud
1475,INV_13,2020-01-06 08:12:00,2020-01-06 09:39:00,87,False Positive
1476,INV_11,2020-01-06 08:34:00,2020-01-06 10:17:00,103,False Positive
1477,INV_23,2020-01-06 08:50:00,2020-01-06 09:44:00,54,Fraud
1478,INV_4,2020-01-06 08:40:00,2020-01-06 11:20:00,160,False Positive
1479,INV_8,2020-01-06 08:53:00,2020-01-06 11:43:00,170,Fraud
1480,INV_19,2020-01-06 08:18:00,2020-01-06 09:50:00,92,Fraud
1481,INV_4,2020-01-06 10:38:00,2020-01-06 11:55:00,77,Fraud
1482,INV_18,2020-01-06 10:16:00,2020-01-06 11:18:00,62,Fraud
1483,INV_2,2020-01-06 10:39:00,2020-01-06 12:01:00,82,Fraud
1484,INV_12,2020-01-06 09:32:00,2020-01-06 09:47:00,15,Fraud
1485,INV_1,2020-01-06 10:11:00,2020-01-06 12:04:00,113,False Positive
1486,INV_21,2020-01-06 09:59:00,2020-01-06 11:19:00,80,False Positive
1487,INV_6,2020-01-06 11:14:00,2020-01-06 13:13:00,119,False Positive
1488,INV_9,2020-01-06 11:23:00,2020-01-06 12:16:00,53,Fraud
1489,INV_23,2020-01-06 11:22:00,2020-01-06 13:54:00,152,Fraud
1490,INV_22,2020-01-06 11:40:00,2020-01-06 11:58:00,18,False Positive
1491,INV_21,2020-01-06 10:10:00,2020-01-06 10:50:00,40,Fraud
1492,INV_9,2020-01-06 11:41:00,2020-01-06 13:14:00,93,Fraud
1493,INV_10,2020-01-06 11:47:00,2020-01-06 12:28:00,41,False Positive
1494,INV_4,2020-01-06 11:14:00,2020-01-06 12:52:00,98,False Positive
1495,INV_15,2020-01-06 12:46:00,2020-01-06 13:49:00,63,False Positive
1496,INV_19,2020-01-06 11:12:00,2020-01-06 14:10:00,178,Fraud
1497,INV_16,2020-01-06 12:22:00,2020-01-06 13:15:00,53,Fraud
1498,INV_18,2020-01-06 12:36:00,2020-01-06 14:10:00,94,Fraud
1499,INV_8,2020-01-06 12:58:00,2020-01-06 15:55:00,177,False Positive
1500,INV_13,2020-01-06 11:34:00,2020-01-06 14:19:00,165,False Positive
1501,INV_3,2020-01-06 11:59:00,2020-01-06 13:56:00,117,Fraud
1502,INV_4,2020-01-06 11:56:00,2020-01-06 14:35:00,159,Fraud
1503,INV_5,2020-01-06 12:18:00,2020-01-06 12:52:00,34,Fraud
1504,INV_5,2020-01-06 12:55:00,2020-01-06 15:41:00,166,Fraud
1505,INV_21,2020-01-06 11:43:00,2020-01-06 13:44:00,121,Fraud
1506,INV_1,2020-01-06 11:46:00,2020-01-06 11:59:00,13,False Positive
1507,INV_1,2020-01-06 12:05:00,2020-01-06 12:40:00,35,Fraud
1508,INV_7,2020-01-06 11:19:00,2020-01-06 13:57:00,158,False Positive
1509,INV_4,2020-01-06 12:33:00,2020-01-06 14:30:00,117,Fraud
1510,INV_7,2020-01-06 12:26:00,2020-01-06 13:14:00,48,Fraud
1511,INV_1,2020-01-06 13:11:00,2020-01-06 13:50:00,39,Fraud
1512,INV_22,2020-01-06 13:50:00,2020-01-06 14:54:00,64,Fraud
1513,INV_5,2020-01-06 12:12:00,2020-01-06 12:49:00,37,Fraud
1514,INV_2,2020-01-06 13:56:00,2020-01-06 14:30:00,34,False Positive
1515,INV_12,2020-01-06 13:14:00,2020-01-06 14:04:00,50,Fraud
1516,INV_4,2020-01-06 13:25:00,2020-01-06 14:07:00,42,False Positive
1517,INV_9,2020-01-06 13:15:00,2020-01-06 13:50:00,35,False Positive
1518,INV_1,2020-01-06 13:05:00,2020-01-06 13:38:00,33,Fraud
1519,INV_23,2020-01-06 14:30:00,2020-01-06 15:38:00,68,Fraud
1520,INV_17,2020-01-06 14:42:00,2020-01-06 17:01:00,139,False Positive
1521,INV_11,2020-01-06 14:56:00,2020-01-06 17:44:00,168,False Positive
1522,INV_24,2020-01-06 14:36:00,2020-01-06 16:25:00,109,Fraud
1523,INV_15,2020-01-06 13:25:00,2020-01-06 14:00:00,35,Fraud
1524,INV_2,2020-01-06 14:01:00,2020-01-06 14:50:00,49,Fraud
1525,INV_1,2020-01-06 14:03:00,2020-01-06 15:14:00,71,False Positive
1526,INV_10,2020-01-06 14:05:00,2020-01-06 15:18:00,73,False Positive
1527,INV_4,2020-01-06 14:41:00,2020-01-06 17:36:00,175,Fraud
1528,INV_10,2020-01-06 14:48:00,2020-01-06 16:06:00,78,False Positive
1529,INV_14,2020-01-06 15:52:00,2020-01-06 18:37:00,165,Fraud
1530,INV_15,2020-01-06 15:57:00,2020-01-06 16:44:00,47,False Positive
1531,INV_1,2020-01-06 14:59:00,2020-01-06 16:50:00,111,Fraud
1532,INV_16,2020-01-06 14:32:00,2020-01-06 15:37:00,65,Fraud
1533,INV_18,2020-01-06 15:03:00,2020-01-06 15:27:00,24,Fraud
1534,INV_6,2020-01-06 14:35:00,2020-01-06 14:50:00,15,Fraud
1535,INV_15,2020-01-06 14:32:00,2020-01-06 17:25:00,173,Fraud
1536,INV_8,2020-01-06 14:08:00,2020-01-06 16:14:00,126,Fraud
1537,INV_18,2020-01-06 14:40:00,2020-01-06 17:14:00,154,False Positive
1538,INV_5,2020-01-06 15:24:00,2020-01-06 16:51:00,87,Fraud
1539,INV_9,2020-01-06 16:57:00,2020-01-06 18:15:00,78,Fraud
1540,INV_9,2020-01-06 16:21:00,2020-01-06 17:22:00,61,Fraud
1541,INV_6,2020-01-06 15:42:00,2020-01-06 16:15:00,33,Fraud
1542,INV_21,2020-01-06 15:15:00,2020-01-06 16:12:00,57,Fraud
1543,INV_18,2020-01-06 16:37:00,2020-01-06 17:53:00,76,False Positive
1544,INV_11,2020-01-06 16:46:00,2020-01-06 19:11:00,145,False Positive
1545,INV_18,2020-01-06 16:36:00,2020-01-06 18:05:00,89,Fraud
1546,INV_18,2020-01-06 15:39:00,2020-01-06 17:28:00,109,Fraud
1547,INV_22,2020-01-06 17:02:00,2020-01-06 17:35:00,33,Fraud
1548,INV_17,2020-01-06 17:02:00,2020-01-06 20:01:00,179,Fraud
1549,INV_5,2020-01-06 16:11:00,2020-01-06 16:50:00,39,False Positive
1550,INV_16,2020-01-06 17:55:00,2020-01-06 18:19:00,24,Fraud
1551,INV_13,2020-01-06 16:56:00,2020-01-06 19:10:00,134,False Positive
1552,INV_17,2020-01-06 17:01:00,2020-01-06 18:20:00,79,Fraud
1553,INV_12,2020-01-06 16:27:00,2020-01-06 17:28:00,61,False Positive
1554,INV_13,2020-01-06 16:59:00,2020-01-06 17:54:00,55,False Positive
1555,INV_15,2020-01-06 17:34:00,2020-01-06 18:01:00,27,False Positive
1556,INV_13,2020-01-06 17:30:00,2020-01-06 19:39:00,129,False Positive
1557,INV_19,2020-01-06 18:24:00,2020-01-06 19:27:00,63,False Positive
1558,INV_6,2020-01-06 18:32:00,2020-01-06 20:05:00,93,Fraud
1559,INV_19,2020-01-06 18:18:00,2020-01-06 20:53:00,155,Fraud
1560,INV_25,2020-01-06 17:06:00,2020-01-06 17:23:00,17,Fraud
1561,INV_3,2020-01-06 18:48:00,2020-01-06 20:27:00,99,False Positive
1562,INV_14,2020-01-06 17:57:00,2020-01-06 18:38:00,41,False Positive
1563,INV_7,2020-01-06 18:02:00,2020-01-06 20:01:00,119,False Positive
1564,INV_22,2020-01-06 18:52:00,2020-01-06 21:50:00,178,Fraud
1565,INV_23,2020-01-06 18:15:00,2020-01-06 18:45:00,30,False Positive
1566,INV_24,2020-01-06 17:36:00,2020-01-06 18:22:00,46,False Positive
1567,INV_4,2020-01-06 18:20:00,2020-01-06 19:51:00,91,False Positive
1568,INV_14,2020-01-06 17:05:00,2020-01-06 18:32:00,87,False Positive
1569,INV_9,2020-01-06 19:14:00,2020-01-06 21:38:00,144,False Positive
1570,INV_3,2020-01-06 18:53:00,2020-01-06 20:46:00,113,False Positive
1571,INV_19,2020-01-06 18:10:00,2020-01-06 20:13:00,123,False Positive
1572,INV_15,2020-01-06 19:13:00,2020-01-06 21:30:00,137,Fraud
1573,INV_22,2020-01-06 19:53:00,2020-01-06 22:35:00,162,Fraud
1574,INV_9,2020-01-06 20:24:00,2020-01-06 20:41:00,17,False Positive
1575,INV_21,2020-01-06 20:08:00,2020-01-06 21:30:00,82,False Positive
1576,INV_21,2020-01-06 19:08:00,2020-01-06 21:13:00,125,Fraud
1577,INV_20,2020-01-06 20:06:00,2020-01-06 21:59:00,113,False Positive
1578,INV_17,2020-01-06 21:42:00,2020-01-06 23:09:00,87,False Positive
1579,INV_9,2020-01-06 20:49:00,2020-01-06 21:48:00,59,Fraud
1580,INV_11,2020-01-06 20:12:00,2020-01-06 23:07:00,175,Fraud
1581,INV_14,2020-01-06 21:44:00,2020-01-06 23:45:00,121,Fraud
1582,INV_20,2020-01-06 20:30:00,2020-01-06 22:19:00,109,Fraud
1583,INV_21,2020-01-06 20:29:00,2020-01-06 20:50:00,21,False Positive
1584,INV_17,2020-01-06 21:26:00,2020-01-07 00:25:00,179,Fraud
1585,INV_3,2020-01-06 21:09:00,2020-01-06 21:23:00,14,Fraud
1586,INV_14,2020-01-06 21:46:00,2020-01-07 00:38:00,172,Fraud
1587,INV_22,2020-01-06 20:07:00,2020-01-06 21:58:00,111,False Positive
1588,INV_10,2020-01-06 20:08:00,2020-01-06 22:00:00,112,Fraud
1589,INV_11,2020-01-06 20:15:00,2020-01-06 23:07:00,172,Fraud
1590,INV_14,2020-01-06 21:25:00,2020-01-06 21:51:00,26,Fraud
1591,INV_20,2020-01-06 22:53:00,2020-01-06 23:41:00,48,Fraud
1592,INV_8,2020-01-06 22:17:00,2020-01-06 23:43:00,86,Fraud
1593,INV_3,2020-01-06 22:28:00,2020-01-06 22:58:00,30,False Positive
1594,INV_23,2020-01-06 22:20:00,2020-01-06 22:47:00,27,False Positive
1595,INV_20,2020-01-06 22:40:00,2020-01-07 00:51:00,131,False Positive
1596,INV_21,2020-01-06 22:51:00,2020-01-07 01:01:00,130,False Positive
1597,INV_22,2020-01-06 22:01:00,2020-01-07 00:55:00,174,Fraud
1598,INV_23,2020-01-06 22:06:00,2020-01-06 23:13:00,67,Fraud
1599,INV_1,2020-01-06 22:28:00,2020-01-07 00:05:00,97,Fraud
1600,INV_21,2020-01-06 23:58:00,2020-01-07 01:59:00,121,False Positive
1601,INV_19,2020-01-06 23:31:00,2020-01-07 00:56:00,85,Fraud
1602,INV_13,2020-01-06 23:39:00,2020-01-07 01:19:00,100,Fraud
1603,INV_11,2020-01-06 23:32:00,2020-01-07 01:37:00,125,False Positive
1604,INV_17,2020-01-06 23:42:00,2020-01-07 01:58:00,136,Fraud
1605,INV_18,2020-01-06 22:10:00,2020-01-06 22:52:00,42,Fraud
1606,INV_2,2020-01-06 23:28:00,2020-01-06 23:43:00,15,False Positive
1607,INV_16,2020-01-07 00:11:00,2020-01-07 02:58:00,167,False Positive
1608,INV_15,2020-01-07 00:47:00,2020-01-07 01:47:00,60,False Positive
1609,INV_2,2020-01-06 23:44:00,2020-01-07 01:37:00,113,Fraud
1610,INV_19,2020-01-07 00:58:00,2020-01-07 02:45:00,107,Fraud
1611,INV_25,2020-01-07 00:47:00,2020-01-07 03:29:00,162,Fraud
1612,INV_1,2020-01-06 23:21:00,2020-01-07 02:15:00,174,False Positive
1613,INV_22,2020-01-07 00:28:00,2020-01-07 01:52:00,84,False Positive
1614,INV_19,2020-01-06 23:07:00,2020-01-07 01:08:00,121,False Positive
1615,INV_5,2020-01-07 00:10:00,2020-01-07 00:55:00,45,False Positive
1616,INV_13,2020-01-07 00:43:00,2020-01-07 00:57:00,14,Fraud
1617,INV_9,2020-01-07 00:25:00,2020-01-07 01:16:00,51,False Positive
1618,INV_18,2020-01-06 23:47:00,2020-01-07 01:09:00,82,Fraud
1619,INV_25,2020-01-07 00:48:00,2020-01-07 01:42:00,54,Fraud
1620,INV_20,2020-01-06 23:27:00,2020-01-07 01:39:00,132,Fraud
1621,INV_15,2020-01-06 23:09:00,2020-01-07 01:36:00,147,Fraud
1622,INV_19,2020-01-07 00:17:00,2020-01-07 00:33:00,16,Fraud
1623,INV_10,2020-01-07 01:48:00,2020-01-07 04:31:00,163,Fraud
1624,INV_7,2020-01-07 01:27:00,2020-01-07 02:35:00,68,False Positive
1625,INV_20,2020-01-07 01:16:00,2020-01-07 03:26:00,130,Fraud
1626,INV_20,2020-01-07 01:02:00,2020-01-07 02:15:00,73,False Positive
1627,INV_3,2020-01-07 00:15:00,2020-01-07 00:26:00,11,False Positive
1628,INV_24,2020-01-07 00:39:00,2020-01-07 03:29:00,170,Fraud
1629,INV_23,2020-01-07 00:40:00,2020-01-07 00:56:00,16,Fraud
1630,INV_16,2020-01-07 00:55:00,2020-01-07 02:17:00,82,False Positive
1631,INV_23,2020-01-07 01:06:00,2020-01-07 03:51:00,165,Fraud
1632,INV_15,2020-01-07 01:44:00,2020-01-07 02:41:00,57,False Positive
1633,INV_15,2020-01-07 01:30:00,2020-01-07 01:52:00,22,Fraud
1634,INV_8,2020-01-07 02:14:00,2020-01-07 04:38:00,144,Fraud
1635,INV_11,2020-01-07 02:22:00,2020-01-07 04:56:00,154,False Positive
1636,INV_7,2020-01-07 02:53:00,2020-01-07 04:48:00,115,Fraud
1637,INV_13,2020-01-07 02:15:00,2020-01-07 03:32:00,77,False Positive
1638,INV_22,2020-01-07 02:27:00,2020-01-07 04:26:00,119,False Positive
1639,INV_2,2020-01-07 02:35:00,2020-01-07 05:05:00,150,Fraud
1640,INV_19,2020-01-07 02:29:00,2020-01-07 03:35:00,66,Fraud
1641,INV_1,2020-01-07 02:00:00,2020-01-07 03:25:00,85,Fraud
1642,INV_8,2020-01-07 02:49:00,2020-01-07 05:23:00,154,False Positive
1643,INV_3,2020-01-07 01:08:00,2020-01-07 02:30:00,82,False Positive
1644,INV_14,2020-01-07 01:47:00,2020-01-07 02:52:00,65,Fraud
1645,INV_21,2020-01-07 02:36:00,2020-01-07 03:24:00,48,Fraud
1646,INV_7,2020-01-07 01:06:00,2020-01-07 01:31:00,25,Fraud
1647,INV_10,2020-01-07 02:36:00,2020-01-07 05:31:00,175,Fraud
1648,INV_11,2020-01-07 03:34:00,2020-01-07 06:15:00,161,Fraud
1649,INV_23,2020-01-07 03:36:00,2020-01-07 05:45:00,129,False Positive
1650,INV_7,2020-01-07 03:11:00,2020-01-07 03:50:00,39,Fraud
1651,INV_2,2020-01-07 02:25:00,2020-01-07 04:02:00,97,Fraud
1652,INV_20,2020-01-07 02:46:00,2020-01-07 03:49:00,63,Fraud
1653,INV_25,2020-01-07 03:09:00,2020-01-07 04:45:00,96,Fraud
1654,INV_2,2020-01-07 03:13:00,2020-01-07 03:53:00,40,False Positive
1655,INV_21,2020-01-07 02:27:00,2020-01-07 02:54:00,27,Fraud
1656,INV_3,2020-01-07 03:46:00,2020-01-07 06:21:00,155,Fraud
1657,INV_9,2020-01-07 03:48:00,2020-01-07 04:58:00,70,False Positive
1658,INV_3,2020-01-07 03:31:00,2020-01-07 04:38:00,67,False Positive
1659,INV_2,2020-01-07 04:30:00,2020-01-07 05:16:00,46,Fraud
1660,INV_10,2020-01-07 03:54:00,2020-01-07 05:42:00,108,False Positive
1661,INV_2,2020-01-07 04:20:00,2020-01-07 06:36:00,136,False Positive
1662,INV_3,2020-01-07 03:49:00,2020-01-07 04:02:00,13,Fraud
1663,INV_15,2020-01-07 04:56:00,2020-01-07 05:38:00,42,Fraud
1664,INV_19,2020-01-07 04:07:00,2020-01-07 06:56:00,169,False Positive
1665,INV_13,2020-01-07 05:48:00,2020-01-07 08:15:00,147,Fraud
1666,INV_7,2020-01-07 05:51:00,2020-01-07 08:18:00,147,Fraud
1667,INV_10,2020-01-07 05:40:00,2020-01-07 06:27:00,47,False Positive
1668,INV_6,2020-01-07 05:20:00,2020-01-07 05:42:00,22,False Positive
1669,INV_19,2020-01-07 04:54:00,2020-01-07 06:59:00,125,False Positive
1670,INV_5,2020-01-07 04:24:00,2020-01-07 05:21:00,57,False Positive
1671,INV_8,2020-01-07 05:15:00,2020-01-07 05:49:00,34,False Positive
1672,INV_15,2020-01-07 05:24:00,2020-01-07 08:07:00,163,Fraud
1673,INV_8,2020-01-07 05:47:00,2020-01-07 06:56:00,69,False Positive
1674,INV_23,2020-01-07 04:34:00,2020-01-07 06:05:00,91,Fraud
1675,INV_20,2020-01-07 05:54:00,2020-01-07 06:25:00,31,Fraud
1676,INV_11,2020-01-07 05:34:00,2020-01-07 06:22:00,48,Fraud
1677,INV_8,2020-01-07 05:51:00,2020-01-07 06:40:00,49,False Positive
1678,INV_10,2020-01-07 06:04:00,2020-01-07 08:45:00,161,Fraud
1679,INV_18,2020-01-07 06:26:00,2020-01-07 08:41:00,135,Fraud
1680,INV_16,2020-01-07 06:41:00,2020-01-07 08:53:00,132,False Positive
1681,INV_23,2020-01-07 06:07:00,2020-01-07 08:14:00,127,Fraud
1682,INV_11,2020-01-07 06:39:00,2020-01-07 07:46:00,67,False Positive
1683,INV_22,2020-01-07 06:00:00,2020-01-07 06:16:00,16,Fraud
1684,INV_3,2020-01-07 06:41:00,2020-01-07 07:43:00,62,Fraud
1685,INV_8,2020-01-07 05:27:00,2020-01-07 06:08:00,41,Fraud
1686,INV_21,2020-01-07 05:15:00,2020-01-07 06:23:00,68,Fraud
1687,INV_13,2020-01-07 06:28:00,2020-01-07 08:27:00,119,False Positive
1688,INV_5,2020-01-07 05:42:00,2020-01-07 08:20:00,158,Fraud
1689,INV_18,2020-01-07 06:51:00,2020-01-07 08:36:00,105,Fraud
1690,INV_20,2020-01-07 05:39:00,2020-01-07 05:50:00,11,Fraud
1691,INV_18,2020-01-07 05:34:00,2020-01-07 07:48:00,134,False Positive
1692,INV_17,2020-01-07 06:21:00,2020-01-07 08:09:00,108,Fraud
1693,INV_4,2020-01-07 06:25:00,2020-01-07 08:44:00,139,Fraud
1694,INV_20,2020-01-07 05:33:00,2020-01-07 08:08:00,155,False Positive
1695,INV_3,2020-01-07 05:44:00,2020-01-07 07:07:00,83,False Positive
1696,INV_11,2020-01-07 05:54:00,2020-01-07 07:52:00,118,Fraud
1697,INV_17,2020-01-07 07:51:00,2020-01-07 08:08:00,17,Fraud
1698,INV_14,2020-01-07 06:34:00,2020-01-07 07:43:00,69,Fraud
1699,INV_11,2020-01-07 06:11:00,2020-01-07 06:42:00,31,False Positive
1700,INV_11,2020-01-07 06:33:00,2020-01-07 07:00:00,27,False Positive
1701,INV_4,2020-01-07 07:54:00,2020-01-07 08:29:00,35,Fraud
1702,INV_24,2020-01-07 06:57:00,2020-01-07 07:07:00,10,Fraud
1703,INV_2,2020-01-07 07:53:00,2020-01-07 10:06:00,133,Fraud
1704,INV_4,2020-01-07 06:29:00,2020-01-07 07:19:00,50,False Positive
1705,INV_25,2020-01-07 07:11:00,2020-01-07 08:42:00,91,False Positive
1706,INV_11,2020-01-07 07:31:00,2020-01-07 10:00:00,149,Fraud
1707,INV_18,2020-01-07 07:39:00,2020-01-07 10:17:00,158,False Positive
1708,INV_10,2020-01-07 06:30:00,2020-01-07 07:12:00,42,False Positive
1709,INV_7,2020-01-07 07:17:00,2020-01-07 09:29:00,132,Fraud
1710,INV_22,2020-01-07 07:32:00,2020-01-07 09:57:00,145,Fraud
1711,INV_5,2020-01-07 08:05:00,2020-01-07 08:45:00,40,Fraud
1712,INV_9,2020-01-07 08:39:00,2020-01-07 09:58:00,79,False Positive
1713,INV_8,2020-01-07 07:33:00,2020-01-07 08:10:00,37,False Positive
1714,INV_6,2020-01-07 07:33:00,2020-01-07 10:26:00,173,Fraud
1715,INV_4,2020-01-07 07:51:00,2020-01-07 08:56:00,65,False Positive
1716,INV_8,2020-01-07 07:58:00,2020-01-07 09:14:00,76,Fraud
1717,INV_20,2020-01-07 07:43:00,2020-01-07 10:05:00,142,Fraud
1718,INV_6,2020-01-07 07:24:00,2020-01-07 10:19:00,175,False Positive
1719,INV_10,2020-01-07 08:21:00,2020-01-07 11:08:00,167,False Positive
1720,INV_3,2020-01-07 08:22:00,2020-01-07 10:23:00,121,False Positive
1721,INV_13,2020-01-07 07:37:00,2020-01-07 08:11:00,34,False Positive
1722,INV_5,2020-01-07 08:13:00,2020-01-07 09:05:00,52,Fraud
1723,INV_20,2020-01-07 07:33:00,2020-01-07 09:12:00,99,Fraud
1724,INV_13,2020-01-07 07:19:00,2020-01-07 08:07:00,48,Fraud
1725,INV_20,2020-01-07 08:27:00,2020-01-07 09:42:00,75,False Positive
1726,INV_5,2020-01-07 08:28:00,2020-01-07 09:34:00,66,False Positive
1727,INV_5,2020-01-07 08:50:00,2020-01-07 10:09:00,79,False Positive
1728,INV_13,2020-01-07 08:07:00,2020-01-07 09:29:00,82,False Positive
1729,INV_19,2020-01-07 08:23:00,2020-01-07 09:57:00,94,False Positive
1730,INV_14,2020-01-07 09:59:00,2020-01-07 12:17:00,138,False Positive
1731,INV_12,2020-01-07 08:58:00,2020-01-07 09:58:00,60,Fraud
1732,INV_22,2020-01-07 08:39:00,2020-01-07 10:38:00,119,False Positive
1733,INV_3,2020-01-07 08:49:00,2020-01-07 10:44:00,115,Fraud
1734,INV_3,2020-01-07 08:59:00,2020-01-07 09:41:00,42,Fraud
1735,INV_2,2020-01-07 10:03:00,2020-01-07 12:32:00,149,Fraud
1736,INV_4,2020-01-07 10:17:00,2020-01-07 12:11:00,114,Fraud
1737,INV_23,2020-01-07 09:58:00,2020-01-07 11:02:00,64,Fraud
1738,INV_11,2020-01-07 09:19:00,2020-01-07 11:18:00,119,Fraud
1739,INV_13,2020-01-07 10:29:00,2020-01-07 12:24:00,115,False Positive
1740,INV_2,2020-01-07 09:58:00,2020-01-07 10:08:00,10,False Positive
1741,INV_5,2020-01-07 09:17:00,2020-01-07 11:34:00,137,Fraud
1742,INV_5,2020-01-07 09:55:00,2020-01-07 11:18:00,83,Fraud
1743,INV_25,2020-01-07 10:13:00,2020-01-07 12:17:00,124,False Positive
1744,INV_22,2020-01-07 10:42:00,2020-01-07 12:05:00,83,Fraud
1745,INV_21,2020-01-07 10:20:00,2020-01-07 11:36:00,76,Fraud
1746,INV_25,2020-01-07 11:20:00,2020-01-07 13:46:00,146,False Positive
1747,INV_6,2020-01-07 10:30:00,2020-01-07 11:25:00,55,False Positive
1748,INV_14,2020-01-07 11:58:00,2020-01-07 13:06:00,68,False Positive
1749,INV_25,2020-01-07 10:30:00,2020-01-07 12:01:00,91,Fraud
1750,INV_9,2020-01-07 10:42:00,2020-01-07 12:54:00,132,False Positive
1751,INV_14,2020-01-07 11:38:00,2020-01-07 14:35:00,177,False Positive
1752,INV_13,2020-01-07 11:10:00,2020-01-07 13:21:00,131,Fraud
1753,INV_1,2020-01-07 10:24:00,2020-01-07 11:29:00,65,Fraud
1754,INV_22,2020-01-07 11:04:00,2020-01-07 14:00:00,176,Fraud
1755,INV_14,2020-01-07 11:59:00,2020-01-07 12:44:00,45,Fraud
1756,INV_7,2020-01-07 11:56:00,2020-01-07 14:01:00,125,False Positive
1757,INV_20,2020-01-07 12:13:00,2020-01-07 13:58:00,105,Fraud
1758,INV_21,2020-01-07 11:16:00,2020-01-07 12:10:00,54,Fraud
1759,INV_1,2020-01-07 12:43:00,2020-01-07 14:33:00,110,False Positive
1760,INV_18,2020-01-07 12:26:00,2020-01-07 14:24:00,118,False Positive
1761,INV_17,2020-01-07 11:05:00,2020-01-07 13:56:00,171,Fraud
1762,INV_10,2020-01-07 11:12:00,2020-01-07 11:28:00,16,False Positive
1763,INV_1,2020-01-07 12:26:00,2020-01-07 13:42:00,76,Fraud
1764,INV_6,2020-01-07 13:26:00,2020-01-07 16:09:00,163,False Positive
1765,INV_6,2020-01-07 13:26:00,2020-01-07 14:02:00,36,Fraud
1766,INV_23,2020-01-07 13:55:00,2020-01-07 15:49:00,114,Fraud
1767,INV_15,2020-01-07 13:43:00,2020-01-07 14:08:00,25,False Positive
1768,INV_3,2020-01-07 12:25:00,2020-01-07 13:44:00,79,False Positive
1769,INV_6,2020-01-07 13:23:00,2020-01-07 14:43:00,80,False Positive
1770,INV_23,2020-01-07 13:01:00,2020-01-07 15:32:00,151,False Positive
1771,INV_18,2020-01-07 13:27:00,2020-01-07 15:26:00,119,Fraud
1772,INV_18,2020-01-07 13:43:00,2020-01-07 14:10:00,27,Fraud
1773,INV_24,2020-01-07 13:28:00,2020-01-07 15:44:00,136,Fraud
1774,INV_13,2020-01-07 12:45:00,2020-01-07 14:29:00,104,False Positive
1775,INV_9,2020-01-07 13:00:00,2020-01-07 14:20:00,80,Fraud
1776,INV_22,2020-01-07 12:30:00,2020-01-07 14:00:00,90,Fraud
1777,INV_19,2020-01-07 13:57:00,2020-01-07 16:00:00,123,False Positive
1778,INV_9,2020-01-07 12:48:00,2020-01-07 13:25:00,37,False Positive
1779,INV_10,2020-01-07 13:21:00,2020-01-07 15:24:00,123,False Positive
1780,INV_21,2020-01-07 12:12:00,2020-01-07 12:50:00,38,False Positive
1781,INV_11,2020-01-07 14:13:00,2020-01-07 16:29:00,136,Fraud
1782,INV_9,2020-01-07 14:41:00,2020-01-07 15:04:00,23,False Positive
1783,INV_2,2020-01-07 14:08:00,2020-01-07 15:48:00,100,False Positive
1784,INV_13,2020-01-07 13:36:00,2020-01-07 14:07:00,31,Fraud
1785,INV_6,2020-01-07 14:15:00,2020-01-07 16:34:00,139,False Positive
1786,INV_23,2020-01-07 13:14:00,2020-01-07 15:02:00,108,False Positive
1787,INV_25,2020-01-07 14:03:00,2020-01-07 15:00:00,57,Fraud
1788,INV_3,2020-01-07 14:26:00,2020-01-07 16:37:00,131,False Positive
1789,INV_7,2020-01-07 14:16:00,2020-01-07 14:46:00,30,Fraud
1790,INV_8,2020-01-07 13:06:00,2020-01-07 14:43:00,97,Fraud
1791,INV_16,2020-01-07 13:39:00,2020-01-07 16:36:00,177,False Positive
1792,INV_5,2020-01-07 14:51:00,2020-01-07 16:17:00,86,False Positive
1793,INV_4,2020-01-07 13:27:00,2020-01-07 14:07:00,40,Fraud
1794,INV_3,2020-01-07 14:19:00,2020-01-07 14:55:00,36,Fraud
1795,INV_3,2020-01-07 13:55:00,2020-01-07 16:26:00,151,Fraud
1796,INV_24,2020-01-07 13:35:00,2020-01-07 14:53:00,78,Fraud
1797,INV_7,2020-01-07 14:47:00,2020-01-07 16:57:00,130,False Positive
1798,INV_2,2020-01-07 14:21:00,2020-01-07 16:19:00,118,Fraud
1799,INV_2,2020-01-07 15:16:00,2020-01-07 17:22:00,126,Fraud
1800,INV_24,2020-01-07 15:25:00,2020-01-07 18:10:00,165,False Positive
1801,INV_17,2020-01-07 15:41:00,2020-01-07 17:04:00,83,Fraud
1802,INV_5,2020-01-07 15:44:00,2020-01-07 15:57:00,13,False Positive
1803,INV_10,2020-01-07 15:08:00,2020-01-07 15:49:00,41,False Positive
1804,INV_6,2020-01-07 15:36:00,2020-01-07 18:26:00,170,Fraud
1805,INV_16,2020-01-07 16:03:00,2020-01-07 16:39:00,36,Fraud
1806,INV_11,2020-01-07 15:53:00,2020-01-07 16:50:00,57,False Positive
1807,INV_9,2020-01-07 15:08:00,2020-01-07 17:39:00,151,Fraud
1808,INV_2,2020-01-07 16:39:00,2020-01-07 17:46:00,67,False Positive
1809,INV_22,2020-01-07 16:44:00,2020-01-07 17:43:00,59,False Positive
1810,INV_8,2020-01-07 16:41:00,2020-01-07 18:40:00,119,Fraud
1811,INV_15,2020-01-07 16:16:00,2020-01-07 17:20:00,64,Fraud
1812,INV_20,2020-01-07 16:47:00,2020-01-07 18:49:00,122,False Positive
1813,INV_23,2020-01-07 16:12:00,2020-01-07 18:48:00,156,Fraud
1814,INV_3,2020-01-07 15:35:00,2020-01-07 17:59:00,144,False Positive
1815,INV_12,2020-01-07 17:47:00,2020-01-07 19:00:00,73,Fraud
1816,INV_9,2020-01-07 16:46:00,2020-01-07 19:26:00,160,False Positive
1817,INV_22,2020-01-07 17:22:00,2020-01-07 19:20:00,118,Fraud
1818,INV_4,2020-01-07 17:45:00,2020-01-07 18:00:00,15,Fraud
1819,INV_25,2020-01-07 17:58:00,2020-01-07 20:06:00,128,Fraud
1820,INV_1,2020-01-07 16:54:00,2020-01-07 19:21:00,147,False Positive
1821,INV_19,2020-01-07 16:18:00,2020-01-07 18:26:00,128,Fraud
1822,INV_14,2020-01-07 16:42:00,2020-01-07 18:59:00,137,Fraud
1823,INV_1,2020-01-07 16:29:00,2020-01-07 18:00:00,91,Fraud
1824,INV_16,2020-01-07 16:43:00,2020-01-07 19:24:00,161,Fraud
1825,INV_4,2020-01-07 17:58:00,2020-01-07 19:59:00,121,Fraud
1826,INV_1,2020-01-07 17:32:00,2020-01-07 18:19:00,47,Fraud
1827,INV_19,2020-01-07 16:07:00,2020-01-07 17:53:00,106,Fraud
1828,INV_12,2020-01-07 16:19:00,2020-01-07 17:00:00,41,Fraud
1829,INV_13,2020-01-07 16:28:00,2020-01-07 19:12:00,164,Fraud
1830,INV_15,2020-01-07 16:34:00,2020-01-07 17:40:00,66,False Positive
1831,INV_21,2020-01-07 17:45:00,2020-01-07 19:32:00,107,False Positive
1832,INV_12,2020-01-07 17:18:00,2020-01-07 17:41:00,23,False Positive
1833,INV_1,2020-01-07 16:55:00,2020-01-07 19:44:00,169,Fraud
1834,INV_10,2020-01-07 17:03:00,2020-01-07 18:18:00,75,False Positive
1835,INV_12,2020-01-07 17:53:00,2020-01-07 20:08:00,135,Fraud
1836,INV_5,2020-01-07 16:11:00,2020-01-07 18:49:00,158,Fraud
1837,INV_1,2020-01-07 17:16:00,2020-01-07 19:43:00,147,Fraud
1838,INV_19,2020-01-07 17:02:00,2020-01-07 19:09:00,127,Fraud
1839,INV_22,2020-01-07 17:53:00,2020-01-07 19:02:00,69,Fraud
1840,INV_13,2020-01-07 16:56:00,2020-01-07 19:12:00,136,False Positive
1841,INV_8,2020-01-07 18:52:00,2020-01-07 19:35:00,43,Fraud
1842,INV_3,2020-01-07 18:31:00,2020-01-07 19:13:00,42,Fraud
1843,INV_6,2020-01-07 17:32:00,2020-01-07 19:08:00,96,False Positive
1844,INV_19,2020-01-07 18:16:00,2020-01-07 20:53:00,157,Fraud
1845,INV_6,2020-01-07 18:04:00,2020-01-07 20:19:00,135,Fraud
1846,INV_16,2020-01-07 18:43:00,2020-01-07 21:19:00,156,False Positive
1847,INV_7,2020-01-07 18:50:00,2020-01-07 20:48:00,118,False Positive
1848,INV_4,2020-01-07 18:10:00,2020-01-07 19:39:00,89,False Positive
1849,INV_21,2020-01-07 18:34:00,2020-01-07 19:41:00,67,False Positive
1850,INV_2,2020-01-07 18:56:00,2020-01-07 19:27:00,31,Fraud
1851,INV_18,2020-01-07 17:51:00,2020-01-07 20:02:00,131,Fraud
1852,INV_20,2020-01-07 17:58:00,2020-01-07 18:35:00,37,Fraud
1853,INV_11,2020-01-07 18:47:00,2020-01-07 21:39:00,172,Fraud
1854,INV_7,2020-01-07 17:31:00,2020-01-07 19:45:00,134,Fraud
1855,INV_11,2020-01-07 18:58:00,2020-01-07 19:31:00,33,Fraud
1856,INV_20,2020-01-07 19:06:00,2020-01-07 21:04:00,118,Fraud
1857,INV_11,2020-01-07 18:52:00,2020-01-07 19:08:00,16,False Positive
1858,INV_11,2020-01-07 18:15:00,2020-01-07 18:36:00,21,Fraud
1859,INV_24,2020-01-07 18:37:00,2020-01-07 20:00:00,83,Fraud
1860,INV_16,2020-01-07 19:07:00,2020-01-07 22:06:00,179,Fraud
1861,INV_1,2020-01-07 19:06:00,2020-01-07 19:22:00,16,Fraud
1862,INV_17,2020-01-07 19:21:00,2020-01-07 21:04:00,103,Fraud
1863,INV_24,2020-01-07 19:51:00,2020-01-07 22:01:00,130,Fraud
1864,INV_16,2020-01-07 18:56:00,2020-01-07 19:42:00,46,Fraud
1865,INV_23,2020-01-07 19:31:00,2020-01-07 20:34:00,63,False Positive
1866,INV_3,2020-01-07 19:34:00,2020-01-07 22:21:00,167,False Positive
1867,INV_23,2020-01-07 20:56:00,2020-01-07 23:38:00,162,False Positive
1868,INV_9,2020-01-07 20:18:00,2020-01-07 21:12:00,54,Fraud
1869,INV_13,2020-01-07 20:23:00,2020-01-07 21:37:00,74,False Positive
1870,INV_21,2020-01-07 19:26:00,2020-01-07 20:10:00,44,False Positive
1871,INV_10,2020-01-07 19:43:00,2020-01-07 21:37:00,114,Fraud
1872,INV_3,2020-01-07 19:32:00,2020-01-07 20:15:00,43,False Positive
1873,INV_8,2020-01-07 21:52:00,2020-01-08 00:20:00,148,Fraud
1874,INV_23,2020-01-07 20:43:00,2020-01-07 21:55:00,72,Fraud
1875,INV_1,2020-01-07 20:43:00,2020-01-07 22:12:00,89,Fraud
1876,INV_17,2020-01-07 21:05:00,2020-01-07 22:58:00,113,Fraud
1877,INV_9,2020-01-07 20:54:00,2020-01-07 23:19:00,145,Fraud
1878,INV_17,2020-01-07 21:32:00,2020-01-07 23:56:00,144,Fraud
1879,INV_7,2020-01-07 21:25:00,2020-01-07 22:02:00,37,False Positive
1880,INV_12,2020-01-07 21:23:00,2020-01-08 00:21:00,178,Fraud
1881,INV_10,2020-01-07 21:40:00,2020-01-07 22:03:00,23,Fraud
1882,INV_25,2020-01-07 20:33:00,2020-01-07 23:25:00,172,False Positive
1883,INV_19,2020-01-07 20:23:00,2020-01-07 23:06:00,163,Fraud
1884,INV_1,2020-01-07 21:24:00,2020-01-07 22:56:00,92,Fraud
1885,INV_16,2020-01-07 20:08:00,2020-01-07 22:48:00,160,Fraud
1886,INV_13,2020-01-07 21:52:00,2020-01-07 23:21:00,89,False Positive
1887,INV_23,2020-01-07 22:08:00,2020-01-08 00:52:00,164,False Positive
1888,INV_6,2020-01-07 22:31:00,2020-01-07 23:49:00,78,Fraud
1889,INV_3,2020-01-07 21:20:00,2020-01-07 21:56:00,36,Fraud
1890,INV_12,2020-01-07 21:34:00,2020-01-07 22:15:00,41,Fraud
1891,INV_16,2020-01-07 22:43:00,2020-01-08 00:31:00,108,Fraud
1892,INV_6,2020-01-07 23:44:00,2020-01-08 00:51:00,67,Fraud
1893,INV_21,2020-01-07 22:21:00,2020-01-08 00:43:00,142,Fraud
1894,INV_20,2020-01-07 23:35:00,2020-01-08 01:26:00,111,Fraud
1895,INV_2,2020-01-07 22:14:00,2020-01-07 23:11:00,57,Fraud
1896,INV_9,2020-01-07 23:38:00,2020-01-08 02:26:00,168,Fraud
1897,INV_23,2020-01-07 23:07:00,2020-01-07 23:51:00,44,False Positive
1898,INV_25,2020-01-08 00:05:00,2020-01-08 01:58:00,113,Fraud
1899,INV_19,2020-01-07 23:49:00,2020-01-08 02:19:00,150,Fraud
1900,INV_2,2020-01-08 00:23:00,2020-01-08 03:00:00,157,False Positive
1901,INV_4,2020-01-07 23:48:00,2020-01-08 00:18:00,30,Fraud
1902,INV_24,2020-01-07 23:10:00,2020-01-08 01:42:00,152,False Positive
1903,INV_21,2020-01-08 00:08:00,2020-01-08 02:22:00,134,Fraud
1904,INV_19,2020-01-08 01:14:00,2020-01-08 02:20:00,66,Fraud
1905,INV_12,2020-01-08 02:42:00,2020-01-08 04:22:00,100,False Positive
1906,INV_25,2020-01-08 01:17:00,2020-01-08 04:11:00,174,Fraud
1907,INV_9,2020-01-08 01:42:00,2020-01-08 02:31:00,49,Fraud
1908,INV_14,2020-01-08 02:14:00,2020-01-08 02:35:00,21,False Positive
1909,INV_13,2020-01-08 01:31:00,2020-01-08 02:18:00,47,Fraud
1910,INV_22,2020-01-08 01:50:00,2020-01-08 04:01:00,131,False Positive
1911,INV_25,2020-01-08 02:06:00,2020-01-08 03:38:00,92,Fraud
1912,INV_2,2020-01-08 02:07:00,2020-01-08 02:41:00,34,Fraud
1913,INV_20,2020-01-08 02:12:00,2020-01-08 03:44:00,92,Fraud
1914,INV_8,2020-01-08 02:15:00,2020-01-08 03:16:00,61,Fraud
1915,INV_21,2020-01-08 03:05:00,2020-01-08 03:23:00,18,False Positive
1916,INV_23,2020-01-08 02:39:00,2020-01-08 03:50:00,71,Fraud
1917,INV_8,2020-01-08 02:07:00,2020-01-08 04:07:00,120,Fraud
1918,INV_24,2020-01-08 02:16:00,2020-01-08 04:09:00,113,False Positive
1919,INV_16,2020-01-08 03:30:00,2020-01-08 05:09:00,99,False Positive
1920,INV_16,2020-01-08 02:05:00,2020-01-08 02:34:00,29,Fraud
1921,INV_19,2020-01-08 02:07:00,2020-01-08 03:57:00,110,Fraud
1922,INV_3,2020-01-08 03:37:00,2020-01-08 03:48:00,11,False Positive
1923,INV_8,2020-01-08 02:11:00,2020-01-08 04:16:00,125,False Positive
1924,INV_1,2020-01-08 02:09:00,2020-01-08 04:42:00,153,False Positive
1925,INV_3,2020-01-08 03:55:00,2020-01-08 06:33:00,158,False Positive
1926,INV_17,2020-01-08 02:14:00,2020-01-08 03:16:00,62,Fraud
1927,INV_13,2020-01-08 03:48:00,2020-01-08 06:19:00,151,False Positive
1928,INV_18,2020-01-08 03:04:00,2020-01-08 04:05:00,61,Fraud
1929,INV_4,2020-01-08 02:50:00,2020-01-08 05:15:00,145,False Positive
1930,INV_5,2020-01-08 03:51:00,2020-01-08 05:56:00,125,False Positive
1931,INV_1,2020-01-08 04:37:00,2020-01-08 06:20:00,103,False Positive
1932,INV_8,2020-01-08 03:46:00,2020-01-08 04:47:00,61,False Positive
1933,INV_21,2020-01-08 03:19:00,2020-01-08 04:05:00,46,Fraud
1934,INV_24,2020-01-08 04:57:00,2020-01-08 05:23:00,26,False Positive
1935,INV_25,2020-01-08 03:28:00,2020-01-08 04:13:00,45,Fraud
1936,INV_22,2020-01-08 04:24:00,2020-01-08 07:04:00,160,False Positive
1937,INV_5,2020-01-08 04:23:00,2020-01-08 05:10:00,47,Fraud
1938,INV_12,2020-01-08 03:10:00,2020-01-08 04:23:00,73,False Positive
1939,INV_20,2020-01-08 04:58:00,2020-01-08 05:21:00,23,Fraud
1940,INV_25,2020-01-08 03:37:00,2020-01-08 05:07:00,90,False Positive
1941,INV_4,2020-01-08 04:06:00,2020-01-08 04:38:00,32,Fraud
1942,INV_10,2020-01-08 03:56:00,2020-01-08 04:40:00,44,False Positive
1943,INV_14,2020-01-08 04:13:00,2020-01-08 05:42:00,89,Fraud
1944,INV_11,2020-01-08 03:50:00,2020-01-08 05:24:00,94,Fraud
1945,INV_22,2020-01-08 05:42:00,2020-01-08 07:14:00,92,False Positive
1946,INV_22,2020-01-08 04:07:00,2020-01-08 06:59:00,172,False Positive
1947,INV_4,2020-01-08 05:45:00,2020-01-08 08:31:00,166,Fraud
1948,INV_17,2020-01-08 04:52:00,2020-01-08 06:13:00,81,Fraud
1949,INV_9,2020-01-08 04:10:00,2020-01-08 07:03:00,173,False Positive
1950,INV_7,2020-01-08 04:33:00,2020-01-08 05:30:00,57,False Positive
1951,INV_4,2020-01-08 04:51:00,2020-01-08 06:34:00,103,Fraud
1952,INV_10,2020-01-08 04:27:00,2020-01-08 06:38:00,131,Fraud
1953,INV_4,2020-01-08 05:53:00,2020-01-08 08:47:00,174,Fraud
1954,INV_1,2020-01-08 05:32:00,2020-01-08 05:45:00,13,False Positive
1955,INV_8,2020-01-08 05:30:00,2020-01-08 07:27:00,117,Fraud
1956,INV_15,2020-01-08 05:46:00,2020-01-08 08:00:00,134,Fraud
1957,INV_1,2020-01-08 05:14:00,2020-01-08 06:16:00,62,Fraud
1958,INV_16,2020-01-08 06:17:00,2020-01-08 06:38:00,21,Fraud
1959,INV_18,2020-01-08 05:51:00,2020-01-08 06:11:00,20,Fraud
1960,INV_2,2020-01-08 06:24:00,2020-01-08 07:08:00,44,False Positive
1961,INV_7,2020-01-08 05:47:00,2020-01-08 08:30:00,163,Fraud
1962,INV_4,2020-01-08 06:54:00,2020-01-08 07:26:00,32,Fraud
1963,INV_6,2020-01-08 06:40:00,2020-01-08 08:19:00,99,Fraud
1964,INV_21,2020-01-08 05:57:00,2020-01-08 08:05:00,128,Fraud
1965,INV_19,2020-01-08 05:38:00,2020-01-08 07:14:00,96,False Positive
1966,INV_15,2020-01-08 06:11:00,2020-01-08 08:50:00,159,False Positive
1967,INV_8,2020-01-08 06:11:00,2020-01-08 09:06:00,175,Fraud
1968,INV_18,2020-01-08 06:19:00,2020-01-08 09:11:00,172,Fraud
1969,INV_4,2020-01-08 07:14:00,2020-01-08 08:41:00,87,Fraud
1970,INV_15,2020-01-08 06:19:00,2020-01-08 06:58:00,39,Fraud
1971,INV_20,2020-01-08 06:13:00,2020-01-08 07:07:00,54,Fraud
1972,INV_2,2020-01-08 06:12:00,2020-01-08 06:43:00,31,Fraud
1973,INV_23,2020-01-08 07:39:00,2020-01-08 10:12:00,153,False Positive
1974,INV_19,2020-01-08 06:11:00,2020-01-08 08:40:00,149,Fraud
1975,INV_20,2020-01-08 06:39:00,2020-01-08 07:13:00,34,False Positive
1976,INV_9,2020-01-08 07:27:00,2020-01-08 10:06:00,159,Fraud
1977,INV_21,2020-01-08 07:11:00,2020-01-08 08:50:00,99,False Positive
1978,INV_5,2020-01-08 06:11:00,2020-01-08 07:47:00,96,False Positive
1979,INV_25,2020-01-08 07:36:00,2020-01-08 08:28:00,52,Fraud
1980,INV_20,2020-01-08 07:57:00,2020-01-08 08:55:00,58,False Positive
1981,INV_24,2020-01-08 08:09:00,2020-01-08 10:47:00,158,Fraud
1982,INV_16,2020-01-08 07:11:00,2020-01-08 07:38:00,27,Fraud
1983,INV_19,2020-01-08 08:44:00,2020-01-08 09:41:00,57,Fraud
1984,INV_4,2020-01-08 07:40:00,2020-01-08 08:28:00,48,Fraud
1985,INV_22,2020-01-08 07:54:00,2020-01-08 09:39:00,105,Fraud
1986,INV_17,2020-01-08 07:34:00,2020-01-08 08:28:00,54,Fraud
1987,INV_19,2020-01-08 08:51:00,2020-01-08 09:39:00,48,Fraud
1988,INV_20,2020-01-08 09:22:00,2020-01-08 11:11:00,109,Fraud
1989,INV_23,2020-01-08 09:27:00,2020-01-08 11:12:00,105,Fraud
1990,INV_6,2020-01-08 09:39:00,2020-01-08 09:55:00,16,Fraud
1991,INV_25,2020-01-08 09:43:00,2020-01-08 10:07:00,24,Fraud
1992,INV_15,2020-01-08 09:07:00,2020-01-08 10:31:00,84,False Positive
1993,INV_3,2020-01-08 09:58:00,2020-01-08 12:18:00,140,False Positive
1994,INV_12,2020-01-08 09:29:00,2020-01-08 12:02:00,153,Fraud
1995,INV_25,2020-01-08 09:47:00,2020-01-08 11:09:00,82,Fraud
1996,INV_14,2020-01-08 09:36:00,2020-01-08 10:54:00,78,False Positive
1997,INV_8,2020-01-08 10:13:00,2020-01-08 12:48:00,155,Fraud
1998,INV_21,2020-01-08 09:10:00,2020-01-08 09:41:00,31,False Positive
1999,INV_21,2020-01-08 09:40:00,2020-01-08 10:43:00,63,Fraud
2000,INV_9,2020-01-08 09:55:00,2020-01-08 12:09:00,134,Fraud
2001,INV_4,2020-01-08 10:03:00,2020-01-08 11:56:00,113,False Positive
2002,INV_16,2020-01-08 10:59:00,2020-01-08 11:44:00,45,Fraud
2003,INV_24,2020-01-08 09:14:00,2020-01-08 10:49:00,95,Fraud
2004,INV_4,2020-01-08 09:59:00,2020-01-08 12:02:00,123,Fraud
2005,INV_12,2020-01-08 10:33:00,2020-01-08 11:24:00,51,Fraud
2006,INV_1,2020-01-08 09:59:00,2020-01-08 12:08:00,129,Fraud
2007,INV_15,2020-01-08 10:41:00,2020-01-08 11:47:00,66,False Positive
2008,INV_13,2020-01-08 09:25:00,2020-01-08 10:20:00,55,False Positive
2009,INV_20,2020-01-08 10:49:00,2020-01-08 11:01:00,12,False Positive
2010,INV_16,2020-01-08 09:34:00,2020-01-08 10:54:00,80,Fraud
2011,INV_8,2020-01-08 09:15:00,2020-01-08 11:55:00,160,Fraud
2012,INV_15,2020-01-08 09:16:00,2020-01-08 11:15:00,119,False Positive
2013,INV_21,2020-01-08 10:43:00,2020-01-08 11:23:00,40,Fraud
2014,INV_9,2020-01-08 10:11:00,2020-01-08 10:36:00,25,Fraud
2015,INV_7,2020-01-08 10:22:00,2020-01-08 10:43:00,21,False Positive
2016,INV_13,2020-01-08 10:05:00,2020-01-08 11:28:00,83,Fraud
2017,INV_10,2020-01-08 10:11:00,2020-01-08 12:30:00,139,Fraud
2018,INV_3,2020-01-08 11:05:00,2020-01-08 13:15:00,130,False Positive
2019,INV_5,2020-01-08 10:14:00,2020-01-08 12:10:00,116,Fraud
2020,INV_25,2020-01-08 10:51:00,2020-01-08 12:44:00,113,False Positive
2021,INV_1,2020-01-08 11:23:00,2020-01-08 12:37:00,74,Fraud
2022,INV_17,2020-01-08 10:24:00,2020-01-08 12:16:00,112,Fraud
2023,INV_18,2020-01-08 11:35:00,2020-01-08 14:32:00,177,Fraud
2024,INV_2,2020-01-08 10:24:00,2020-01-08 12:23:00,119,False Positive
2025,INV_14,2020-01-08 11:17:00,2020-01-08 11:54:00,37,Fraud
2026,INV_7,2020-01-08 10:06:00,2020-01-08 11:03:00,57,Fraud
2027,INV_6,2020-01-08 10:30:00,2020-01-08 11:47:00,77,False Positive
2028,INV_4,2020-01-08 11:16:00,2020-01-08 12:02:00,46,False Positive
2029,INV_13,2020-01-08 11:10:00,2020-01-08 11:49:00,39,Fraud
2030,INV_16,2020-01-08 11:20:00,2020-01-08 12:31:00,71,False Positive
2031,INV_7,2020-01-08 12:16:00,2020-01-08 14:27:00,131,Fraud
2032,INV_18,2020-01-08 11:27:00,2020-01-08 12:21:00,54,False Positive
2033,INV_8,2020-01-08 12:28:00,2020-01-08 14:14:00,106,False Positive
2034,INV_16,2020-01-08 11:33:00,2020-01-08 13:44:00,131,Fraud
2035,INV_10,2020-01-08 12:16:00,2020-01-08 13:29:00,73,Fraud
2036,INV_17,2020-01-08 11:25:00,2020-01-08 14:15:00,170,Fraud
2037,INV_4,2020-01-08 12:50:00,2020-01-08 14:17:00,87,Fraud
2038,INV_23,2020-01-08 13:36:00,2020-01-08 13:46:00,10,Fraud
2039,INV_1,2020-01-08 13:14:00,2020-01-08 14:34:00,80,Fraud
2040,INV_11,2020-01-08 12:17:00,2020-01-08 14:37:00,140,False Positive
2041,INV_20,2020-01-08 13:13:00,2020-01-08 15:59:00,166,Fraud
2042,INV_20,2020-01-08 12:49:00,2020-01-08 13:08:00,19,Fraud
2043,INV_21,2020-01-08 12:47:00,2020-01-08 14:37:00,110,Fraud
2044,INV_22,2020-01-08 13:55:00,2020-01-08 14:24:00,29,Fraud
2045,INV_3,2020-01-08 12:36:00,2020-01-08 14:08:00,92,False Positive
2046,INV_18,2020-01-08 13:41:00,2020-01-08 15:14:00,93,False Positive
2047,INV_1,2020-01-08 13:53:00,2020-01-08 14:05:00,12,Fraud
2048,INV_9,2020-01-08 13:43:00,2020-01-08 14:35:00,52,False Positive
2049,INV_14,2020-01-08 13:45:00,2020-01-08 16:02:00,137,Fraud
2050,INV_21,2020-01-08 13:27:00,2020-01-08 14:07:00,40,False Positive
2051,INV_2,2020-01-08 13:13:00,2020-01-08 14:01:00,48,Fraud
2052,INV_11,2020-01-08 14:38:00,2020-01-08 16:59:00,141,Fraud
2053,INV_7,2020-01-08 13:51:00,2020-01-08 15:03:00,72,Fraud
2054,INV_5,2020-01-08 14:41:00,2020-01-08 15:57:00,76,False Positive
2055,INV_22,2020-01-08 14:22:00,2020-01-08 14:41:00,19,Fraud
2056,INV_8,2020-01-08 14:36:00,2020-01-08 14:54:00,18,Fraud
2057,INV_6,2020-01-08 14:34:00,2020-01-08 16:42:00,128,False Positive
2058,INV_14,2020-01-08 15:22:00,2020-01-08 18:04:00,162,Fraud
2059,INV_19,2020-01-08 15:48:00,2020-01-08 17:01:00,73,Fraud
2060,INV_23,2020-01-08 15:14:00,2020-01-08 16:31:00,77,Fraud
2061,INV_23,2020-01-08 15:34:00,2020-01-08 16:58:00,84,False Positive
2062,INV_12,2020-01-08 14:51:00,2020-01-08 15:22:00,31,Fraud
2063,INV_2,2020-01-08 14:26:00,2020-01-08 14:46:00,20,Fraud
2064,INV_13,2020-01-08 14:51:00,2020-01-08 16:50:00,119,False Positive
2065,INV_6,2020-01-08 14:52:00,2020-01-08 17:18:00,146,False Positive
2066,INV_8,2020-01-08 16:25:00,2020-01-08 18:41:00,136,Fraud
2067,INV_3,2020-01-08 16:03:00,2020-01-08 17:35:00,92,False Positive
2068,INV_13,2020-01-08 16:09:00,2020-01-08 18:13:00,124,False Positive
2069,INV_12,2020-01-08 16:02:00,2020-01-08 17:33:00,91,False Positive
2070,INV_7,2020-01-08 16:04:00,2020-01-08 18:45:00,161,Fraud
2071,INV_13,2020-01-08 16:13:00,2020-01-08 17:06:00,53,False Positive
2072,INV_20,2020-01-08 16:55:00,2020-01-08 17:42:00,47,Fraud
2073,INV_8,2020-01-08 15:08:00,2020-01-08 17:32:00,144,Fraud
2074,INV_17,2020-01-08 16:04:00,2020-01-08 17:02:00,58,False Positive
2075,INV_5,2020-01-08 16:42:00,2020-01-08 18:24:00,102,False Positive
2076,INV_9,2020-01-08 15:05:00,2020-01-08 17:51:00,166,False Positive
2077,INV_23,2020-01-08 16:53:00,2020-01-08 18:45:00,112,Fraud
2078,INV_19,2020-01-08 15:46:00,2020-01-08 18:36:00,170,Fraud
2079,INV_20,2020-01-08 15:58:00,2020-01-08 17:26:00,88,Fraud
2080,INV_8,2020-01-08 15:31:00,2020-01-08 16:16:00,45,False Positive
2081,INV_17,2020-01-08 15:55:00,2020-01-08 18:32:00,157,Fraud
2082,INV_17,2020-01-08 17:52:00,2020-01-08 18:47:00,55,False Positive
2083,INV_16,2020-01-08 17:49:00,2020-01-08 19:29:00,100,Fraud
2084,INV_2,2020-01-08 17:37:00,2020-01-08 18:54:00,77,Fraud
2085,INV_18,2020-01-08 17:39:00,2020-01-08 17:57:00,18,False Positive
2086,INV_2,2020-01-08 16:34:00,2020-01-08 17:55:00,81,Fraud
2087,INV_15,2020-01-08 17:54:00,2020-01-08 19:31:00,97,Fraud
2088,INV_8,2020-01-08 17:10:00,2020-01-08 19:16:00,126,False Positive
2089,INV_7,2020-01-08 16:57:00,2020-01-08 18:47:00,110,False Positive
2090,INV_11,2020-01-08 18:05:00,2020-01-08 19:54:00,109,Fraud
2091,INV_14,2020-01-08 18:40:00,2020-01-08 19:24:00,44,False Positive
2092,INV_6,2020-01-08 18:06:00,2020-01-08 20:54:00,168,False Positive
2093,INV_19,2020-01-08 18:29:00,2020-01-08 20:49:00,140,Fraud
2094,INV_18,2020-01-08 17:48:00,2020-01-08 18:55:00,67,False Positive
2095,INV_7,2020-01-08 18:29:00,2020-01-08 20:13:00,104,Fraud
2096,INV_3,2020-01-08 18:27:00,2020-01-08 19:09:00,42,Fraud
2097,INV_17,2020-01-08 18:54:00,2020-01-08 21:40:00,166,Fraud
2098,INV_15,2020-01-08 18:11:00,2020-01-08 19:32:00,81,Fraud
2099,INV_2,2020-01-08 18:58:00,2020-01-08 19:11:00,13,Fraud
2100,INV_16,2020-01-08 18:44:00,2020-01-08 19:47:00,63,Fraud
2101,INV_2,2020-01-08 18:08:00,2020-01-08 18:47:00,39,Fraud
2102,INV_10,2020-01-08 17:59:00,2020-01-08 18:19:00,20,Fraud
2103,INV_11,2020-01-08 18:57:00,2020-01-08 19:29:00,32,Fraud
2104,INV_12,2020-01-08 17:37:00,2020-01-08 20:25:00,168,Fraud
2105,INV_21,2020-01-08 18:34:00,2020-01-08 21:26:00,172,False Positive
2106,INV_4,2020-01-08 18:07:00,2020-01-08 21:01:00,174,Fraud
2107,INV_3,2020-01-08 18:46:00,2020-01-08 20:25:00,99,False Positive
2108,INV_25,2020-01-08 18:21:00,2020-01-08 20:56:00,155,Fraud
2109,INV_24,2020-01-08 18:49:00,2020-01-08 21:20:00,151,False Positive
2110,INV_9,2020-01-08 19:10:00,2020-01-08 20:08:00,58,False Positive
2111,INV_1,2020-01-08 18:14:00,2020-01-08 20:45:00,151,Fraud
2112,INV_20,2020-01-08 18:47:00,2020-01-08 21:32:00,165,False Positive
2113,INV_3,2020-01-08 19:41:00,2020-01-08 21:18:00,97,Fraud
2114,INV_15,2020-01-08 19:30:00,2020-01-08 22:10:00,160,Fraud
2115,INV_6,2020-01-08 19:30:00,2020-01-08 22:08:00,158,False Positive
2116,INV_3,2020-01-08 19:01:00,2020-01-08 19:17:00,16,Fraud
2117,INV_10,2020-01-08 19:58:00,2020-01-08 21:57:00,119,False Positive
2118,INV_25,2020-01-08 19:55:00,2020-01-08 22:03:00,128,Fraud
2119,INV_19,2020-01-08 19:30:00,2020-01-08 21:19:00,109,False Positive
2120,INV_24,2020-01-08 18:54:00,2020-01-08 20:20:00,86,False Positive
2121,INV_3,2020-01-08 18:22:00,2020-01-08 19:59:00,97,False Positive
2122,INV_14,2020-01-08 19:37:00,2020-01-08 21:28:00,111,Fraud
2123,INV_11,2020-01-08 20:08:00,2020-01-08 22:35:00,147,Fraud
2124,INV_11,2020-01-08 19:36:00,2020-01-08 21:34:00,118,False Positive
2125,INV_10,2020-01-08 19:20:00,2020-01-08 20:50:00,90,Fraud
2126,INV_16,2020-01-08 19:51:00,2020-01-08 22:16:00,145,False Positive
2127,INV_3,2020-01-08 20:17:00,2020-01-08 22:30:00,133,Fraud
2128,INV_2,2020-01-08 20:14:00,2020-01-08 21:15:00,61,Fraud
2129,INV_8,2020-01-08 19:56:00,2020-01-08 22:07:00,131,False Positive
2130,INV_8,2020-01-08 20:12:00,2020-01-08 22:27:00,135,False Positive
2131,INV_5,2020-01-08 20:47:00,2020-01-08 22:25:00,98,False Positive
2132,INV_15,2020-01-08 19:21:00,2020-01-08 21:28:00,127,False Positive
2133,INV_11,2020-01-08 21:08:00,2020-01-08 23:26:00,138,False Positive
2134,INV_10,2020-01-08 21:08:00,2020-01-08 23:02:00,114,Fraud
2135,INV_16,2020-01-08 20:38:00,2020-01-08 21:48:00,70,Fraud
2136,INV_17,2020-01-08 21:38:00,2020-01-08 22:18:00,40,Fraud
2137,INV_16,2020-01-08 20:39:00,2020-01-08 23:01:00,142,Fraud
2138,INV_23,2020-01-08 21:35:00,2020-01-09 00:30:00,175,False Positive
2139,INV_13,2020-01-08 21:35:00,2020-01-09 00:34:00,179,False Positive
2140,INV_17,2020-01-08 20:34:00,2020-01-08 21:45:00,71,False Positive
2141,INV_5,2020-01-08 20:20:00,2020-01-08 21:36:00,76,False Positive
2142,INV_17,2020-01-08 20:33:00,2020-01-08 23:02:00,149,False Positive
2143,INV_1,2020-01-08 21:38:00,2020-01-08 23:41:00,123,Fraud
2144,INV_5,2020-01-08 21:32:00,2020-01-08 21:52:00,20,Fraud
2145,INV_12,2020-01-08 22:18:00,2020-01-09 00:26:00,128,False Positive
2146,INV_24,2020-01-08 21:38:00,2020-01-08 21:56:00,18,Fraud
2147,INV_1,2020-01-08 22:46:00,2020-01-09 00:28:00,102,False Positive
2148,INV_21,2020-01-08 22:49:00,2020-01-08 23:03:00,14,Fraud
2149,INV_12,2020-01-08 21:16:00,2020-01-08 22:27:00,71,Fraud
2150,INV_22,2020-01-08 21:56:00,2020-01-09 00:18:00,142,False Positive
2151,INV_19,2020-01-08 21:56:00,2020-01-09 00:35:00,159,False Positive
2152,INV_16,2020-01-08 22:04:00,2020-01-08 23:52:00,108,Fraud
2153,INV_13,2020-01-08 22:38:00,2020-01-09 01:09:00,151,False Positive
2154,INV_16,2020-01-08 22:51:00,2020-01-08 23:32:00,41,False Positive
2155,INV_5,2020-01-08 23:13:00,2020-01-09 01:46:00,153,Fraud
2156,INV_6,2020-01-08 23:46:00,2020-01-09 01:37:00,111,Fraud
2157,INV_16,2020-01-08 23:49:00,2020-01-09 02:41:00,172,Fraud
2158,INV_7,2020-01-08 23:21:00,2020-01-08 23:38:00,17,Fraud
2159,INV_18,2020-01-08 23:36:00,2020-01-09 00:53:00,77,False Positive
2160,INV_22,2020-01-08 23:41:00,2020-01-09 01:39:00,118,False Positive
2161,INV_24,2020-01-09 00:45:00,2020-01-09 01:15:00,30,False Positive
2162,INV_4,2020-01-09 00:08:00,2020-01-09 02:39:00,151,Fraud
2163,INV_24,2020-01-08 23:06:00,2020-01-09 01:29:00,143,False Positive
2164,INV_20,2020-01-08 23:59:00,2020-01-09 01:10:00,71,False Positive
2165,INV_10,2020-01-08 23:53:00,2020-01-09 00:44:00,51,Fraud
2166,INV_25,2020-01-08 23:29:00,2020-01-09 00:08:00,39,Fraud
2167,INV_3,2020-01-08 23:31:00,2020-01-09 02:14:00,163,Fraud
2168,INV_16,2020-01-09 00:48:00,2020-01-09 02:09:00,81,False Positive
2169,INV_6,2020-01-09 00:16:00,2020-01-09 02:55:00,159,Fraud
2170,INV_10,2020-01-08 23:39:00,2020-01-09 02:02:00,143,False Positive
2171,INV_24,2020-01-09 00:03:00,2020-01-09 00:26:00,23,False Positive
2172,INV_25,2020-01-09 00:44:00,2020-01-09 02:51:00,127,Fraud
2173,INV_20,2020-01-09 00:28:00,2020-01-09 02:15:00,107,False Positive
2174,INV_15,2020-01-09 00:16:00,2020-01-09 03:01:00,165,Fraud
2175,INV_2,2020-01-09 01:33:00,2020-01-09 03:23:00,110,Fraud
2176,INV_3,2020-01-09 01:16:00,2020-01-09 03:38:00,142,Fraud
2177,INV_12,2020-01-09 00:50:00,2020-01-09 02:53:00,123,Fraud
2178,INV_8,2020-01-09 01:25:00,2020-01-09 01:36:00,11,False Positive
2179,INV_15,2020-01-09 01:11:00,2020-01-09 02:29:00,78,Fraud
2180,INV_11,2020-01-09 00:26:00,2020-01-09 01:57:00,91,False Positive
2181,INV_17,2020-01-09 00:49:00,2020-01-09 02:27:00,98,Fraud
2182,INV_10,2020-01-09 01:28:00,2020-01-09 02:06:00,38,Fraud
2183,INV_9,2020-01-09 02:51:00,2020-01-09 04:04:00,73,False Positive
2184,INV_18,2020-01-09 01:45:00,2020-01-09 04:02:00,137,False Positive
2185,INV_25,2020-01-09 02:20:00,2020-01-09 02:42:00,22,False Positive
2186,INV_17,2020-01-09 01:15:00,2020-01-09 01:58:00,43,False Positive
2187,INV_3,2020-01-09 01:57:00,2020-01-09 02:38:00,41,Fraud
2188,INV_6,2020-01-09 02:37:00,2020-01-09 02:57:00,20,False Positive
2189,INV_17,2020-01-09 02:37:00,2020-01-09 03:22:00,45,False Positive
2190,INV_2,2020-01-09 01:39:00,2020-01-09 03:09:00,90,Fraud
2191,INV_24,2020-01-09 02:31:00,2020-01-09 04:20:00,109,False Positive
2192,INV_7,2020-01-09 02:21:00,2020-01-09 04:42:00,141,Fraud
2193,INV_16,2020-01-09 02:45:00,2020-01-09 03:57:00,72,Fraud
2194,INV_15,2020-01-09 03:53:00,2020-01-09 04:21:00,28,Fraud
2195,INV_21,2020-01-09 02:51:00,2020-01-09 05:47:00,176,False Positive
2196,INV_12,2020-01-09 02:46:00,2020-01-09 03:57:00,71,False Positive
2197,INV_20,2020-01-09 03:58:00,2020-01-09 04:34:00,36,False Positive
2198,INV_12,2020-01-09 02:42:00,2020-01-09 05:29:00,167,Fraud
2199,INV_7,2020-01-09 02:22:00,2020-01-09 04:42:00,140,Fraud
2200,INV_8,2020-01-09 03:04:00,2020-01-09 04:45:00,101,Fraud
2201,INV_25,2020-01-09 03:51:00,2020-01-09 05:13:00,82,Fraud
2202,INV_12,2020-01-09 03:03:00,2020-01-09 04:00:00,57,Fraud
2203,INV_18,2020-01-09 03:08:00,2020-01-09 05:19:00,131,Fraud
2204,INV_24,2020-01-09 03:23:00,2020-01-09 04:29:00,66,False Positive
2205,INV_3,2020-01-09 03:18:00,2020-01-09 04:17:00,59,False Positive
2206,INV_5,2020-01-09 04:57:00,2020-01-09 05:36:00,39,False Positive
2207,INV_6,2020-01-09 04:18:00,2020-01-09 05:54:00,96,Fraud
2208,INV_12,2020-01-09 03:48:00,2020-01-09 05:06:00,78,Fraud
2209,INV_17,2020-01-09 03:08:00,2020-01-09 05:11:00,123,Fraud
2210,INV_15,2020-01-09 04:34:00,2020-01-09 07:28:00,174,Fraud
2211,INV_12,2020-01-09 04:35:00,2020-01-09 06:38:00,123,Fraud
2212,INV_8,2020-01-09 03:54:00,2020-01-09 06:53:00,179,False Positive
2213,INV_13,2020-01-09 05:07:00,2020-01-09 05:56:00,49,False Positive
2214,INV_16,2020-01-09 05:45:00,2020-01-09 08:12:00,147,Fraud
2215,INV_23,2020-01-09 05:09:00,2020-01-09 06:40:00,91,Fraud
2216,INV_2,2020-01-09 05:09:00,2020-01-09 05:29:00,20,False Positive
2217,INV_2,2020-01-09 04:26:00,2020-01-09 05:19:00,53,Fraud
2218,INV_9,2020-01-09 04:30:00,2020-01-09 07:17:00,167,Fraud
2219,INV_25,2020-01-09 05:10:00,2020-01-09 07:51:00,161,False Positive
2220,INV_12,2020-01-09 05:53:00,2020-01-09 08:36:00,163,False Positive
2221,INV_12,2020-01-09 06:16:00,2020-01-09 08:48:00,152,Fraud
2222,INV_20,2020-01-09 05:13:00,2020-01-09 06:28:00,75,Fraud
2223,INV_23,2020-01-09 05:06:00,2020-01-09 06:55:00,109,Fraud
2224,INV_22,2020-01-09 06:23:00,2020-01-09 07:48:00,85,Fraud
2225,INV_17,2020-01-09 07:50:00,2020-01-09 10:04:00,134,Fraud
2226,INV_9,2020-01-09 06:58:00,2020-01-09 07:37:00,39,False Positive
2227,INV_9,2020-01-09 06:06:00,2020-01-09 06:55:00,49,Fraud
2228,INV_23,2020-01-09 06:19:00,2020-01-09 06:51:00,32,Fraud
2229,INV_24,2020-01-09 06:41:00,2020-01-09 08:11:00,90,False Positive
2230,INV_25,2020-01-09 06:29:00,2020-01-09 07:34:00,65,Fraud
2231,INV_11,2020-01-09 06:44:00,2020-01-09 07:55:00,71,Fraud
2232,INV_14,2020-01-09 06:32:00,2020-01-09 09:00:00,148,Fraud
2233,INV_3,2020-01-09 07:29:00,2020-01-09 09:54:00,145,Fraud
2234,INV_6,2020-01-09 07:18:00,2020-01-09 09:05:00,107,Fraud
2235,INV_2,2020-01-09 07:58:00,2020-01-09 09:54:00,116,Fraud
2236,INV_22,2020-01-09 06:52:00,2020-01-09 07:16:00,24,False Positive
2237,INV_7,2020-01-09 07:56:00,2020-01-09 10:42:00,166,False Positive
2238,INV_13,2020-01-09 07:19:00,2020-01-09 08:14:00,55,Fraud
2239,INV_8,2020-01-09 08:02:00,2020-01-09 09:10:00,68,Fraud
2240,INV_10,2020-01-09 07:53:00,2020-01-09 09:06:00,73,Fraud
2241,INV_13,2020-01-09 07:07:00,2020-01-09 07:38:00,31,Fraud
2242,INV_6,2020-01-09 08:22:00,2020-01-09 10:29:00,127,False Positive
2243,INV_14,2020-01-09 08:32:00,2020-01-09 10:53:00,141,False Positive
2244,INV_12,2020-01-09 07:12:00,2020-01-09 08:09:00,57,Fraud
2245,INV_15,2020-01-09 07:17:00,2020-01-09 07:41:00,24,Fraud
2246,INV_7,2020-01-09 07:58:00,2020-01-09 10:55:00,177,False Positive
2247,INV_3,2020-01-09 08:59:00,2020-01-09 09:12:00,13,False Positive
2248,INV_2,2020-01-09 09:46:00,2020-01-09 10:25:00,39,False Positive
2249,INV_8,2020-01-09 09:03:00,2020-01-09 10:26:00,83,False Positive
2250,INV_15,2020-01-09 08:11:00,2020-01-09 09:17:00,66,Fraud
2251,INV_17,2020-01-09 09:26:00,2020-01-09 10:55:00,89,Fraud
2252,INV_17,2020-01-09 09:57:00,2020-01-09 12:00:00,123,Fraud
2253,INV_20,2020-01-09 09:41:00,2020-01-09 10:04:00,23,Fraud
2254,INV_15,2020-01-09 09:39:00,2020-01-09 12:28:00,169,False Positive
2255,INV_17,2020-01-09 09:13:00,2020-01-09 09:24:00,11,Fraud
2256,INV_17,2020-01-09 10:45:00,2020-01-09 12:14:00,89,Fraud
2257,INV_22,2020-01-09 10:52:00,2020-01-09 13:50:00,178,Fraud
2258,INV_3,2020-01-09 09:24:00,2020-01-09 11:24:00,120,False Positive
2259,INV_23,2020-01-09 09:57:00,2020-01-09 11:01:00,64,False Positive
2260,INV_14,2020-01-09 10:34:00,2020-01-09 12:19:00,105,False Positive
2261,INV_18,2020-01-09 09:16:00,2020-01-09 10:23:00,67,Fraud
2262,INV_19,2020-01-09 09:48:00,2020-01-09 10:31:00,43,False Positive
2263,INV_14,2020-01-09 10:22:00,2020-01-09 11:30:00,68,Fraud
2264,INV_12,2020-01-09 10:10:00,2020-01-09 11:34:00,84,False Positive
2265,INV_21,2020-01-09 12:13:00,2020-01-09 12:50:00,37,Fraud
2266,INV_5,2020-01-09 11:43:00,2020-01-09 12:47:00,64,Fraud
2267,INV_13,2020-01-09 12:37:00,2020-01-09 13:32:00,55,False Positive
2268,INV_20,2020-01-09 12:58:00,2020-01-09 14:57:00,119,False Positive
2269,INV_1,2020-01-09 11:22:00,2020-01-09 14:18:00,176,False Positive
2270,INV_4,2020-01-09 12:15:00,2020-01-09 13:40:00,85,Fraud
2271,INV_6,2020-01-09 11:56:00,2020-01-09 12:32:00,36,Fraud
2272,INV_7,2020-01-09 11:58:00,2020-01-09 12:08:00,10,False Positive
2273,INV_12,2020-01-09 13:24:00,2020-01-09 16:08:00,164,Fraud
2274,INV_5,2020-01-09 12:35:00,2020-01-09 15:17:00,162,Fraud
2275,INV_22,2020-01-09 12:50:00,2020-01-09 15:17:00,147,False Positive
2276,INV_22,2020-01-09 12:35:00,2020-01-09 15:28:00,173,Fraud
2277,INV_4,2020-01-09 12:56:00,2020-01-09 13:39:00,43,False Positive
2278,INV_12,2020-01-09 13:24:00,2020-01-09 15:55:00,151,Fraud
2279,INV_9,2020-01-09 13:21:00,2020-01-09 13:33:00,12,False Positive
2280,INV_19,2020-01-09 14:39:00,2020-01-09 16:36:00,117,Fraud
2281,INV_18,2020-01-09 13:16:00,2020-01-09 13:33:00,17,Fraud
2282,INV_6,2020-01-09 13:53:00,2020-01-09 16:33:00,160,False Positive
2283,INV_20,2020-01-09 13:35:00,2020-01-09 13:49:00,14,False Positive
2284,INV_24,2020-01-09 14:51:00,2020-01-09 17:40:00,169,False Positive
2285,INV_18,2020-01-09 14:47:00,2020-01-09 17:26:00,159,Fraud
2286,INV_24,2020-01-09 14:35:00,2020-01-09 16:17:00,102,Fraud
2287,INV_13,2020-01-09 13:21:00,2020-01-09 15:42:00,141,Fraud
2288,INV_3,2020-01-09 14:54:00,2020-01-09 17:30:00,156,Fraud
2289,INV_9,2020-01-09 14:24:00,2020-01-09 15:43:00,79,False Positive
2290,INV_10,2020-01-09 14:55:00,2020-01-09 15:06:00,11,Fraud
2291,INV_10,2020-01-09 14:41:00,2020-01-09 16:08:00,87,Fraud
2292,INV_16,2020-01-09 14:33:00,2020-01-09 16:04:00,91,False Positive
2293,INV_25,2020-01-09 14:29:00,2020-01-09 17:05:00,156,Fraud
2294,INV_7,2020-01-09 13:36:00,2020-01-09 14:01:00,25,Fraud
2295,INV_5,2020-01-09 15:55:00,2020-01-09 18:02:00,127,False Positive
2296,INV_25,2020-01-09 14:05:00,2020-01-09 14:56:00,51,False Positive
2297,INV_6,2020-01-09 14:25:00,2020-01-09 17:19:00,174,False Positive
2298,INV_21,2020-01-09 15:53:00,2020-01-09 16:43:00,50,Fraud
2299,INV_8,2020-01-09 14:15:00,2020-01-09 16:54:00,159,Fraud
2300,INV_11,2020-01-09 14:15:00,2020-01-09 16:41:00,146,False Positive
2301,INV_8,2020-01-09 14:35:00,2020-01-09 15:22:00,47,False Positive
2302,INV_9,2020-01-09 14:29:00,2020-01-09 15:31:00,62,Fraud
2303,INV_20,2020-01-09 15:39:00,2020-01-09 18:31:00,172,False Positive
2304,INV_4,2020-01-09 15:18:00,2020-01-09 15:34:00,16,False Positive
2305,INV_3,2020-01-09 15:40:00,2020-01-09 18:10:00,150,False Positive
2306,INV_21,2020-01-09 14:38:00,2020-01-09 16:41:00,123,Fraud
2307,INV_13,2020-01-09 16:37:00,2020-01-09 17:08:00,31,False Positive
2308,INV_15,2020-01-09 15:06:00,2020-01-09 17:03:00,117,Fraud
2309,INV_6,2020-01-09 15:23:00,2020-01-09 15:54:00,31,False Positive
2310,INV_25,2020-01-09 16:24:00,2020-01-09 19:08:00,164,False Positive
2311,INV_7,2020-01-09 15:29:00,2020-01-09 16:22:00,53,Fraud
2312,INV_11,2020-01-09 16:31:00,2020-01-09 19:03:00,152,Fraud
2313,INV_3,2020-01-09 17:48:00,2020-01-09 20:08:00,140,Fraud
2314,INV_13,2020-01-09 17:40:00,2020-01-09 20:14:00,154,Fraud
2315,INV_11,2020-01-09 17:56:00,2020-01-09 18:22:00,26,Fraud
2316,INV_15,2020-01-09 17:22:00,2020-01-09 19:27:00,125,Fraud
2317,INV_8,2020-01-09 17:41:00,2020-01-09 17:57:00,16,Fraud
2318,INV_13,2020-01-09 17:41:00,2020-01-09 20:05:00,144,Fraud
2319,INV_9,2020-01-09 16:47:00,2020-01-09 17:09:00,22,False Positive
2320,INV_12,2020-01-09 16:14:00,2020-01-09 18:09:00,115,Fraud
2321,INV_1,2020-01-09 17:50:00,2020-01-09 19:47:00,117,False Positive
2322,INV_25,2020-01-09 16:39:00,2020-01-09 17:34:00,55,Fraud
2323,INV_13,2020-01-09 17:05:00,2020-01-09 17:53:00,48,Fraud
2324,INV_24,2020-01-09 16:21:00,2020-01-09 17:40:00,79,False Positive
2325,INV_25,2020-01-09 17:22:00,2020-01-09 17:41:00,19,False Positive
2326,INV_6,2020-01-09 16:48:00,2020-01-09 19:04:00,136,Fraud
2327,INV_7,2020-01-09 17:53:00,2020-01-09 18:28:00,35,Fraud
2328,INV_19,2020-01-09 16:57:00,2020-01-09 18:21:00,84,Fraud
2329,INV_8,2020-01-09 17:27:00,2020-01-09 18:43:00,76,Fraud
2330,INV_21,2020-01-09 17:17:00,2020-01-09 17:52:00,35,Fraud
2331,INV_16,2020-01-09 17:04:00,2020-01-09 18:07:00,63,False Positive
2332,INV_4,2020-01-09 16:05:00,2020-01-09 17:46:00,101,False Positive
2333,INV_25,2020-01-09 16:23:00,2020-01-09 17:00:00,37,Fraud
2334,INV_15,2020-01-09 18:20:00,2020-01-09 18:51:00,31,False Positive
2335,INV_19,2020-01-09 18:42:00,2020-01-09 19:38:00,56,Fraud
2336,INV_7,2020-01-09 18:50:00,2020-01-09 21:35:00,165,False Positive
2337,INV_9,2020-01-09 17:58:00,2020-01-09 20:08:00,130,False Positive
2338,INV_1,2020-01-09 18:15:00,2020-01-09 19:07:00,52,Fraud
2339,INV_9,2020-01-09 18:54:00,2020-01-09 19:31:00,37,False Positive
2340,INV_7,2020-01-09 18:57:00,2020-01-09 20:21:00,84,Fraud
2341,INV_17,2020-01-09 19:03:00,2020-01-09 21:20:00,137,Fraud
2342,INV_9,2020-01-09 19:51:00,2020-01-09 21:07:00,76,Fraud
2343,INV_15,2020-01-09 19:32:00,2020-01-09 20:00:00,28,Fraud
2344,INV_1,2020-01-09 19:36:00,2020-01-09 20:20:00,44,Fraud
2345,INV_18,2020-01-09 19:32:00,2020-01-09 19:50:00,18,False Positive
2346,INV_9,2020-01-09 19:14:00,2020-01-09 21:58:00,164,Fraud
2347,INV_22,2020-01-09 19:17:00,2020-01-09 21:37:00,140,Fraud
2348,INV_3,2020-01-09 19:49:00,2020-01-09 20:38:00,49,False Positive
2349,INV_18,2020-01-09 20:42:00,2020-01-09 22:54:00,132,Fraud
2350,INV_3,2020-01-09 20:08:00,2020-01-09 21:26:00,78,False Positive
2351,INV_20,2020-01-09 19:10:00,2020-01-09 20:55:00,105,Fraud
2352,INV_21,2020-01-09 20:20:00,2020-01-09 21:42:00,82,Fraud
2353,INV_24,2020-01-09 20:42:00,2020-01-09 22:38:00,116,False Positive
2354,INV_6,2020-01-09 20:56:00,2020-01-09 23:51:00,175,Fraud
2355,INV_13,2020-01-09 19:16:00,2020-01-09 21:03:00,107,False Positive
2356,INV_21,2020-01-09 20:16:00,2020-01-09 22:50:00,154,False Positive
2357,INV_8,2020-01-09 19:42:00,2020-01-09 20:16:00,34,Fraud
2358,INV_23,2020-01-09 19:15:00,2020-01-09 20:03:00,48,Fraud
2359,INV_6,2020-01-09 20:33:00,2020-01-09 20:46:00,13,Fraud
2360,INV_9,2020-01-09 20:29:00,2020-01-09 22:18:00,109,False Positive
2361,INV_17,2020-01-09 20:54:00,2020-01-09 21:20:00,26,Fraud
2362,INV_16,2020-01-09 21:02:00,2020-01-09 23:13:00,131,False Positive
2363,INV_9,2020-01-09 21:39:00,2020-01-09 23:54:00,135,False Positive
2364,INV_12,2020-01-09 20:26:00,2020-01-09 22:36:00,130,False Positive
2365,INV_18,2020-01-09 20:58:00,2020-01-09 23:23:00,145,Fraud
2366,INV_11,2020-01-09 20:53:00,2020-01-09 23:52:00,179,Fraud
2367,INV_25,2020-01-09 21:01:00,2020-01-09 22:43:00,102,Fraud
2368,INV_7,2020-01-09 20:16:00,2020-01-09 21:42:00,86,False Positive
2369,INV_22,2020-01-09 21:37:00,2020-01-10 00:30:00,173,Fraud
2370,INV_3,2020-01-09 21:16:00,2020-01-09 23:44:00,148,False Positive
2371,INV_4,2020-01-09 21:40:00,2020-01-10 00:28:00,168,Fraud
2372,INV_20,2020-01-09 21:04:00,2020-01-09 21:15:00,11,False Positive
2373,INV_1,2020-01-09 21:20:00,2020-01-09 22:32:00,72,Fraud
2374,INV_5,2020-01-09 21:07:00,2020-01-09 22:40:00,93,Fraud
2375,INV_11,2020-01-09 21:08:00,2020-01-09 23:53:00,165,False Positive
2376,INV_13,2020-01-09 20:48:00,2020-01-09 23:16:00,148,Fraud
2377,INV_25,2020-01-09 21:53:00,2020-01-09 22:19:00,26,Fraud
2378,INV_20,2020-01-09 20:38:00,2020-01-09 23:14:00,156,Fraud
2379,INV_7,2020-01-09 20:51:00,2020-01-09 22:03:00,72,False Positive
2380,INV_19,2020-01-09 21:02:00,2020-01-09 23:12:00,130,Fraud
2381,INV_13,2020-01-09 21:10:00,2020-01-09 23:35:00,145,Fraud
2382,INV_10,2020-01-09 21:40:00,2020-01-09 23:50:00,130,Fraud
2383,INV_5,2020-01-09 21:19:00,2020-01-09 23:57:00,158,False Positive
2384,INV_2,2020-01-09 20:47:00,2020-01-09 21:59:00,72,False Positive
2385,INV_23,2020-01-09 20:46:00,2020-01-09 22:00:00,74,False Positive
2386,INV_17,2020-01-09 20:14:00,2020-01-09 21:14:00,60,Fraud
2387,INV_1,2020-01-09 20:18:00,2020-01-09 22:59:00,161,Fraud
2388,INV_10,2020-01-09 21:21:00,2020-01-09 21:51:00,30,Fraud
2389,INV_11,2020-01-09 20:27:00,2020-01-09 22:45:00,138,Fraud
2390,INV_19,2020-01-09 21:28:00,2020-01-09 22:06:00,38,Fraud
2391,INV_22,2020-01-09 20:50:00,2020-01-09 21:17:00,27,False Positive
2392,INV_21,2020-01-09 21:31:00,2020-01-09 22:19:00,48,Fraud
2393,INV_11,2020-01-09 21:39:00,2020-01-09 23:59:00,140,Fraud
2394,INV_15,2020-01-09 20:24:00,2020-01-09 21:42:00,78,False Positive
2395,INV_8,2020-01-09 21:54:00,2020-01-09 23:50:00,116,Fraud
2396,INV_3,2020-01-09 20:13:00,2020-01-09 22:16:00,123,Fraud
2397,INV_11,2020-01-09 20:21:00,2020-01-09 21:39:00,78,Fraud
2398,INV_10,2020-01-09 21:12:00,2020-01-09 21:47:00,35,False Positive
2399,INV_8,2020-01-09 20:17:00,2020-01-09 23:14:00,177,False Positive
2400,INV_2,2020-01-09 21:50:00,2020-01-09 22:18:00,28,False Positive
2401,INV_5,2020-01-09 21:40:00,2020-01-09 22:24:00,44,Fraud
2402,INV_13,2020-01-09 22:13:00,2020-01-09 23:36:00,83,False Positive
2403,INV_17,2020-01-09 21:57:00,2020-01-09 22:54:00,57,False Positive
2404,INV_5,2020-01-09 21:46:00,2020-01-09 23:32:00,106,Fraud
2405,INV_8,2020-01-09 21:54:00,2020-01-09 22:37:00,43,Fraud
2406,INV_20,2020-01-09 22:04:00,2020-01-09 23:11:00,67,False Positive
2407,INV_1,2020-01-09 21:09:00,2020-01-09 23:34:00,145,Fraud
2408,INV_1,2020-01-09 22:20:00,2020-01-10 00:19:00,119,False Positive
2409,INV_18,2020-01-09 22:47:00,2020-01-10 00:35:00,108,Fraud
2410,INV_13,2020-01-09 23:23:00,2020-01-10 00:11:00,48,Fraud
2411,INV_15,2020-01-09 23:42:00,2020-01-09 23:57:00,15,Fraud
2412,INV_13,2020-01-09 22:20:00,2020-01-10 00:41:00,141,Fraud
2413,INV_14,2020-01-09 22:58:00,2020-01-10 01:10:00,132,Fraud
2414,INV_4,2020-01-09 22:25:00,2020-01-10 00:58:00,153,False Positive
2415,INV_11,2020-01-09 22:53:00,2020-01-09 23:13:00,20,False Positive
2416,INV_10,2020-01-09 22:39:00,2020-01-10 00:18:00,99,False Positive
2417,INV_20,2020-01-09 23:49:00,2020-01-10 00:20:00,31,Fraud
2418,INV_17,2020-01-09 23:19:00,2020-01-09 23:45:00,26,False Positive
2419,INV_5,2020-01-09 22:14:00,2020-01-10 00:23:00,129,False Positive
2420,INV_24,2020-01-09 22:43:00,2020-01-10 01:15:00,152,Fraud
2421,INV_15,2020-01-09 22:53:00,2020-01-10 01:13:00,140,False Positive
2422,INV_19,2020-01-10 00:20:00,2020-01-10 02:41:00,141,Fraud
2423,INV_8,2020-01-09 23:33:00,2020-01-10 01:47:00,134,False Positive
2424,INV_3,2020-01-10 00:23:00,2020-01-10 03:01:00,158,Fraud
2425,INV_13,2020-01-09 23:53:00,2020-01-10 01:59:00,126,Fraud
2426,INV_18,2020-01-10 00:18:00,2020-01-10 02:50:00,152,False Positive
2427,INV_15,2020-01-10 00:04:00,2020-01-10 01:56:00,112,False Positive
2428,INV_12,2020-01-09 23:49:00,2020-01-10 02:24:00,155,Fraud
2429,INV_22,2020-01-09 23:33:00,2020-01-10 00:50:00,77,False Positive
2430,INV_8,2020-01-09 23:58:00,2020-01-10 01:34:00,96,Fraud
2431,INV_6,2020-01-09 23:50:00,2020-01-10 00:12:00,22,Fraud
2432,INV_17,2020-01-10 01:09:00,2020-01-10 01:30:00,21,Fraud
2433,INV_19,2020-01-10 01:08:00,2020-01-10 01:34:00,26,False Positive
2434,INV_20,2020-01-10 01:09:00,2020-01-10 03:32:00,143,Fraud
2435,INV_23,2020-01-10 01:51:00,2020-01-10 02:51:00,60,False Positive
2436,INV_25,2020-01-10 00:21:00,2020-01-10 01:58:00,97,False Positive
2437,INV_1,2020-01-10 00:48:00,2020-01-10 03:07:00,139,Fraud
2438,INV_9,2020-01-10 01:14:00,2020-01-10 03:19:00,125,Fraud
2439,INV_10,2020-01-10 01:16:00,2020-01-10 03:47:00,151,False Positive
2440,INV_9,2020-01-10 01:05:00,2020-01-10 03:53:00,168,Fraud
2441,INV_1,2020-01-10 01:39:00,2020-01-10 03:32:00,113,Fraud
2442,INV_16,2020-01-10 02:44:00,2020-01-10 05:29:00,165,Fraud
2443,INV_2,2020-01-10 01:16:00,2020-01-10 02:12:00,56,False Positive
2444,INV_19,2020-01-10 02:42:00,2020-01-10 05:18:00,156,Fraud
2445,INV_9,2020-01-10 01:36:00,2020-01-10 03:06:00,90,False Positive
2446,INV_22,2020-01-10 02:42:00,2020-01-10 03:43:00,61,Fraud
2447,INV_1,2020-01-10 01:37:00,2020-01-10 02:49:00,72,Fraud
2448,INV_1,2020-01-10 01:31:00,2020-01-10 03:43:00,132,Fraud
2449,INV_23,2020-01-10 02:30:00,2020-01-10 04:47:00,137,False Positive
2450,INV_25,2020-01-10 01:53:00,2020-01-10 02:23:00,30,Fraud
2451,INV_9,2020-01-10 01:56:00,2020-01-10 02:41:00,45,Fraud
2452,INV_16,2020-01-10 01:58:00,2020-01-10 03:47:00,109,False Positive
2453,INV_18,2020-01-10 02:37:00,2020-01-10 05:34:00,177,Fraud
2454,INV_5,2020-01-10 02:29:00,2020-01-10 05:25:00,176,False Positive
2455,INV_4,2020-01-10 02:31:00,2020-01-10 03:26:00,55,False Positive
2456,INV_20,2020-01-10 02:52:00,2020-01-10 04:12:00,80,False Positive
2457,INV_23,2020-01-10 02:22:00,2020-01-10 03:30:00,68,Fraud
2458,INV_12,2020-01-10 02:20:00,2020-01-10 04:45:00,145,Fraud
2459,INV_24,2020-01-10 03:31:00,2020-01-10 05:37:00,126,Fraud
2460,INV_5,2020-01-10 02:11:00,2020-01-10 02:34:00,23,False Positive
2461,INV_2,2020-01-10 02:56:00,2020-01-10 05:34:00,158,Fraud
2462,INV_11,2020-01-10 03:41:00,2020-01-10 05:52:00,131,False Positive
2463,INV_19,2020-01-10 03:45:00,2020-01-10 04:46:00,61,Fraud
2464,INV_22,2020-01-10 03:25:00,2020-01-10 05:13:00,108,False Positive
2465,INV_19,2020-01-10 02:35:00,2020-01-10 05:17:00,162,False Positive
2466,INV_13,2020-01-10 03:35:00,2020-01-10 03:58:00,23,False Positive
2467,INV_3,2020-01-10 04:11:00,2020-01-10 04:33:00,22,False Positive
2468,INV_8,2020-01-10 03:42:00,2020-01-10 04:21:00,39,Fraud
2469,INV_8,2020-01-10 03:21:00,2020-01-10 05:43:00,142,Fraud
2470,INV_24,2020-01-10 04:56:00,2020-01-10 07:14:00,138,False Positive
2471,INV_8,2020-01-10 04:15:00,2020-01-10 05:37:00,82,False Positive
2472,INV_9,2020-01-10 04:45:00,2020-01-10 05:28:00,43,Fraud
2473,INV_22,2020-01-10 03:26:00,2020-01-10 04:30:00,64,False Positive
2474,INV_9,2020-01-10 04:21:00,2020-01-10 06:31:00,130,False Positive
2475,INV_21,2020-01-10 04:58:00,2020-01-10 06:34:00,96,Fraud
2476,INV_17,2020-01-10 04:12:00,2020-01-10 06:15:00,123,Fraud
2477,INV_5,2020-01-10 05:38:00,2020-01-10 06:19:00,41,False Positive
2478,INV_2,2020-01-10 05:45:00,2020-01-10 08:40:00,175,Fraud
2479,INV_14,2020-01-10 04:57:00,2020-01-10 07:13:00,136,False Positive
2480,INV_12,2020-01-10 04:42:00,2020-01-10 06:50:00,128,False Positive
2481,INV_22,2020-01-10 05:27:00,2020-01-10 07:48:00,141,Fraud
2482,INV_21,2020-01-10 06:58:00,2020-01-10 07:24:00,26,False Positive
2483,INV_12,2020-01-10 05:44:00,2020-01-10 06:52:00,68,Fraud
2484,INV_6,2020-01-10 06:30:00,2020-01-10 06:44:00,14,False Positive
2485,INV_19,2020-01-10 05:25:00,2020-01-10 07:41:00,136,Fraud
2486,INV_16,2020-01-10 06:05:00,2020-01-10 08:57:00,172,Fraud
2487,INV_1,2020-01-10 05:26:00,2020-01-10 05:37:00,11,False Positive
2488,INV_12,2020-01-10 05:54:00,2020-01-10 06:28:00,34,False Positive
2489,INV_9,2020-01-10 05:48:00,2020-01-10 07:47:00,119,Fraud
2490,INV_8,2020-01-10 05:34:00,2020-01-10 06:51:00,77,False Positive
2491,INV_7,2020-01-10 05:54:00,2020-01-10 08:37:00,163,False Positive
2492,INV_6,2020-01-10 07:44:00,2020-01-10 08:17:00,33,Fraud
2493,INV_23,2020-01-10 06:49:00,2020-01-10 07:43:00,54,Fraud
2494,INV_7,2020-01-10 06:24:00,2020-01-10 09:17:00,173,Fraud
2495,INV_4,2020-01-10 07:35:00,2020-01-10 07:45:00,10,Fraud
2496,INV_17,2020-01-10 06:11:00,2020-01-10 08:13:00,122,Fraud
2497,INV_13,2020-01-10 06:32:00,2020-01-10 08:51:00,139,Fraud
2498,INV_9,2020-01-10 06:19:00,2020-01-10 09:06:00,167,Fraud
2499,INV_15,2020-01-10 07:24:00,2020-01-10 10:15:00,171,Fraud
2500,INV_17,2020-01-10 07:43:00,2020-01-10 08:06:00,23,Fraud
2501,INV_6,2020-01-10 08:22:00,2020-01-10 09:07:00,45,False Positive
2502,INV_19,2020-01-10 07:14:00,2020-01-10 09:49:00,155,Fraud
2503,INV_8,2020-01-10 08:43:00,2020-01-10 08:57:00,14,False Positive
2504,INV_2,2020-01-10 08:54:00,2020-01-10 10:40:00,106,Fraud
2505,INV_23,2020-01-10 07:22:00,2020-01-10 07:50:00,28,Fraud
2506,INV_6,2020-01-10 07:22:00,2020-01-10 08:21:00,59,Fraud
2507,INV_1,2020-01-10 07:29:00,2020-01-10 09:40:00,131,Fraud
2508,INV_14,2020-01-10 09:51:00,2020-01-10 11:38:00,107,Fraud
2509,INV_16,2020-01-10 09:46:00,2020-01-10 11:10:00,84,Fraud
2510,INV_19,2020-01-10 09:20:00,2020-01-10 11:58:00,158,Fraud
2511,INV_20,2020-01-10 08:08:00,2020-01-10 10:08:00,120,False Positive
2512,INV_16,2020-01-10 09:32:00,2020-01-10 09:42:00,10,False Positive
2513,INV_22,2020-01-10 09:18:00,2020-01-10 10:28:00,70,False Positive
2514,INV_23,2020-01-10 08:57:00,2020-01-10 11:30:00,153,False Positive
2515,INV_13,2020-01-10 09:40:00,2020-01-10 12:22:00,162,False Positive
2516,INV_4,2020-01-10 09:47:00,2020-01-10 11:09:00,82,Fraud
2517,INV_9,2020-01-10 09:13:00,2020-01-10 11:10:00,117,False Positive
2518,INV_12,2020-01-10 10:24:00,2020-01-10 12:43:00,139,False Positive
2519,INV_2,2020-01-10 09:27:00,2020-01-10 11:05:00,98,Fraud
2520,INV_25,2020-01-10 09:54:00,2020-01-10 10:49:00,55,Fraud
2521,INV_17,2020-01-10 10:38:00,2020-01-10 10:53:00,15,Fraud
2522,INV_1,2020-01-10 09:05:00,2020-01-10 11:33:00,148,False Positive
2523,INV_25,2020-01-10 10:50:00,2020-01-10 12:18:00,88,False Positive
2524,INV_8,2020-01-10 10:15:00,2020-01-10 11:08:00,53,Fraud
2525,INV_2,2020-01-10 10:47:00,2020-01-10 12:51:00,124,False Positive
2526,INV_4,2020-01-10 10:17:00,2020-01-10 11:09:00,52,False Positive
2527,INV_8,2020-01-10 09:47:00,2020-01-10 10:16:00,29,Fraud
2528,INV_18,2020-01-10 09:07:00,2020-01-10 11:58:00,171,Fraud
2529,INV_19,2020-01-10 10:00:00,2020-01-10 10:11:00,11,Fraud
2530,INV_6,2020-01-10 11:25:00,2020-01-10 12:31:00,66,False Positive
2531,INV_7,2020-01-10 11:13:00,2020-01-10 13:25:00,132,False Positive
2532,INV_4,2020-01-10 10:24:00,2020-01-10 11:18:00,54,Fraud
2533,INV_12,2020-01-10 11:27:00,2020-01-10 12:55:00,88,Fraud
2534,INV_8,2020-01-10 11:39:00,2020-01-10 14:37:00,178,False Positive
2535,INV_3,2020-01-10 11:47:00,2020-01-10 12:19:00,32,Fraud
2536,INV_3,2020-01-10 10:54:00,2020-01-10 13:08:00,134,Fraud
2537,INV_1,2020-01-10 10:54:00,2020-01-10 11:23:00,29,False Positive
2538,INV_15,2020-01-10 11:30:00,2020-01-10 12:22:00,52,Fraud
2539,INV_5,2020-01-10 11:38:00,2020-01-10 13:58:00,140,Fraud
2540,INV_18,2020-01-10 10:38:00,2020-01-10 11:43:00,65,False Positive
2541,INV_14,2020-01-10 10:10:00,2020-01-10 11:54:00,104,False Positive
2542,INV_13,2020-01-10 12:06:00,2020-01-10 14:30:00,144,False Positive
2543,INV_19,2020-01-10 12:38:00,2020-01-10 13:50:00,72,False Positive
2544,INV_11,2020-01-10 12:43:00,2020-01-10 14:55:00,132,Fraud
2545,INV_2,2020-01-10 12:05:00,2020-01-10 12:57:00,52,Fraud
2546,INV_19,2020-01-10 12:15:00,2020-01-10 13:20:00,65,False Positive
2547,INV_20,2020-01-10 12:52:00,2020-01-10 14:28:00,96,False Positive
2548,INV_4,2020-01-10 12:44:00,2020-01-10 15:09:00,145,Fraud
2549,INV_3,2020-01-10 12:46:00,2020-01-10 14:16:00,90,Fraud
2550,INV_6,2020-01-10 12:47:00,2020-01-10 14:24:00,97,Fraud
2551,INV_8,2020-01-10 12:56:00,2020-01-10 14:06:00,70,Fraud
2552,INV_16,2020-01-10 12:39:00,2020-01-10 13:37:00,58,False Positive
2553,INV_19,2020-01-10 11:06:00,2020-01-10 14:02:00,176,Fraud
2554,INV_22,2020-01-10 12:23:00,2020-01-10 12:50:00,27,Fraud
2555,INV_22,2020-01-10 11:16:00,2020-01-10 14:12:00,176,False Positive
2556,INV_21,2020-01-10 12:52:00,2020-01-10 14:55:00,123,Fraud
2557,INV_18,2020-01-10 13:32:00,2020-01-10 14:38:00,66,False Positive
2558,INV_25,2020-01-10 13:21:00,2020-01-10 13:35:00,14,Fraud
2559,INV_8,2020-01-10 13:50:00,2020-01-10 15:28:00,98,Fraud
2560,INV_16,2020-01-10 12:20:00,2020-01-10 14:41:00,141,False Positive
2561,INV_13,2020-01-10 12:05:00,2020-01-10 14:21:00,136,Fraud
2562,INV_23,2020-01-10 13:17:00,2020-01-10 14:19:00,62,Fraud
2563,INV_10,2020-01-10 13:03:00,2020-01-10 15:19:00,136,False Positive
2564,INV_18,2020-01-10 12:36:00,2020-01-10 14:46:00,130,Fraud
2565,INV_10,2020-01-10 12:50:00,2020-01-10 13:31:00,41,False Positive
2566,INV_6,2020-01-10 13:51:00,2020-01-10 16:26:00,155,False Positive
2567,INV_23,2020-01-10 13:10:00,2020-01-10 15:58:00,168,Fraud
2568,INV_7,2020-01-10 12:36:00,2020-01-10 12:58:00,22,False Positive
2569,INV_4,2020-01-10 13:06:00,2020-01-10 14:55:00,109,Fraud
2570,INV_22,2020-01-10 13:39:00,2020-01-10 13:51:00,12,Fraud
2571,INV_20,2020-01-10 12:22:00,2020-01-10 12:51:00,29,Fraud
2572,INV_4,2020-01-10 13:45:00,2020-01-10 14:31:00,46,Fraud
2573,INV_19,2020-01-10 14:54:00,2020-01-10 15:25:00,31,False Positive
2574,INV_9,2020-01-10 14:02:00,2020-01-10 14:45:00,43,Fraud
2575,INV_11,2020-01-10 13:27:00,2020-01-10 16:14:00,167,Fraud
2576,INV_15,2020-01-10 14:26:00,2020-01-10 15:17:00,51,False Positive
2577,INV_3,2020-01-10 13:34:00,2020-01-10 14:38:00,64,False Positive
2578,INV_23,2020-01-10 13:34:00,2020-01-10 16:10:00,156,False Positive
2579,INV_8,2020-01-10 13:07:00,2020-01-10 14:04:00,57,Fraud
2580,INV_6,2020-01-10 15:51:00,2020-01-10 16:36:00,45,Fraud
2581,INV_1,2020-01-10 14:49:00,2020-01-10 16:46:00,117,Fraud
2582,INV_6,2020-01-10 15:11:00,2020-01-10 15:45:00,34,Fraud
2583,INV_8,2020-01-10 15:59:00,2020-01-10 18:23:00,144,Fraud
2584,INV_22,2020-01-10 15:22:00,2020-01-10 15:41:00,19,Fraud
2585,INV_20,2020-01-10 14:45:00,2020-01-10 16:55:00,130,Fraud
2586,INV_3,2020-01-10 15:11:00,2020-01-10 16:09:00,58,Fraud
2587,INV_24,2020-01-10 15:40:00,2020-01-10 17:48:00,128,Fraud
2588,INV_5,2020-01-10 15:36:00,2020-01-10 17:11:00,95,Fraud
2589,INV_15,2020-01-10 15:33:00,2020-01-10 18:05:00,152,False Positive
2590,INV_15,2020-01-10 15:19:00,2020-01-10 16:24:00,65,Fraud
2591,INV_2,2020-01-10 15:14:00,2020-01-10 16:39:00,85,False Positive
2592,INV_9,2020-01-10 15:37:00,2020-01-10 16:39:00,62,Fraud
2593,INV_20,2020-01-10 15:52:00,2020-01-10 17:30:00,98,Fraud
2594,INV_7,2020-01-10 14:06:00,2020-01-10 16:49:00,163,False Positive
2595,INV_10,2020-01-10 15:46:00,2020-01-10 18:00:00,134,Fraud
2596,INV_7,2020-01-10 15:54:00,2020-01-10 16:25:00,31,Fraud
2597,INV_8,2020-01-10 16:44:00,2020-01-10 19:42:00,178,Fraud
2598,INV_25,2020-01-10 15:09:00,2020-01-10 17:55:00,166,Fraud
2599,INV_15,2020-01-10 15:40:00,2020-01-10 18:23:00,163,False Positive
2600,INV_18,2020-01-10 15:09:00,2020-01-10 16:06:00,57,Fraud
2601,INV_2,2020-01-10 16:36:00,2020-01-10 17:34:00,58,Fraud
2602,INV_22,2020-01-10 15:28:00,2020-01-10 16:16:00,48,False Positive
2603,INV_21,2020-01-10 16:55:00,2020-01-10 18:53:00,118,False Positive
2604,INV_8,2020-01-10 16:12:00,2020-01-10 16:28:00,16,False Positive
2605,INV_25,2020-01-10 15:10:00,2020-01-10 16:51:00,101,Fraud
2606,INV_20,2020-01-10 16:06:00,2020-01-10 18:55:00,169,Fraud
2607,INV_9,2020-01-10 15:41:00,2020-01-10 16:37:00,56,Fraud
2608,INV_2,2020-01-10 16:25:00,2020-01-10 18:41:00,136,Fraud
2609,INV_10,2020-01-10 15:29:00,2020-01-10 17:12:00,103,False Positive
2610,INV_23,2020-01-10 15:57:00,2020-01-10 17:01:00,64,Fraud
2611,INV_13,2020-01-10 15:16:00,2020-01-10 17:37:00,141,Fraud
2612,INV_8,2020-01-10 16:26:00,2020-01-10 16:43:00,17,False Positive
2613,INV_3,2020-01-10 15:19:00,2020-01-10 16:18:00,59,False Positive
2614,INV_14,2020-01-10 17:07:00,2020-01-10 18:46:00,99,False Positive
2615,INV_9,2020-01-10 16:28:00,2020-01-10 17:14:00,46,False Positive
2616,INV_4,2020-01-10 17:29:00,2020-01-10 18:20:00,51,Fraud
2617,INV_18,2020-01-10 16:10:00,2020-01-10 18:12:00,122,Fraud
2618,INV_15,2020-01-10 17:03:00,2020-01-10 19:44:00,161,False Positive
2619,INV_10,2020-01-10 16:30:00,2020-01-10 16:56:00,26,False Positive
2620,INV_2,2020-01-10 17:53:00,2020-01-10 19:24:00,91,False Positive
2621,INV_18,2020-01-10 16:22:00,2020-01-10 17:50:00,88,Fraud
2622,INV_22,2020-01-10 17:26:00,2020-01-10 17:55:00,29,False Positive
2623,INV_8,2020-01-10 16:50:00,2020-01-10 18:41:00,111,Fraud
2624,INV_10,2020-01-10 17:43:00,2020-01-10 18:25:00,42,Fraud
2625,INV_25,2020-01-10 18:42:00,2020-01-10 19:52:00,70,Fraud
2626,INV_23,2020-01-10 17:10:00,2020-01-10 19:44:00,154,False Positive
2627,INV_21,2020-01-10 17:58:00,2020-01-10 20:25:00,147,Fraud
2628,INV_4,2020-01-10 18:22:00,2020-01-10 20:37:00,135,Fraud
2629,INV_5,2020-01-10 18:25:00,2020-01-10 19:15:00,50,Fraud
2630,INV_1,2020-01-10 17:10:00,2020-01-10 19:35:00,145,False Positive
2631,INV_20,2020-01-10 17:21:00,2020-01-10 18:48:00,87,Fraud
2632,INV_8,2020-01-10 18:36:00,2020-01-10 20:48:00,132,False Positive
2633,INV_10,2020-01-10 18:09:00,2020-01-10 20:17:00,128,False Positive
2634,INV_4,2020-01-10 18:32:00,2020-01-10 19:30:00,58,False Positive
2635,INV_7,2020-01-10 17:31:00,2020-01-10 18:00:00,29,Fraud
2636,INV_23,2020-01-10 19:22:00,2020-01-10 21:14:00,112,Fraud
2637,INV_21,2020-01-10 19:02:00,2020-01-10 20:57:00,115,Fraud
2638,INV_20,2020-01-10 19:39:00,2020-01-10 21:09:00,90,Fraud
2639,INV_25,2020-01-10 18:34:00,2020-01-10 19:12:00,38,Fraud
2640,INV_9,2020-01-10 19:06:00,2020-01-10 19:22:00,16,Fraud
2641,INV_23,2020-01-10 19:59:00,2020-01-10 22:26:00,147,Fraud
2642,INV_18,2020-01-10 18:21:00,2020-01-10 21:10:00,169,Fraud
2643,INV_16,2020-01-10 18:48:00,2020-01-10 19:59:00,71,Fraud
2644,INV_13,2020-01-10 19:48:00,2020-01-10 22:46:00,178,Fraud
2645,INV_17,2020-01-10 19:37:00,2020-01-10 20:57:00,80,False Positive
2646,INV_16,2020-01-10 18:57:00,2020-01-10 21:47:00,170,Fraud
2647,INV_4,2020-01-10 18:10:00,2020-01-10 20:52:00,162,Fraud
2648,INV_4,2020-01-10 18:18:00,2020-01-10 18:37:00,19,False Positive
2649,INV_4,2020-01-10 19:09:00,2020-01-10 19:30:00,21,False Positive
2650,INV_17,2020-01-10 20:13:00,2020-01-10 22:50:00,157,Fraud
2651,INV_7,2020-01-10 19:54:00,2020-01-10 21:16:00,82,False Positive
2652,INV_24,2020-01-10 20:35:00,2020-01-10 21:01:00,26,Fraud
2653,INV_25,2020-01-10 20:01:00,2020-01-10 21:07:00,66,Fraud
2654,INV_20,2020-01-10 19:36:00,2020-01-10 21:39:00,123,Fraud
2655,INV_23,2020-01-10 20:56:00,2020-01-10 23:34:00,158,Fraud
2656,INV_2,2020-01-10 19:58:00,2020-01-10 22:50:00,172,Fraud
2657,INV_21,2020-01-10 20:07:00,2020-01-10 22:08:00,121,False Positive
2658,INV_18,2020-01-10 20:16:00,2020-01-10 22:07:00,111,Fraud
2659,INV_13,2020-01-10 19:35:00,2020-01-10 21:32:00,117,Fraud
2660,INV_12,2020-01-10 21:51:00,2020-01-11 00:19:00,148,False Positive
2661,INV_2,2020-01-10 20:27:00,2020-01-10 21:19:00,52,Fraud
2662,INV_13,2020-01-10 21:54:00,2020-01-11 00:20:00,146,False Positive
2663,INV_7,2020-01-10 20:44:00,2020-01-10 21:31:00,47,False Positive
2664,INV_24,2020-01-10 20:37:00,2020-01-10 22:12:00,95,Fraud
2665,INV_14,2020-01-10 20:50:00,2020-01-10 23:06:00,136,Fraud
2666,INV_22,2020-01-10 20:53:00,2020-01-10 21:21:00,28,Fraud
2667,INV_25,2020-01-10 20:54:00,2020-01-10 21:41:00,47,Fraud
2668,INV_24,2020-01-10 21:52:00,2020-01-10 23:41:00,109,False Positive
2669,INV_21,2020-01-10 21:01:00,2020-01-10 22:49:00,108,Fraud
2670,INV_23,2020-01-10 21:39:00,2020-01-10 21:54:00,15,False Positive
2671,INV_2,2020-01-10 21:19:00,2020-01-10 23:16:00,117,Fraud
2672,INV_16,2020-01-10 21:55:00,2020-01-10 23:12:00,77,False Positive
2673,INV_16,2020-01-10 22:02:00,2020-01-10 22:26:00,24,False Positive
2674,INV_16,2020-01-10 21:11:00,2020-01-10 23:46:00,155,Fraud
2675,INV_17,2020-01-10 22:01:00,2020-01-10 22:25:00,24,Fraud
2676,INV_15,2020-01-10 22:53:00,2020-01-10 23:59:00,66,Fraud
2677,INV_13,2020-01-10 22:31:00,2020-01-10 23:03:00,32,False Positive
2678,INV_17,2020-01-10 22:13:00,2020-01-10 22:59:00,46,Fraud
2679,INV_4,2020-01-10 21:06:00,2020-01-10 22:44:00,98,Fraud
2680,INV_22,2020-01-10 21:25:00,2020-01-11 00:20:00,175,False Positive
2681,INV_9,2020-01-10 21:34:00,2020-01-10 23:58:00,144,Fraud
2682,INV_4,2020-01-10 22:51:00,2020-01-11 01:44:00,173,Fraud
2683,INV_15,2020-01-10 22:55:00,2020-01-10 23:42:00,47,False Positive
2684,INV_6,2020-01-10 22:54:00,2020-01-11 00:19:00,85,Fraud
2685,INV_24,2020-01-10 23:51:00,2020-01-11 01:20:00,89,Fraud
2686,INV_19,2020-01-10 23:46:00,2020-01-11 01:07:00,81,False Positive
2687,INV_11,2020-01-10 23:15:00,2020-01-11 00:37:00,82,False Positive
2688,INV_1,2020-01-10 22:30:00,2020-01-10 23:46:00,76,Fraud
2689,INV_14,2020-01-10 22:09:00,2020-01-10 22:57:00,48,Fraud
2690,INV_22,2020-01-10 23:59:00,2020-01-11 01:05:00,66,False Positive
2691,INV_24,2020-01-10 22:13:00,2020-01-10 23:29:00,76,Fraud
2692,INV_7,2020-01-10 23:50:00,2020-01-11 01:19:00,89,False Positive
2693,INV_9,2020-01-10 22:12:00,2020-01-10 22:37:00,25,False Positive
2694,INV_12,2020-01-10 22:44:00,2020-01-11 01:39:00,175,Fraud
2695,INV_23,2020-01-10 23:57:00,2020-01-11 01:46:00,109,False Positive
2696,INV_24,2020-01-11 00:57:00,2020-01-11 03:14:00,137,Fraud
2697,INV_8,2020-01-11 00:35:00,2020-01-11 02:45:00,130,False Positive
2698,INV_9,2020-01-11 00:15:00,2020-01-11 01:28:00,73,Fraud
2699,INV_15,2020-01-10 23:52:00,2020-01-11 00:44:00,52,False Positive
2700,INV_3,2020-01-11 00:03:00,2020-01-11 01:47:00,104,False Positive
2701,INV_9,2020-01-10 23:28:00,2020-01-10 23:45:00,17,Fraud
2702,INV_12,2020-01-11 00:49:00,2020-01-11 03:18:00,149,False Positive
2703,INV_19,2020-01-11 00:28:00,2020-01-11 03:13:00,165,False Positive
2704,INV_20,2020-01-10 23:44:00,2020-01-11 02:22:00,158,Fraud
2705,INV_13,2020-01-10 23:09:00,2020-01-11 01:51:00,162,False Positive
2706,INV_18,2020-01-11 00:34:00,2020-01-11 01:17:00,43,False Positive
2707,INV_20,2020-01-11 00:25:00,2020-01-11 01:56:00,91,Fraud
2708,INV_8,2020-01-11 00:42:00,2020-01-11 01:03:00,21,Fraud
2709,INV_4,2020-01-11 01:09:00,2020-01-11 04:01:00,172,Fraud
2710,INV_16,2020-01-11 00:39:00,2020-01-11 02:07:00,88,False Positive
2711,INV_12,2020-01-11 01:30:00,2020-01-11 04:14:00,164,Fraud
2712,INV_13,2020-01-11 00:48:00,2020-01-11 03:37:00,169,Fraud
2713,INV_3,2020-01-11 01:14:00,2020-01-11 01:32:00,18,Fraud
2714,INV_17,2020-01-11 00:57:00,2020-01-11 01:56:00,59,Fraud
2715,INV_8,2020-01-11 01:55:00,2020-01-11 04:03:00,128,False Positive
2716,INV_15,2020-01-11 00:43:00,2020-01-11 02:31:00,108,False Positive
2717,INV_24,2020-01-11 00:11:00,2020-01-11 02:42:00,151,False Positive
2718,INV_20,2020-01-11 01:17:00,2020-01-11 01:41:00,24,Fraud
2719,INV_16,2020-01-11 00:36:00,2020-01-11 00:52:00,16,False Positive
2720,INV_3,2020-01-11 01:30:00,2020-01-11 02:53:00,83,Fraud
2721,INV_18,2020-01-11 01:39:00,2020-01-11 03:22:00,103,False Positive
2722,INV_17,2020-01-11 01:44:00,2020-01-11 03:11:00,87,Fraud
2723,INV_22,2020-01-11 02:15:00,2020-01-11 04:50:00,155,Fraud
2724,INV_23,2020-01-11 02:22:00,2020-01-11 04:25:00,123,Fraud
2725,INV_20,2020-01-11 01:53:00,2020-01-11 02:28:00,35,False Positive
2726,INV_1,2020-01-11 02:18:00,2020-01-11 02:55:00,37,Fraud
2727,INV_19,2020-01-11 02:37:00,2020-01-11 03:17:00,40,Fraud
2728,INV_18,2020-01-11 02:46:00,2020-01-11 05:31:00,165,Fraud
2729,INV_23,2020-01-11 02:28:00,2020-01-11 05:12:00,164,False Positive
2730,INV_15,2020-01-11 02:00:00,2020-01-11 03:27:00,87,Fraud
2731,INV_24,2020-01-11 02:17:00,2020-01-11 04:25:00,128,False Positive
2732,INV_6,2020-01-11 02:35:00,2020-01-11 05:12:00,157,Fraud
2733,INV_19,2020-01-11 02:31:00,2020-01-11 04:18:00,107,Fraud
2734,INV_9,2020-01-11 02:12:00,2020-01-11 03:13:00,61,False Positive
2735,INV_23,2020-01-11 02:15:00,2020-01-11 04:52:00,157,False Positive
2736,INV_25,2020-01-11 02:33:00,2020-01-11 04:39:00,126,False Positive
2737,INV_21,2020-01-11 02:03:00,2020-01-11 03:04:00,61,Fraud
2738,INV_9,2020-01-11 03:08:00,2020-01-11 04:06:00,58,Fraud
2739,INV_7,2020-01-11 02:39:00,2020-01-11 04:45:00,126,False Positive
2740,INV_11,2020-01-11 02:41:00,2020-01-11 05:13:00,152,Fraud
2741,INV_23,2020-01-11 02:45:00,2020-01-11 05:31:00,166,Fraud
2742,INV_23,2020-01-11 03:55:00,2020-01-11 05:22:00,87,False Positive
2743,INV_20,2020-01-11 03:20:00,2020-01-11 05:14:00,114,Fraud
2744,INV_14,2020-01-11 03:16:00,2020-01-11 03:46:00,30,Fraud
2745,INV_6,2020-01-11 03:02:00,2020-01-11 04:34:00,92,Fraud
2746,INV_19,2020-01-11 03:13:00,2020-01-11 04:15:00,62,False Positive
2747,INV_16,2020-01-11 04:00:00,2020-01-11 04:32:00,32,False Positive
2748,INV_14,2020-01-11 04:54:00,2020-01-11 05:13:00,19,Fraud
2749,INV_15,2020-01-11 04:17:00,2020-01-11 04:29:00,12,Fraud
2750,INV_9,2020-01-11 03:29:00,2020-01-11 04:34:00,65,False Positive
2751,INV_24,2020-01-11 03:31:00,2020-01-11 05:36:00,125,Fraud
2752,INV_14,2020-01-11 03:35:00,2020-01-11 05:09:00,94,Fraud
2753,INV_21,2020-01-11 04:17:00,2020-01-11 07:01:00,164,False Positive
2754,INV_11,2020-01-11 05:16:00,2020-01-11 07:23:00,127,Fraud
2755,INV_16,2020-01-11 04:34:00,2020-01-11 07:02:00,148,Fraud
2756,INV_9,2020-01-11 04:58:00,2020-01-11 06:36:00,98,False Positive
2757,INV_15,2020-01-11 04:57:00,2020-01-11 07:08:00,131,False Positive
2758,INV_25,2020-01-11 05:22:00,2020-01-11 08:03:00,161,Fraud
2759,INV_17,2020-01-11 05:17:00,2020-01-11 07:21:00,124,Fraud
2760,INV_25,2020-01-11 05:42:00,2020-01-11 08:18:00,156,False Positive
2761,INV_11,2020-01-11 04:46:00,2020-01-11 06:07:00,81,False Positive
2762,INV_15,2020-01-11 05:47:00,2020-01-11 07:31:00,104,Fraud
2763,INV_13,2020-01-11 05:49:00,2020-01-11 06:52:00,63,Fraud
2764,INV_23,2020-01-11 04:19:00,2020-01-11 04:33:00,14,Fraud
2765,INV_18,2020-01-11 05:20:00,2020-01-11 07:51:00,151,Fraud
2766,INV_14,2020-01-11 06:59:00,2020-01-11 08:51:00,112,Fraud
2767,INV_1,2020-01-11 05:45:00,2020-01-11 07:00:00,75,False Positive
2768,INV_2,2020-01-11 05:31:00,2020-01-11 06:27:00,56,Fraud
2769,INV_6,2020-01-11 06:15:00,2020-01-11 06:49:00,34,Fraud
2770,INV_20,2020-01-11 07:46:00,2020-01-11 10:28:00,162,Fraud
2771,INV_22,2020-01-11 07:35:00,2020-01-11 08:01:00,26,Fraud
2772,INV_17,2020-01-11 06:50:00,2020-01-11 09:01:00,131,Fraud
2773,INV_13,2020-01-11 07:50:00,2020-01-11 08:23:00,33,False Positive
2774,INV_12,2020-01-11 08:48:00,2020-01-11 10:11:00,83,False Positive
2775,INV_4,2020-01-11 07:29:00,2020-01-11 09:08:00,99,Fraud
2776,INV_18,2020-01-11 07:53:00,2020-01-11 08:41:00,48,Fraud
2777,INV_8,2020-01-11 08:32:00,2020-01-11 09:23:00,51,Fraud
2778,INV_11,2020-01-11 07:14:00,2020-01-11 08:53:00,99,False Positive
2779,INV_5,2020-01-11 08:07:00,2020-01-11 10:26:00,139,False Positive
2780,INV_13,2020-01-11 08:58:00,2020-01-11 09:52:00,54,Fraud
2781,INV_22,2020-01-11 08:42:00,2020-01-11 10:22:00,100,Fraud
2782,INV_24,2020-01-11 09:39:00,2020-01-11 10:55:00,76,Fraud
2783,INV_21,2020-01-11 09:46:00,2020-01-11 12:12:00,146,Fraud
2784,INV_8,2020-01-11 08:14:00,2020-01-11 10:59:00,165,False Positive
2785,INV_15,2020-01-11 09:24:00,2020-01-11 11:12:00,108,False Positive
2786,INV_7,2020-01-11 08:44:00,2020-01-11 09:12:00,28,False Positive
2787,INV_7,2020-01-11 09:34:00,2020-01-11 11:15:00,101,Fraud
2788,INV_14,2020-01-11 09:21:00,2020-01-11 11:59:00,158,False Positive
2789,INV_23,2020-01-11 09:58:00,2020-01-11 12:38:00,160,Fraud
2790,INV_17,2020-01-11 08:12:00,2020-01-11 10:31:00,139,Fraud
2791,INV_13,2020-01-11 09:42:00,2020-01-11 10:54:00,72,Fraud
2792,INV_23,2020-01-11 10:36:00,2020-01-11 11:01:00,25,Fraud
2793,INV_24,2020-01-11 10:55:00,2020-01-11 11:30:00,35,False Positive
2794,INV_6,2020-01-11 09:11:00,2020-01-11 11:22:00,131,False Positive
2795,INV_7,2020-01-11 09:31:00,2020-01-11 10:52:00,81,Fraud
2796,INV_10,2020-01-11 10:22:00,2020-01-11 11:21:00,59,Fraud
2797,INV_6,2020-01-11 10:31:00,2020-01-11 12:04:00,93,Fraud
2798,INV_3,2020-01-11 10:09:00,2020-01-11 12:08:00,119,Fraud
2799,INV_9,2020-01-11 09:33:00,2020-01-11 11:18:00,105,False Positive
2800,INV_10,2020-01-11 10:02:00,2020-01-11 11:28:00,86,False Positive
2801,INV_7,2020-01-11 09:31:00,2020-01-11 11:38:00,127,Fraud
2802,INV_20,2020-01-11 09:27:00,2020-01-11 11:18:00,111,Fraud
2803,INV_11,2020-01-11 09:05:00,2020-01-11 11:11:00,126,Fraud
2804,INV_14,2020-01-11 10:42:00,2020-01-11 12:59:00,137,False Positive
2805,INV_23,2020-01-11 10:14:00,2020-01-11 11:00:00,46,Fraud
2806,INV_13,2020-01-11 10:39:00,2020-01-11 11:28:00,49,Fraud
2807,INV_3,2020-01-11 09:12:00,2020-01-11 10:30:00,78,False Positive
2808,INV_11,2020-01-11 10:47:00,2020-01-11 11:35:00,48,Fraud
2809,INV_20,2020-01-11 09:14:00,2020-01-11 11:05:00,111,Fraud
2810,INV_15,2020-01-11 10:30:00,2020-01-11 11:17:00,47,Fraud
2811,INV_12,2020-01-11 09:33:00,2020-01-11 11:57:00,144,False Positive
2812,INV_19,2020-01-11 09:44:00,2020-01-11 10:43:00,59,Fraud
2813,INV_13,2020-01-11 09:13:00,2020-01-11 11:42:00,149,False Positive
2814,INV_10,2020-01-11 09:09:00,2020-01-11 09:19:00,10,Fraud
2815,INV_8,2020-01-11 10:19:00,2020-01-11 11:25:00,66,False Positive
2816,INV_21,2020-01-11 10:56:00,2020-01-11 13:48:00,172,Fraud
2817,INV_8,2020-01-11 10:16:00,2020-01-11 10:46:00,30,False Positive
2818,INV_24,2020-01-11 09:37:00,2020-01-11 11:22:00,105,Fraud
2819,INV_16,2020-01-11 09:21:00,2020-01-11 09:56:00,35,Fraud
2820,INV_4,2020-01-11 10:54:00,2020-01-11 13:52:00,178,Fraud
2821,INV_4,2020-01-11 10:31:00,2020-01-11 10:58:00,27,Fraud
2822,INV_19,2020-01-11 11:16:00,2020-01-11 13:29:00,133,Fraud
2823,INV_24,2020-01-11 10:59:00,2020-01-11 13:25:00,146,False Positive
2824,INV_10,2020-01-11 11:19:00,2020-01-11 12:25:00,66,Fraud
2825,INV_14,2020-01-11 11:36:00,2020-01-11 13:42:00,126,Fraud
2826,INV_6,2020-01-11 10:33:00,2020-01-11 12:28:00,115,Fraud
2827,INV_23,2020-01-11 11:09:00,2020-01-11 14:07:00,178,False Positive
2828,INV_19,2020-01-11 11:30:00,2020-01-11 13:22:00,112,False Positive
2829,INV_4,2020-01-11 11:02:00,2020-01-11 13:34:00,152,False Positive
2830,INV_9,2020-01-11 10:37:00,2020-01-11 11:07:00,30,Fraud
2831,INV_23,2020-01-11 11:22:00,2020-01-11 13:58:00,156,False Positive
2832,INV_5,2020-01-11 10:05:00,2020-01-11 12:58:00,173,False Positive
2833,INV_12,2020-01-11 10:41:00,2020-01-11 11:53:00,72,Fraud
2834,INV_17,2020-01-11 11:19:00,2020-01-11 14:03:00,164,Fraud
2835,INV_9,2020-01-11 10:55:00,2020-01-11 13:08:00,133,Fraud
2836,INV_20,2020-01-11 10:39:00,2020-01-11 13:16:00,157,False Positive
2837,INV_1,2020-01-11 11:42:00,2020-01-11 14:08:00,146,Fraud
2838,INV_4,2020-01-11 11:27:00,2020-01-11 11:42:00,15,Fraud
2839,INV_5,2020-01-11 11:09:00,2020-01-11 13:17:00,128,Fraud
2840,INV_10,2020-01-11 10:47:00,2020-01-11 12:42:00,115,Fraud
2841,INV_6,2020-01-11 10:44:00,2020-01-11 11:47:00,63,False Positive
2842,INV_17,2020-01-11 11:17:00,2020-01-11 11:46:00,29,Fraud
2843,INV_18,2020-01-11 12:56:00,2020-01-11 15:01:00,125,Fraud
2844,INV_9,2020-01-11 11:05:00,2020-01-11 12:23:00,78,Fraud
2845,INV_6,2020-01-11 11:45:00,2020-01-11 13:25:00,100,False Positive
2846,INV_6,2020-01-11 12:32:00,2020-01-11 13:31:00,59,Fraud
2847,INV_19,2020-01-11 12:10:00,2020-01-11 13:36:00,86,Fraud
2848,INV_14,2020-01-11 12:24:00,2020-01-11 14:11:00,107,Fraud
2849,INV_8,2020-01-11 11:49:00,2020-01-11 12:06:00,17,Fraud
2850,INV_5,2020-01-11 11:18:00,2020-01-11 11:36:00,18,Fraud
2851,INV_25,2020-01-11 11:35:00,2020-01-11 13:11:00,96,False Positive
2852,INV_2,2020-01-11 12:35:00,2020-01-11 12:50:00,15,Fraud
2853,INV_4,2020-01-11 12:20:00,2020-01-11 14:55:00,155,False Positive
2854,INV_21,2020-01-11 13:21:00,2020-01-11 13:38:00,17,False Positive
2855,INV_1,2020-01-11 14:20:00,2020-01-11 15:53:00,93,Fraud
2856,INV_15,2020-01-11 13:35:00,2020-01-11 16:31:00,176,False Positive
2857,INV_8,2020-01-11 13:20:00,2020-01-11 13:41:00,21,Fraud
2858,INV_4,2020-01-11 14:22:00,2020-01-11 16:48:00,146,Fraud
2859,INV_18,2020-01-11 13:17:00,2020-01-11 16:08:00,171,Fraud
2860,INV_23,2020-01-11 13:10:00,2020-01-11 15:02:00,112,False Positive
2861,INV_14,2020-01-11 13:39:00,2020-01-11 14:20:00,41,Fraud
2862,INV_16,2020-01-11 14:10:00,2020-01-11 16:32:00,142,Fraud
2863,INV_10,2020-01-11 14:57:00,2020-01-11 17:05:00,128,Fraud
2864,INV_17,2020-01-11 15:29:00,2020-01-11 18:00:00,151,False Positive
2865,INV_24,2020-01-11 15:43:00,2020-01-11 16:26:00,43,False Positive
2866,INV_15,2020-01-11 15:04:00,2020-01-11 15:24:00,20,False Positive
2867,INV_19,2020-01-11 15:50:00,2020-01-11 16:49:00,59,False Positive
2868,INV_23,2020-01-11 14:07:00,2020-01-11 14:45:00,38,Fraud
2869,INV_8,2020-01-11 15:40:00,2020-01-11 17:12:00,92,Fraud
2870,INV_19,2020-01-11 15:22:00,2020-01-11 16:56:00,94,False Positive
2871,INV_10,2020-01-11 15:19:00,2020-01-11 18:00:00,161,Fraud
2872,INV_18,2020-01-11 15:16:00,2020-01-11 15:33:00,17,False Positive
2873,INV_21,2020-01-11 15:10:00,2020-01-11 18:00:00,170,Fraud
2874,INV_20,2020-01-11 16:29:00,2020-01-11 16:51:00,22,False Positive
2875,INV_20,2020-01-11 15:08:00,2020-01-11 17:31:00,143,Fraud
2876,INV_16,2020-01-11 16:12:00,2020-01-11 18:12:00,120,Fraud
2877,INV_1,2020-01-11 15:24:00,2020-01-11 16:50:00,86,False Positive
2878,INV_2,2020-01-11 16:09:00,2020-01-11 18:53:00,164,False Positive
2879,INV_1,2020-01-11 15:14:00,2020-01-11 17:59:00,165,False Positive
2880,INV_5,2020-01-11 16:47:00,2020-01-11 18:43:00,116,Fraud
2881,INV_21,2020-01-11 16:45:00,2020-01-11 18:59:00,134,False Positive
2882,INV_2,2020-01-11 16:49:00,2020-01-11 18:33:00,104,Fraud
2883,INV_9,2020-01-11 17:37:00,2020-01-11 19:11:00,94,Fraud
2884,INV_18,2020-01-11 16:12:00,2020-01-11 18:53:00,161,Fraud
2885,INV_19,2020-01-11 17:11:00,2020-01-11 18:56:00,105,Fraud
2886,INV_20,2020-01-11 17:35:00,2020-01-11 17:57:00,22,Fraud
2887,INV_16,2020-01-11 17:54:00,2020-01-11 18:29:00,35,Fraud
2888,INV_13,2020-01-11 17:01:00,2020-01-11 19:28:00,147,Fraud
2889,INV_18,2020-01-11 17:36:00,2020-01-11 18:24:00,48,Fraud
2890,INV_24,2020-01-11 17:38:00,2020-01-11 18:41:00,63,False Positive
2891,INV_21,2020-01-11 17:22:00,2020-01-11 17:37:00,15,Fraud
2892,INV_14,2020-01-11 18:13:00,2020-01-11 20:08:00,115,False Positive
2893,INV_2,2020-01-11 18:47:00,2020-01-11 21:39:00,172,False Positive
2894,INV_19,2020-01-11 17:37:00,2020-01-11 18:30:00,53,Fraud
2895,INV_18,2020-01-11 18:53:00,2020-01-11 21:00:00,127,Fraud
2896,INV_17,2020-01-11 18:17:00,2020-01-11 21:09:00,172,False Positive
2897,INV_10,2020-01-11 19:19:00,2020-01-11 22:10:00,171,False Positive
2898,INV_23,2020-01-11 18:55:00,2020-01-11 20:32:00,97,Fraud
2899,INV_22,2020-01-11 19:01:00,2020-01-11 19:34:00,33,Fraud
2900,INV_23,2020-01-11 19:48:00,2020-01-11 20:56:00,68,Fraud
2901,INV_8,2020-01-11 18:07:00,2020-01-11 19:20:00,73,False Positive
2902,INV_6,2020-01-11 18:21:00,2020-01-11 21:13:00,172,Fraud
2903,INV_2,2020-01-11 19:25:00,2020-01-11 22:14:00,169,Fraud
2904,INV_1,2020-01-11 20:13:00,2020-01-11 20:53:00,40,False Positive
2905,INV_22,2020-01-11 19:51:00,2020-01-11 21:10:00,79,Fraud
2906,INV_15,2020-01-11 20:07:00,2020-01-11 20:19:00,12,False Positive
2907,INV_20,2020-01-11 19:14:00,2020-01-11 21:06:00,112,Fraud
2908,INV_20,2020-01-11 19:20:00,2020-01-11 20:28:00,68,Fraud
2909,INV_15,2020-01-11 20:16:00,2020-01-11 21:52:00,96,False Positive
2910,INV_19,2020-01-11 19:07:00,2020-01-11 19:52:00,45,Fraud
2911,INV_18,2020-01-11 20:22:00,2020-01-11 21:24:00,62,False Positive
2912,INV_21,2020-01-11 20:38:00,2020-01-11 21:20:00,42,Fraud
2913,INV_4,2020-01-11 19:54:00,2020-01-11 21:25:00,91,Fraud
2914,INV_14,2020-01-11 20:34:00,2020-01-11 20:54:00,20,False Positive
2915,INV_19,2020-01-11 20:33:00,2020-01-11 23:12:00,159,False Positive
2916,INV_6,2020-01-11 20:30:00,2020-01-11 22:43:00,133,False Positive
2917,INV_21,2020-01-11 21:49:00,2020-01-11 23:02:00,73,Fraud
2918,INV_21,2020-01-11 20:24:00,2020-01-11 22:37:00,133,Fraud
2919,INV_11,2020-01-11 21:11:00,2020-01-11 23:43:00,152,False Positive
2920,INV_22,2020-01-11 20:57:00,2020-01-11 23:20:00,143,Fraud
2921,INV_7,2020-01-11 20:26:00,2020-01-11 23:02:00,156,Fraud
2922,INV_24,2020-01-11 20:18:00,2020-01-11 20:42:00,24,Fraud
2923,INV_15,2020-01-11 21:13:00,2020-01-11 23:31:00,138,Fraud
2924,INV_25,2020-01-11 21:19:00,2020-01-11 23:28:00,129,Fraud
2925,INV_9,2020-01-11 20:24:00,2020-01-11 22:33:00,129,Fraud
2926,INV_13,2020-01-11 22:22:00,2020-01-12 00:37:00,135,False Positive
2927,INV_18,2020-01-11 22:28:00,2020-01-11 23:10:00,42,Fraud
2928,INV_5,2020-01-11 21:16:00,2020-01-11 22:54:00,98,Fraud
2929,INV_4,2020-01-11 22:12:00,2020-01-12 00:58:00,166,False Positive
2930,INV_2,2020-01-11 22:33:00,2020-01-11 23:39:00,66,False Positive
2931,INV_2,2020-01-11 21:53:00,2020-01-11 23:20:00,87,Fraud
2932,INV_3,2020-01-11 21:41:00,2020-01-12 00:13:00,152,False Positive
2933,INV_17,2020-01-11 21:58:00,2020-01-12 00:07:00,129,Fraud
2934,INV_2,2020-01-11 22:31:00,2020-01-12 00:21:00,110,Fraud
2935,INV_21,2020-01-11 21:17:00,2020-01-11 21:46:00,29,False Positive
2936,INV_17,2020-01-11 22:35:00,2020-01-11 23:24:00,49,False Positive
2937,INV_25,2020-01-11 21:41:00,2020-01-12 00:00:00,139,False Positive
2938,INV_13,2020-01-11 22:52:00,2020-01-11 23:54:00,62,False Positive
2939,INV_7,2020-01-11 21:42:00,2020-01-11 21:54:00,12,Fraud
2940,INV_5,2020-01-11 22:04:00,2020-01-11 22:39:00,35,Fraud
2941,INV_14,2020-01-11 22:41:00,2020-01-11 23:42:00,61,Fraud
2942,INV_22,2020-01-11 21:23:00,2020-01-11 23:23:00,120,Fraud
2943,INV_14,2020-01-11 22:11:00,2020-01-11 23:11:00,60,Fraud
2944,INV_24,2020-01-11 22:11:00,2020-01-11 22:22:00,11,Fraud
2945,INV_16,2020-01-11 21:17:00,2020-01-11 21:37:00,20,Fraud
2946,INV_20,2020-01-11 22:43:00,2020-01-11 23:39:00,56,False Positive
2947,INV_20,2020-01-11 23:26:00,2020-01-12 00:34:00,68,Fraud
2948,INV_9,2020-01-11 23:20:00,2020-01-12 00:05:00,45,Fraud
2949,INV_15,2020-01-11 23:13:00,2020-01-12 00:47:00,94,Fraud
2950,INV_19,2020-01-11 23:25:00,2020-01-12 01:42:00,137,Fraud
2951,INV_16,2020-01-11 22:41:00,2020-01-11 23:34:00,53,Fraud
2952,INV_7,2020-01-11 23:08:00,2020-01-12 00:33:00,85,Fraud
2953,INV_9,2020-01-11 23:13:00,2020-01-11 23:55:00,42,Fraud
2954,INV_17,2020-01-11 22:41:00,2020-01-12 00:14:00,93,Fraud
2955,INV_9,2020-01-11 22:31:00,2020-01-11 23:00:00,29,Fraud
2956,INV_5,2020-01-11 22:47:00,2020-01-11 23:42:00,55,Fraud
2957,INV_15,2020-01-11 23:20:00,2020-01-12 02:01:00,161,Fraud
2958,INV_3,2020-01-11 23:11:00,2020-01-12 01:38:00,147,False Positive
2959,INV_5,2020-01-11 23:51:00,2020-01-12 02:41:00,170,Fraud
2960,INV_3,2020-01-11 22:26:00,2020-01-11 23:25:00,59,Fraud
2961,INV_21,2020-01-11 23:47:00,2020-01-12 00:09:00,22,False Positive
2962,INV_7,2020-01-11 23:12:00,2020-01-12 00:03:00,51,Fraud
2963,INV_5,2020-01-11 23:38:00,2020-01-12 00:39:00,61,Fraud
2964,INV_20,2020-01-11 23:29:00,2020-01-12 02:20:00,171,Fraud
2965,INV_4,2020-01-11 23:07:00,2020-01-11 23:44:00,37,False Positive
2966,INV_22,2020-01-11 22:59:00,2020-01-12 00:35:00,96,False Positive
2967,INV_15,2020-01-11 22:06:00,2020-01-12 00:30:00,144,Fraud
2968,INV_6,2020-01-11 23:59:00,2020-01-12 01:28:00,89,Fraud
2969,INV_13,2020-01-11 23:49:00,2020-01-12 01:04:00,75,False Positive
2970,INV_3,2020-01-12 00:06:00,2020-01-12 02:22:00,136,Fraud
2971,INV_23,2020-01-11 23:22:00,2020-01-12 01:38:00,136,False Positive
2972,INV_3,2020-01-12 00:59:00,2020-01-12 01:21:00,22,Fraud
2973,INV_22,2020-01-11 23:23:00,2020-01-12 01:33:00,130,False Positive
2974,INV_2,2020-01-12 00:17:00,2020-01-12 03:01:00,164,Fraud
2975,INV_8,2020-01-12 01:36:00,2020-01-12 04:23:00,167,False Positive
2976,INV_6,2020-01-12 01:42:00,2020-01-12 02:11:00,29,Fraud
2977,INV_13,2020-01-12 00:07:00,2020-01-12 01:00:00,53,False Positive
2978,INV_6,2020-01-12 00:10:00,2020-01-12 01:34:00,84,False Positive
2979,INV_9,2020-01-12 01:53:00,2020-01-12 02:59:00,66,Fraud
2980,INV_15,2020-01-12 00:11:00,2020-01-12 02:00:00,109,False Positive
2981,INV_11,2020-01-12 01:53:00,2020-01-12 04:43:00,170,Fraud
2982,INV_13,2020-01-12 00:58:00,2020-01-12 01:33:00,35,False Positive
2983,INV_16,2020-01-12 01:30:00,2020-01-12 01:54:00,24,Fraud
2984,INV_23,2020-01-12 02:36:00,2020-01-12 03:11:00,35,False Positive
2985,INV_18,2020-01-12 01:17:00,2020-01-12 02:14:00,57,Fraud
2986,INV_7,2020-01-12 02:05:00,2020-01-12 02:58:00,53,Fraud
2987,INV_4,2020-01-12 02:50:00,2020-01-12 03:27:00,37,False Positive
2988,INV_16,2020-01-12 01:52:00,2020-01-12 02:45:00,53,False Positive
2989,INV_15,2020-01-12 01:25:00,2020-01-12 03:46:00,141,Fraud
2990,INV_10,2020-01-12 01:39:00,2020-01-12 02:48:00,69,False Positive
2991,INV_7,2020-01-12 02:56:00,2020-01-12 04:27:00,91,Fraud
2992,INV_19,2020-01-12 02:08:00,2020-01-12 04:46:00,158,Fraud
2993,INV_23,2020-01-12 02:09:00,2020-01-12 04:10:00,121,False Positive
2994,INV_3,2020-01-12 02:06:00,2020-01-12 02:53:00,47,False Positive
2995,INV_4,2020-01-12 02:08:00,2020-01-12 02:34:00,26,False Positive
2996,INV_15,2020-01-12 02:47:00,2020-01-12 03:44:00,57,Fraud
2997,INV_19,2020-01-12 02:56:00,2020-01-12 04:53:00,117,Fraud
2998,INV_8,2020-01-12 03:39:00,2020-01-12 05:59:00,140,Fraud
2999,INV_17,2020-01-12 02:48:00,2020-01-12 05:46:00,178,False Positive
3000,INV_17,2020-01-12 02:47:00,2020-01-12 04:34:00,107,Fraud
3001,INV_3,2020-01-12 03:05:00,2020-01-12 04:17:00,72,Fraud
3002,INV_19,2020-01-12 02:59:00,2020-01-12 05:21:00,142,Fraud
3003,INV_13,2020-01-12 03:43:00,2020-01-12 04:52:00,69,Fraud
3004,INV_8,2020-01-12 03:07:00,2020-01-12 04:51:00,104,Fraud
3005,INV_21,2020-01-12 03:12:00,2020-01-12 04:48:00,96,Fraud
3006,INV_12,2020-01-12 04:27:00,2020-01-12 06:50:00,143,Fraud
3007,INV_20,2020-01-12 03:12:00,2020-01-12 04:26:00,74,Fraud
3008,INV_6,2020-01-12 04:33:00,2020-01-12 05:25:00,52,Fraud
3009,INV_11,2020-01-12 04:58:00,2020-01-12 05:27:00,29,Fraud
3010,INV_22,2020-01-12 04:52:00,2020-01-12 07:09:00,137,Fraud
3011,INV_4,2020-01-12 03:05:00,2020-01-12 05:02:00,117,Fraud
3012,INV_23,2020-01-12 04:06:00,2020-01-12 04:41:00,35,Fraud
3013,INV_2,2020-01-12 04:58:00,2020-01-12 05:08:00,10,Fraud
3014,INV_13,2020-01-12 04:34:00,2020-01-12 07:16:00,162,Fraud
3015,INV_16,2020-01-12 05:53:00,2020-01-12 06:10:00,17,Fraud
3016,INV_14,2020-01-12 05:13:00,2020-01-12 07:59:00,166,Fraud
3017,INV_1,2020-01-12 04:21:00,2020-01-12 06:45:00,144,Fraud
3018,INV_11,2020-01-12 05:04:00,2020-01-12 06:16:00,72,False Positive
3019,INV_3,2020-01-12 04:36:00,2020-01-12 05:12:00,36,Fraud
3020,INV_12,2020-01-12 05:17:00,2020-01-12 08:15:00,178,False Positive
3021,INV_10,2020-01-12 06:56:00,2020-01-12 08:10:00,74,Fraud
3022,INV_14,2020-01-12 05:38:00,2020-01-12 07:23:00,105,False Positive
3023,INV_22,2020-01-12 06:44:00,2020-01-12 09:01:00,137,Fraud
3024,INV_24,2020-01-12 05:17:00,2020-01-12 06:18:00,61,False Positive
3025,INV_24,2020-01-12 05:27:00,2020-01-12 07:11:00,104,False Positive
3026,INV_9,2020-01-12 05:56:00,2020-01-12 07:42:00,106,Fraud
3027,INV_10,2020-01-12 06:29:00,2020-01-12 07:41:00,72,False Positive
3028,INV_20,2020-01-12 05:08:00,2020-01-12 07:15:00,127,Fraud
3029,INV_2,2020-01-12 05:19:00,2020-01-12 07:43:00,144,False Positive
3030,INV_19,2020-01-12 05:46:00,2020-01-12 06:18:00,32,Fraud
3031,INV_8,2020-01-12 05:52:00,2020-01-12 08:45:00,173,False Positive
3032,INV_24,2020-01-12 06:33:00,2020-01-12 08:40:00,127,Fraud
3033,INV_22,2020-01-12 06:13:00,2020-01-12 07:37:00,84,False Positive
3034,INV_10,2020-01-12 07:26:00,2020-01-12 08:13:00,47,False Positive
3035,INV_10,2020-01-12 06:39:00,2020-01-12 07:05:00,26,Fraud
3036,INV_24,2020-01-12 06:37:00,2020-01-12 08:17:00,100,Fraud
3037,INV_18,2020-01-12 06:51:00,2020-01-12 09:24:00,153,False Positive
3038,INV_5,2020-01-12 07:23:00,2020-01-12 08:44:00,81,Fraud
3039,INV_14,2020-01-12 07:19:00,2020-01-12 10:01:00,162,Fraud
3040,INV_5,2020-01-12 07:17:00,2020-01-12 09:48:00,151,False Positive
3041,INV_5,2020-01-12 07:14:00,2020-01-12 07:25:00,11,Fraud
3042,INV_3,2020-01-12 06:21:00,2020-01-12 06:34:00,13,False Positive
3043,INV_5,2020-01-12 06:31:00,2020-01-12 07:03:00,32,False Positive
3044,INV_1,2020-01-12 06:23:00,2020-01-12 06:34:00,11,Fraud
3045,INV_10,2020-01-12 06:39:00,2020-01-12 07:29:00,50,Fraud
3046,INV_4,2020-01-12 06:47:00,2020-01-12 09:12:00,145,Fraud
3047,INV_24,2020-01-12 07:55:00,2020-01-12 09:16:00,81,Fraud
3048,INV_2,2020-01-12 07:57:00,2020-01-12 09:36:00,99,Fraud
3049,INV_1,2020-01-12 06:16:00,2020-01-12 09:00:00,164,Fraud
3050,INV_10,2020-01-12 08:22:00,2020-01-12 08:46:00,24,Fraud
3051,INV_18,2020-01-12 07:35:00,2020-01-12 08:04:00,29,Fraud
3052,INV_20,2020-01-12 08:42:00,2020-01-12 11:39:00,177,Fraud
3053,INV_5,2020-01-12 07:33:00,2020-01-12 08:33:00,60,Fraud
3054,INV_7,2020-01-12 07:49:00,2020-01-12 09:02:00,73,Fraud
3055,INV_18,2020-01-12 08:23:00,2020-01-12 09:53:00,90,Fraud
3056,INV_15,2020-01-12 08:43:00,2020-01-12 11:36:00,173,Fraud
3057,INV_24,2020-01-12 08:18:00,2020-01-12 10:09:00,111,Fraud
3058,INV_11,2020-01-12 08:52:00,2020-01-12 09:15:00,23,Fraud
3059,INV_21,2020-01-12 07:28:00,2020-01-12 08:41:00,73,Fraud
3060,INV_10,2020-01-12 08:13:00,2020-01-12 10:12:00,119,Fraud
3061,INV_16,2020-01-12 08:17:00,2020-01-12 09:56:00,99,False Positive
3062,INV_11,2020-01-12 09:40:00,2020-01-12 09:52:00,12,Fraud
3063,INV_25,2020-01-12 09:45:00,2020-01-12 11:28:00,103,Fraud
3064,INV_17,2020-01-12 09:00:00,2020-01-12 11:12:00,132,Fraud
3065,INV_21,2020-01-12 09:20:00,2020-01-12 11:21:00,121,Fraud
3066,INV_16,2020-01-12 09:23:00,2020-01-12 12:10:00,167,Fraud
3067,INV_16,2020-01-12 08:32:00,2020-01-12 08:51:00,19,Fraud
3068,INV_13,2020-01-12 09:32:00,2020-01-12 11:44:00,132,False Positive
3069,INV_15,2020-01-12 08:31:00,2020-01-12 09:19:00,48,Fraud
3070,INV_21,2020-01-12 09:13:00,2020-01-12 10:25:00,72,Fraud
3071,INV_15,2020-01-12 08:05:00,2020-01-12 08:32:00,27,Fraud
3072,INV_20,2020-01-12 08:16:00,2020-01-12 08:35:00,19,Fraud
3073,INV_10,2020-01-12 08:19:00,2020-01-12 08:51:00,32,Fraud
3074,INV_3,2020-01-12 10:05:00,2020-01-12 12:06:00,121,False Positive
3075,INV_19,2020-01-12 09:18:00,2020-01-12 12:00:00,162,False Positive
3076,INV_12,2020-01-12 10:21:00,2020-01-12 11:06:00,45,Fraud
3077,INV_13,2020-01-12 09:44:00,2020-01-12 11:08:00,84,False Positive
3078,INV_6,2020-01-12 09:27:00,2020-01-12 12:16:00,169,Fraud
3079,INV_12,2020-01-12 09:46:00,2020-01-12 12:15:00,149,Fraud
3080,INV_18,2020-01-12 09:50:00,2020-01-12 10:37:00,47,False Positive
3081,INV_12,2020-01-12 09:46:00,2020-01-12 12:11:00,145,Fraud
3082,INV_21,2020-01-12 10:26:00,2020-01-12 13:04:00,158,False Positive
3083,INV_1,2020-01-12 09:22:00,2020-01-12 11:38:00,136,Fraud
3084,INV_22,2020-01-12 10:16:00,2020-01-12 10:43:00,27,False Positive
3085,INV_24,2020-01-12 09:38:00,2020-01-12 12:29:00,171,False Positive
3086,INV_16,2020-01-12 09:10:00,2020-01-12 09:53:00,43,False Positive
3087,INV_10,2020-01-12 09:15:00,2020-01-12 11:41:00,146,False Positive
3088,INV_6,2020-01-12 09:39:00,2020-01-12 10:35:00,56,Fraud
3089,INV_19,2020-01-12 09:41:00,2020-01-12 10:36:00,55,Fraud
3090,INV_2,2020-01-12 09:29:00,2020-01-12 10:53:00,84,False Positive
3091,INV_6,2020-01-12 10:12:00,2020-01-12 10:39:00,27,Fraud
3092,INV_13,2020-01-12 10:14:00,2020-01-12 11:01:00,47,Fraud
3093,INV_8,2020-01-12 10:48:00,2020-01-12 13:25:00,157,False Positive
3094,INV_16,2020-01-12 10:36:00,2020-01-12 11:51:00,75,False Positive
3095,INV_7,2020-01-12 11:31:00,2020-01-12 14:01:00,150,Fraud
3096,INV_5,2020-01-12 10:33:00,2020-01-12 12:41:00,128,Fraud
3097,INV_17,2020-01-12 10:45:00,2020-01-12 12:00:00,75,Fraud
3098,INV_24,2020-01-12 10:50:00,2020-01-12 13:20:00,150,False Positive
3099,INV_16,2020-01-12 10:59:00,2020-01-12 12:20:00,81,False Positive
3100,INV_13,2020-01-12 11:36:00,2020-01-12 12:55:00,79,Fraud
3101,INV_20,2020-01-12 10:48:00,2020-01-12 11:57:00,69,Fraud
3102,INV_12,2020-01-12 10:16:00,2020-01-12 12:28:00,132,Fraud
3103,INV_19,2020-01-12 10:49:00,2020-01-12 11:38:00,49,False Positive
3104,INV_23,2020-01-12 11:29:00,2020-01-12 13:07:00,98,False Positive
3105,INV_17,2020-01-12 10:09:00,2020-01-12 10:45:00,36,Fraud
3106,INV_4,2020-01-12 11:01:00,2020-01-12 13:53:00,172,False Positive
3107,INV_20,2020-01-12 11:52:00,2020-01-12 13:36:00,104,Fraud
3108,INV_15,2020-01-12 10:45:00,2020-01-12 11:48:00,63,False Positive
3109,INV_8,2020-01-12 10:19:00,2020-01-12 11:24:00,65,Fraud
3110,INV_7,2020-01-12 10:43:00,2020-01-12 11:49:00,66,False Positive
3111,INV_22,2020-01-12 11:52:00,2020-01-12 13:58:00,126,False Positive
3112,INV_3,2020-01-12 10:19:00,2020-01-12 12:46:00,147,Fraud
3113,INV_25,2020-01-12 11:10:00,2020-01-12 11:51:00,41,Fraud
3114,INV_7,2020-01-12 10:29:00,2020-01-12 11:07:00,38,False Positive
3115,INV_16,2020-01-12 11:42:00,2020-01-12 12:38:00,56,False Positive
3116,INV_9,2020-01-12 10:07:00,2020-01-12 11:50:00,103,False Positive
3117,INV_3,2020-01-12 11:27:00,2020-01-12 13:39:00,132,Fraud
3118,INV_3,2020-01-12 10:16:00,2020-01-12 11:29:00,73,False Positive
3119,INV_16,2020-01-12 10:31:00,2020-01-12 11:17:00,46,False Positive
3120,INV_6,2020-01-12 11:22:00,2020-01-12 12:26:00,64,Fraud
3121,INV_4,2020-01-12 11:25:00,2020-01-12 12:56:00,91,Fraud
3122,INV_12,2020-01-12 12:27:00,2020-01-12 15:14:00,167,Fraud
3123,INV_21,2020-01-12 12:04:00,2020-01-12 12:36:00,32,Fraud
3124,INV_14,2020-01-12 11:57:00,2020-01-12 14:19:00,142,Fraud
3125,INV_8,2020-01-12 11:09:00,2020-01-12 12:26:00,77,False Positive
3126,INV_21,2020-01-12 12:35:00,2020-01-12 13:28:00,53,False Positive
3127,INV_2,2020-01-12 12:10:00,2020-01-12 14:16:00,126,Fraud
3128,INV_18,2020-01-12 12:12:00,2020-01-12 14:13:00,121,False Positive
3129,INV_11,2020-01-12 12:22:00,2020-01-12 13:47:00,85,False Positive
3130,INV_11,2020-01-12 12:55:00,2020-01-12 14:31:00,96,Fraud
3131,INV_10,2020-01-12 12:06:00,2020-01-12 14:47:00,161,Fraud
3132,INV_4,2020-01-12 11:46:00,2020-01-12 14:17:00,151,False Positive
3133,INV_19,2020-01-12 12:03:00,2020-01-12 14:23:00,140,False Positive
3134,INV_4,2020-01-12 11:25:00,2020-01-12 12:55:00,90,False Positive
3135,INV_1,2020-01-12 11:35:00,2020-01-12 12:17:00,42,Fraud
3136,INV_5,2020-01-12 12:44:00,2020-01-12 14:12:00,88,Fraud
3137,INV_4,2020-01-12 12:57:00,2020-01-12 13:11:00,14,False Positive
3138,INV_12,2020-01-12 12:24:00,2020-01-12 12:36:00,12,Fraud
3139,INV_13,2020-01-12 12:38:00,2020-01-12 15:13:00,155,False Positive
3140,INV_21,2020-01-12 12:52:00,2020-01-12 15:48:00,176,Fraud
3141,INV_7,2020-01-12 13:37:00,2020-01-12 16:35:00,178,False Positive
3142,INV_2,2020-01-12 13:09:00,2020-01-12 15:14:00,125,Fraud
3143,INV_14,2020-01-12 13:02:00,2020-01-12 15:55:00,173,False Positive
3144,INV_14,2020-01-12 13:52:00,2020-01-12 15:44:00,112,Fraud
3145,INV_25,2020-01-12 13:50:00,2020-01-12 14:16:00,26,False Positive
3146,INV_9,2020-01-12 13:40:00,2020-01-12 16:23:00,163,False Positive
3147,INV_24,2020-01-12 13:08:00,2020-01-12 16:04:00,176,Fraud
3148,INV_18,2020-01-12 13:35:00,2020-01-12 16:12:00,157,False Positive
3149,INV_24,2020-01-12 12:08:00,2020-01-12 13:23:00,75,False Positive
3150,INV_22,2020-01-12 12:50:00,2020-01-12 15:31:00,161,Fraud
3151,INV_13,2020-01-12 13:40:00,2020-01-12 14:27:00,47,Fraud
3152,INV_12,2020-01-12 12:52:00,2020-01-12 14:48:00,116,Fraud
3153,INV_14,2020-01-12 13:30:00,2020-01-12 13:40:00,10,Fraud
3154,INV_13,2020-01-12 12:39:00,2020-01-12 14:04:00,85,Fraud
3155,INV_14,2020-01-12 12:53:00,2020-01-12 13:27:00,34,Fraud
3156,INV_19,2020-01-12 13:38:00,2020-01-12 15:08:00,90,Fraud
3157,INV_22,2020-01-12 13:34:00,2020-01-12 15:52:00,138,Fraud
3158,INV_19,2020-01-12 13:14:00,2020-01-12 15:10:00,116,Fraud
3159,INV_8,2020-01-12 13:52:00,2020-01-12 16:36:00,164,False Positive
3160,INV_2,2020-01-12 13:13:00,2020-01-12 14:07:00,54,False Positive
3161,INV_5,2020-01-12 14:37:00,2020-01-12 15:11:00,34,Fraud
3162,INV_3,2020-01-12 14:37:00,2020-01-12 14:56:00,19,Fraud
3163,INV_17,2020-01-12 14:56:00,2020-01-12 15:40:00,44,False Positive
3164,INV_20,2020-01-12 13:57:00,2020-01-12 14:23:00,26,Fraud
3165,INV_4,2020-01-12 14:33:00,2020-01-12 17:17:00,164,Fraud
3166,INV_8,2020-01-12 13:42:00,2020-01-12 14:37:00,55,False Positive
3167,INV_6,2020-01-12 13:41:00,2020-01-12 16:30:00,169,False Positive
3168,INV_14,2020-01-12 13:52:00,2020-01-12 15:09:00,77,Fraud
3169,INV_4,2020-01-12 13:47:00,2020-01-12 14:05:00,18,False Positive
3170,INV_15,2020-01-12 13:11:00,2020-01-12 14:19:00,68,Fraud
3171,INV_13,2020-01-12 14:39:00,2020-01-12 16:46:00,127,False Positive
3172,INV_7,2020-01-12 13:53:00,2020-01-12 15:54:00,121,Fraud
3173,INV_7,2020-01-12 14:11:00,2020-01-12 15:53:00,102,Fraud
3174,INV_7,2020-01-12 14:21:00,2020-01-12 15:07:00,46,Fraud
3175,INV_16,2020-01-12 13:15:00,2020-01-12 15:04:00,109,False Positive
3176,INV_11,2020-01-12 13:23:00,2020-01-12 14:09:00,46,False Positive
3177,INV_14,2020-01-12 14:03:00,2020-01-12 16:40:00,157,Fraud
3178,INV_25,2020-01-12 14:48:00,2020-01-12 16:57:00,129,False Positive
3179,INV_12,2020-01-12 14:44:00,2020-01-12 15:19:00,35,Fraud
3180,INV_17,2020-01-12 14:39:00,2020-01-12 15:06:00,27,False Positive
3181,INV_5,2020-01-12 14:34:00,2020-01-12 15:23:00,49,False Positive
3182,INV_16,2020-01-12 13:10:00,2020-01-12 14:06:00,56,Fraud
3183,INV_25,2020-01-12 14:08:00,2020-01-12 15:44:00,96,Fraud
3184,INV_18,2020-01-12 14:55:00,2020-01-12 16:51:00,116,Fraud
3185,INV_12,2020-01-12 14:24:00,2020-01-12 14:48:00,24,False Positive
3186,INV_14,2020-01-12 15:06:00,2020-01-12 17:10:00,124,False Positive
3187,INV_3,2020-01-12 14:10:00,2020-01-12 15:24:00,74,Fraud
3188,INV_9,2020-01-12 15:36:00,2020-01-12 17:25:00,109,False Positive
3189,INV_22,2020-01-12 15:09:00,2020-01-12 16:16:00,67,Fraud
3190,INV_12,2020-01-12 15:01:00,2020-01-12 17:56:00,175,False Positive
3191,INV_3,2020-01-12 15:26:00,2020-01-12 16:13:00,47,Fraud
3192,INV_2,2020-01-12 14:28:00,2020-01-12 16:39:00,131,Fraud
3193,INV_2,2020-01-12 15:25:00,2020-01-12 17:25:00,120,False Positive
3194,INV_11,2020-01-12 14:29:00,2020-01-12 16:23:00,114,Fraud
3195,INV_20,2020-01-12 16:25:00,2020-01-12 18:24:00,119,Fraud
3196,INV_14,2020-01-12 16:07:00,2020-01-12 17:38:00,91,False Positive
3197,INV_22,2020-01-12 15:44:00,2020-01-12 18:00:00,136,False Positive
3198,INV_15,2020-01-12 15:13:00,2020-01-12 17:27:00,134,Fraud
3199,INV_3,2020-01-12 16:59:00,2020-01-12 18:44:00,105,Fraud
3200,INV_6,2020-01-12 16:38:00,2020-01-12 19:02:00,144,Fraud
3201,INV_16,2020-01-12 16:09:00,2020-01-12 17:49:00,100,Fraud
3202,INV_25,2020-01-12 16:53:00,2020-01-12 19:01:00,128,False Positive
3203,INV_10,2020-01-12 16:02:00,2020-01-12 17:06:00,64,False Positive
3204,INV_1,2020-01-12 16:09:00,2020-01-12 19:00:00,171,False Positive
3205,INV_24,2020-01-12 15:08:00,2020-01-12 15:36:00,28,Fraud
3206,INV_6,2020-01-12 16:35:00,2020-01-12 17:57:00,82,Fraud
3207,INV_13,2020-01-12 16:33:00,2020-01-12 18:12:00,99,False Positive
3208,INV_8,2020-01-12 16:26:00,2020-01-12 17:30:00,64,Fraud
3209,INV_17,2020-01-12 16:41:00,2020-01-12 17:26:00,45,Fraud
3210,INV_18,2020-01-12 16:22:00,2020-01-12 16:57:00,35,False Positive
3211,INV_20,2020-01-12 16:03:00,2020-01-12 16:32:00,29,False Positive
3212,INV_8,2020-01-12 15:54:00,2020-01-12 17:58:00,124,Fraud
3213,INV_14,2020-01-12 15:51:00,2020-01-12 16:36:00,45,False Positive
3214,INV_12,2020-01-12 15:58:00,2020-01-12 18:06:00,128,False Positive
3215,INV_6,2020-01-12 16:55:00,2020-01-12 19:28:00,153,Fraud
3216,INV_13,2020-01-12 16:44:00,2020-01-12 19:13:00,149,Fraud
3217,INV_23,2020-01-12 16:46:00,2020-01-12 18:53:00,127,False Positive
3218,INV_10,2020-01-12 15:49:00,2020-01-12 18:27:00,158,False Positive
3219,INV_20,2020-01-12 16:38:00,2020-01-12 18:32:00,114,False Positive
3220,INV_7,2020-01-12 16:15:00,2020-01-12 17:31:00,76,False Positive
3221,INV_13,2020-01-12 16:03:00,2020-01-12 16:39:00,36,Fraud
3222,INV_12,2020-01-12 15:28:00,2020-01-12 17:38:00,130,Fraud
3223,INV_2,2020-01-12 16:38:00,2020-01-12 16:52:00,14,Fraud
3224,INV_21,2020-01-12 16:54:00,2020-01-12 18:51:00,117,Fraud
3225,INV_3,2020-01-12 16:35:00,2020-01-12 18:48:00,133,False Positive
3226,INV_24,2020-01-12 16:59:00,2020-01-12 19:53:00,174,Fraud
3227,INV_7,2020-01-12 15:36:00,2020-01-12 16:57:00,81,Fraud
3228,INV_19,2020-01-12 16:16:00,2020-01-12 17:48:00,92,False Positive
3229,INV_19,2020-01-12 15:11:00,2020-01-12 18:06:00,175,False Positive
3230,INV_20,2020-01-12 15:07:00,2020-01-12 17:25:00,138,False Positive
3231,INV_7,2020-01-12 15:47:00,2020-01-12 16:22:00,35,False Positive
3232,INV_14,2020-01-12 16:54:00,2020-01-12 19:33:00,159,Fraud
3233,INV_20,2020-01-12 15:28:00,2020-01-12 16:41:00,73,False Positive
3234,INV_25,2020-01-12 15:39:00,2020-01-12 16:41:00,62,Fraud
3235,INV_9,2020-01-12 16:13:00,2020-01-12 18:45:00,152,Fraud
3236,INV_15,2020-01-12 16:09:00,2020-01-12 18:57:00,168,Fraud
3237,INV_11,2020-01-12 17:19:00,2020-01-12 18:12:00,53,Fraud
3238,INV_20,2020-01-12 16:16:00,2020-01-12 16:40:00,24,Fraud
3239,INV_19,2020-01-12 16:54:00,2020-01-12 17:46:00,52,False Positive
3240,INV_11,2020-01-12 17:41:00,2020-01-12 18:05:00,24,Fraud
3241,INV_16,2020-01-12 16:39:00,2020-01-12 17:59:00,80,Fraud
3242,INV_13,2020-01-12 16:56:00,2020-01-12 18:59:00,123,False Positive
3243,INV_7,2020-01-12 16:07:00,2020-01-12 18:53:00,166,Fraud
3244,INV_19,2020-01-12 17:45:00,2020-01-12 19:41:00,116,False Positive
3245,INV_1,2020-01-12 17:55:00,2020-01-12 20:38:00,163,Fraud
3246,INV_15,2020-01-12 17:58:00,2020-01-12 18:34:00,36,False Positive
3247,INV_12,2020-01-12 17:22:00,2020-01-12 18:52:00,90,Fraud
3248,INV_3,2020-01-12 16:08:00,2020-01-12 16:25:00,17,Fraud
3249,INV_24,2020-01-12 16:29:00,2020-01-12 18:19:00,110,False Positive
3250,INV_9,2020-01-12 17:56:00,2020-01-12 18:16:00,20,False Positive
3251,INV_6,2020-01-12 17:29:00,2020-01-12 19:19:00,110,Fraud
3252,INV_12,2020-01-12 17:22:00,2020-01-12 18:30:00,68,False Positive
3253,INV_17,2020-01-12 17:06:00,2020-01-12 19:11:00,125,False Positive
3254,INV_16,2020-01-12 18:45:00,2020-01-12 19:51:00,66,Fraud
3255,INV_8,2020-01-12 18:19:00,2020-01-12 19:23:00,64,Fraud
3256,INV_25,2020-01-12 18:45:00,2020-01-12 20:58:00,133,False Positive
3257,INV_4,2020-01-12 17:56:00,2020-01-12 18:55:00,59,Fraud
3258,INV_18,2020-01-12 18:18:00,2020-01-12 18:45:00,27,Fraud
3259,INV_11,2020-01-12 18:25:00,2020-01-12 20:21:00,116,Fraud
3260,INV_22,2020-01-12 17:52:00,2020-01-12 19:01:00,69,False Positive
3261,INV_14,2020-01-12 18:14:00,2020-01-12 20:17:00,123,False Positive
3262,INV_15,2020-01-12 17:53:00,2020-01-12 20:06:00,133,False Positive
3263,INV_15,2020-01-12 17:14:00,2020-01-12 18:41:00,87,Fraud
3264,INV_19,2020-01-12 18:29:00,2020-01-12 21:02:00,153,False Positive
3265,INV_19,2020-01-12 17:55:00,2020-01-12 20:49:00,174,Fraud
3266,INV_8,2020-01-12 18:58:00,2020-01-12 20:52:00,114,Fraud
3267,INV_21,2020-01-12 17:58:00,2020-01-12 20:28:00,150,False Positive
3268,INV_21,2020-01-12 18:54:00,2020-01-12 20:01:00,67,Fraud
3269,INV_18,2020-01-12 18:07:00,2020-01-12 20:26:00,139,Fraud
3270,INV_6,2020-01-12 18:42:00,2020-01-12 19:24:00,42,Fraud
3271,INV_8,2020-01-12 18:09:00,2020-01-12 19:20:00,71,Fraud
3272,INV_4,2020-01-12 17:38:00,2020-01-12 17:51:00,13,Fraud
3273,INV_20,2020-01-12 18:42:00,2020-01-12 20:07:00,85,False Positive
3274,INV_9,2020-01-12 18:13:00,2020-01-12 21:04:00,171,False Positive
3275,INV_22,2020-01-12 17:47:00,2020-01-12 20:13:00,146,Fraud
3276,INV_14,2020-01-12 17:44:00,2020-01-12 18:29:00,45,False Positive
3277,INV_10,2020-01-12 17:19:00,2020-01-12 19:31:00,132,Fraud
3278,INV_2,2020-01-12 18:33:00,2020-01-12 18:53:00,20,Fraud
3279,INV_4,2020-01-12 17:52:00,2020-01-12 19:00:00,68,Fraud
3280,INV_13,2020-01-12 17:41:00,2020-01-12 18:21:00,40,False Positive
3281,INV_5,2020-01-12 18:51:00,2020-01-12 20:26:00,95,Fraud
3282,INV_19,2020-01-12 18:12:00,2020-01-12 20:30:00,138,Fraud
3283,INV_3,2020-01-12 17:23:00,2020-01-12 17:40:00,17,Fraud
3284,INV_11,2020-01-12 18:03:00,2020-01-12 19:48:00,105,False Positive
3285,INV_3,2020-01-12 17:51:00,2020-01-12 19:22:00,91,False Positive
3286,INV_13,2020-01-12 17:37:00,2020-01-12 19:08:00,91,False Positive
3287,INV_18,2020-01-12 17:19:00,2020-01-12 18:10:00,51,False Positive
3288,INV_12,2020-01-12 17:18:00,2020-01-12 19:23:00,125,Fraud
3289,INV_15,2020-01-12 17:44:00,2020-01-12 20:32:00,168,False Positive
3290,INV_17,2020-01-12 17:14:00,2020-01-12 18:47:00,93,Fraud
3291,INV_12,2020-01-12 18:15:00,2020-01-12 18:54:00,39,False Positive
3292,INV_18,2020-01-12 17:37:00,2020-01-12 18:15:00,38,Fraud
3293,INV_7,2020-01-12 18:43:00,2020-01-12 21:33:00,170,False Positive
3294,INV_24,2020-01-12 17:57:00,2020-01-12 19:54:00,117,False Positive
3295,INV_1,2020-01-12 18:29:00,2020-01-12 21:16:00,167,False Positive
3296,INV_2,2020-01-12 19:57:00,2020-01-12 21:11:00,74,Fraud
3297,INV_5,2020-01-12 19:55:00,2020-01-12 21:32:00,97,False Positive
3298,INV_4,2020-01-12 19:38:00,2020-01-12 20:23:00,45,Fraud
3299,INV_1,2020-01-12 18:21:00,2020-01-12 20:47:00,146,Fraud
3300,INV_3,2020-01-12 19:01:00,2020-01-12 21:52:00,171,Fraud
3301,INV_3,2020-01-12 18:25:00,2020-01-12 21:17:00,172,Fraud
3302,INV_13,2020-01-12 19:28:00,2020-01-12 19:45:00,17,Fraud
3303,INV_2,2020-01-12 19:42:00,2020-01-12 20:02:00,20,False Positive
3304,INV_21,2020-01-12 19:15:00,2020-01-12 21:42:00,147,Fraud
3305,INV_21,2020-01-12 19:09:00,2020-01-12 21:26:00,137,Fraud
3306,INV_3,2020-01-12 19:25:00,2020-01-12 21:27:00,122,False Positive
3307,INV_11,2020-01-12 18:15:00,2020-01-12 19:25:00,70,Fraud
3308,INV_19,2020-01-12 19:07:00,2020-01-12 21:34:00,147,Fraud
3309,INV_20,2020-01-12 19:27:00,2020-01-12 21:54:00,147,False Positive
3310,INV_19,2020-01-12 19:02:00,2020-01-12 20:44:00,102,False Positive
3311,INV_17,2020-01-12 18:16:00,2020-01-12 18:32:00,16,Fraud
3312,INV_1,2020-01-12 19:28:00,2020-01-12 20:27:00,59,False Positive
3313,INV_8,2020-01-12 18:44:00,2020-01-12 20:30:00,106,Fraud
3314,INV_18,2020-01-12 18:23:00,2020-01-12 20:36:00,133,False Positive
3315,INV_25,2020-01-12 19:18:00,2020-01-12 21:50:00,152,Fraud
3316,INV_20,2020-01-12 18:13:00,2020-01-12 19:09:00,56,Fraud
3317,INV_14,2020-01-12 19:08:00,2020-01-12 20:07:00,59,Fraud
3318,INV_17,2020-01-12 18:28:00,2020-01-12 20:42:00,134,Fraud
3319,INV_6,2020-01-12 19:19:00,2020-01-12 19:49:00,30,Fraud
3320,INV_11,2020-01-12 18:42:00,2020-01-12 19:51:00,69,False Positive
3321,INV_14,2020-01-12 19:58:00,2020-01-12 21:33:00,95,Fraud
3322,INV_6,2020-01-12 19:07:00,2020-01-12 21:27:00,140,Fraud
3323,INV_12,2020-01-12 18:36:00,2020-01-12 21:11:00,155,Fraud
3324,INV_5,2020-01-12 18:47:00,2020-01-12 19:53:00,66,Fraud
3325,INV_12,2020-01-12 18:29:00,2020-01-12 19:58:00,89,Fraud
3326,INV_4,2020-01-12 19:10:00,2020-01-12 21:21:00,131,False Positive
3327,INV_19,2020-01-12 19:49:00,2020-01-12 22:22:00,153,Fraud
3328,INV_19,2020-01-12 19:26:00,2020-01-12 20:10:00,44,False Positive
3329,INV_14,2020-01-12 18:09:00,2020-01-12 18:29:00,20,False Positive
3330,INV_17,2020-01-12 18:44:00,2020-01-12 20:57:00,133,Fraud
3331,INV_18,2020-01-12 18:40:00,2020-01-12 21:33:00,173,Fraud
3332,INV_9,2020-01-12 19:56:00,2020-01-12 22:45:00,169,Fraud
3333,INV_1,2020-01-12 18:12:00,2020-01-12 18:39:00,27,False Positive
3334,INV_1,2020-01-12 18:29:00,2020-01-12 20:04:00,95,Fraud
3335,INV_3,2020-01-12 19:52:00,2020-01-12 21:45:00,113,Fraud
3336,INV_4,2020-01-12 18:53:00,2020-01-12 21:05:00,132,Fraud
3337,INV_21,2020-01-12 18:13:00,2020-01-12 18:40:00,27,False Positive
3338,INV_24,2020-01-12 18:57:00,2020-01-12 19:20:00,23,False Positive
3339,INV_9,2020-01-12 19:27:00,2020-01-12 21:19:00,112,False Positive
3340,INV_12,2020-01-12 19:59:00,2020-01-12 21:21:00,82,Fraud
3341,INV_13,2020-01-12 20:35:00,2020-01-12 21:20:00,45,False Positive
3342,INV_3,2020-01-12 20:20:00,2020-01-12 20:34:00,14,Fraud
3343,INV_6,2020-01-12 19:10:00,2020-01-12 19:21:00,11,Fraud
3344,INV_4,2020-01-12 19:56:00,2020-01-12 22:37:00,161,Fraud
3345,INV_21,2020-01-12 19:26:00,2020-01-12 20:54:00,88,False Positive
3346,INV_5,2020-01-12 19:59:00,2020-01-12 22:51:00,172,Fraud
3347,INV_23,2020-01-12 20:51:00,2020-01-12 23:40:00,169,False Positive
3348,INV_17,2020-01-12 19:24:00,2020-01-12 20:40:00,76,Fraud
3349,INV_3,2020-01-12 20:14:00,2020-01-12 22:22:00,128,False Positive
3350,INV_1,2020-01-12 19:42:00,2020-01-12 21:13:00,91,Fraud
3351,INV_16,2020-01-12 20:12:00,2020-01-12 23:01:00,169,Fraud
3352,INV_6,2020-01-12 20:18:00,2020-01-12 22:20:00,122,Fraud
3353,INV_10,2020-01-12 20:34:00,2020-01-12 21:16:00,42,False Positive
3354,INV_22,2020-01-12 19:32:00,2020-01-12 21:53:00,141,Fraud
3355,INV_24,2020-01-12 19:48:00,2020-01-12 22:02:00,134,Fraud
3356,INV_22,2020-01-12 19:46:00,2020-01-12 21:03:00,77,Fraud
3357,INV_23,2020-01-12 19:26:00,2020-01-12 22:02:00,156,Fraud
3358,INV_8,2020-01-12 20:00:00,2020-01-12 21:15:00,75,Fraud
3359,INV_11,2020-01-12 19:36:00,2020-01-12 20:08:00,32,Fraud
3360,INV_22,2020-01-12 20:43:00,2020-01-12 21:47:00,64,Fraud
3361,INV_2,2020-01-12 20:32:00,2020-01-12 23:04:00,152,False Positive
3362,INV_20,2020-01-12 20:58:00,2020-01-12 21:22:00,24,False Positive
3363,INV_17,2020-01-12 19:33:00,2020-01-12 19:49:00,16,False Positive
3364,INV_23,2020-01-12 20:20:00,2020-01-12 22:09:00,109,Fraud
3365,INV_13,2020-01-12 20:34:00,2020-01-12 21:46:00,72,Fraud
3366,INV_2,2020-01-12 20:05:00,2020-01-12 21:22:00,77,Fraud
3367,INV_19,2020-01-12 19:58:00,2020-01-12 22:28:00,150,Fraud
3368,INV_22,2020-01-12 19:28:00,2020-01-12 20:33:00,65,False Positive
3369,INV_25,2020-01-12 20:32:00,2020-01-12 21:03:00,31,False Positive
3370,INV_10,2020-01-12 20:47:00,2020-01-12 23:11:00,144,False Positive
3371,INV_20,2020-01-12 20:37:00,2020-01-12 23:16:00,159,False Positive
3372,INV_4,2020-01-12 19:47:00,2020-01-12 20:03:00,16,False Positive
3373,INV_1,2020-01-12 20:57:00,2020-01-12 22:12:00,75,Fraud
3374,INV_24,2020-01-12 19:31:00,2020-01-12 21:03:00,92,Fraud
3375,INV_13,2020-01-12 20:59:00,2020-01-12 23:29:00,150,False Positive
3376,INV_13,2020-01-12 20:23:00,2020-01-12 20:39:00,16,False Positive
3377,INV_20,2020-01-12 19:26:00,2020-01-12 21:26:00,120,False Positive
3378,INV_18,2020-01-12 20:15:00,2020-01-12 23:06:00,171,Fraud
3379,INV_7,2020-01-12 19:36:00,2020-01-12 21:54:00,138,Fraud
3380,INV_18,2020-01-12 19:45:00,2020-01-12 22:41:00,176,Fraud
3381,INV_17,2020-01-12 20:39:00,2020-01-12 21:26:00,47,Fraud
3382,INV_8,2020-01-12 19:42:00,2020-01-12 19:54:00,12,Fraud
3383,INV_15,2020-01-12 20:46:00,2020-01-12 23:33:00,167,Fraud
3384,INV_11,2020-01-12 21:34:00,2020-01-13 00:08:00,154,Fraud
3385,INV_21,2020-01-12 21:46:00,2020-01-12 23:16:00,90,Fraud
3386,INV_20,2020-01-12 20:35:00,2020-01-12 23:25:00,170,Fraud
3387,INV_9,2020-01-12 21:45:00,2020-01-12 23:50:00,125,False Positive
3388,INV_11,2020-01-12 21:46:00,2020-01-12 22:13:00,27,False Positive
3389,INV_23,2020-01-12 21:57:00,2020-01-13 00:42:00,165,Fraud
3390,INV_25,2020-01-12 21:23:00,2020-01-12 21:42:00,19,False Positive
3391,INV_3,2020-01-12 20:23:00,2020-01-12 23:16:00,173,Fraud
3392,INV_5,2020-01-12 21:31:00,2020-01-12 22:55:00,84,Fraud
3393,INV_19,2020-01-12 20:18:00,2020-01-12 23:15:00,177,False Positive
3394,INV_24,2020-01-12 21:02:00,2020-01-12 21:34:00,32,False Positive
3395,INV_6,2020-01-12 21:06:00,2020-01-12 21:16:00,10,Fraud
3396,INV_9,2020-01-12 21:06:00,2020-01-12 21:42:00,36,False Positive
3397,INV_3,2020-01-12 21:34:00,2020-01-12 23:07:00,93,Fraud
3398,INV_12,2020-01-12 21:23:00,2020-01-12 21:51:00,28,Fraud
3399,INV_25,2020-01-12 21:29:00,2020-01-12 23:54:00,145,Fraud
3400,INV_6,2020-01-12 20:18:00,2020-01-12 23:13:00,175,False Positive
3401,INV_6,2020-01-12 20:21:00,2020-01-12 23:08:00,167,Fraud
3402,INV_1,2020-01-12 20:38:00,2020-01-12 22:25:00,107,False Positive
3403,INV_6,2020-01-12 20:37:00,2020-01-12 21:20:00,43,Fraud
3404,INV_23,2020-01-12 20:44:00,2020-01-12 22:23:00,99,False Positive
3405,INV_1,2020-01-12 20:24:00,2020-01-12 22:38:00,134,Fraud
3406,INV_3,2020-01-12 21:37:00,2020-01-12 23:55:00,138,Fraud
3407,INV_10,2020-01-12 21:24:00,2020-01-13 00:23:00,179,False Positive
3408,INV_13,2020-01-12 21:30:00,2020-01-12 22:29:00,59,Fraud
3409,INV_17,2020-01-12 21:12:00,2020-01-12 22:34:00,82,False Positive
3410,INV_20,2020-01-12 20:21:00,2020-01-12 22:00:00,99,Fraud
3411,INV_10,2020-01-12 21:49:00,2020-01-12 22:31:00,42,Fraud
3412,INV_5,2020-01-12 21:14:00,2020-01-12 22:50:00,96,Fraud
3413,INV_25,2020-01-12 20:06:00,2020-01-12 20:22:00,16,False Positive
3414,INV_19,2020-01-12 21:27:00,2020-01-12 21:40:00,13,False Positive
3415,INV_10,2020-01-12 21:02:00,2020-01-12 23:04:00,122,Fraud
3416,INV_4,2020-01-12 20:48:00,2020-01-12 23:20:00,152,False Positive
3417,INV_24,2020-01-12 21:49:00,2020-01-12 22:51:00,62,Fraud
3418,INV_20,2020-01-12 21:27:00,2020-01-13 00:11:00,164,Fraud
3419,INV_21,2020-01-12 21:15:00,2020-01-12 21:41:00,26,Fraud
3420,INV_9,2020-01-12 21:42:00,2020-01-12 22:30:00,48,Fraud
3421,INV_10,2020-01-12 21:32:00,2020-01-12 23:12:00,100,Fraud
3422,INV_20,2020-01-12 21:35:00,2020-01-12 22:52:00,77,Fraud
3423,INV_20,2020-01-12 20:21:00,2020-01-12 22:10:00,109,Fraud
3424,INV_2,2020-01-12 21:28:00,2020-01-12 23:22:00,114,False Positive
3425,INV_17,2020-01-12 21:57:00,2020-01-12 23:57:00,120,Fraud
3426,INV_12,2020-01-12 20:27:00,2020-01-12 21:47:00,80,Fraud
3427,INV_12,2020-01-12 20:34:00,2020-01-12 20:49:00,15,Fraud
3428,INV_20,2020-01-12 21:17:00,2020-01-12 22:59:00,102,Fraud
3429,INV_20,2020-01-12 20:28:00,2020-01-12 21:04:00,36,Fraud
3430,INV_11,2020-01-12 20:50:00,2020-01-12 21:28:00,38,Fraud
3431,INV_2,2020-01-12 21:56:00,2020-01-12 23:41:00,105,Fraud
3432,INV_11,2020-01-12 20:37:00,2020-01-12 20:59:00,22,Fraud
3433,INV_23,2020-01-12 20:52:00,2020-01-12 23:32:00,160,Fraud
3434,INV_7,2020-01-12 20:16:00,2020-01-12 21:19:00,63,Fraud
3435,INV_19,2020-01-12 20:57:00,2020-01-12 22:45:00,108,Fraud
3436,INV_19,2020-01-12 20:54:00,2020-01-12 22:48:00,114,False Positive
3437,INV_15,2020-01-12 21:27:00,2020-01-12 21:50:00,23,Fraud
3438,INV_19,2020-01-12 21:18:00,2020-01-12 21:37:00,19,False Positive
3439,INV_8,2020-01-12 21:24:00,2020-01-13 00:00:00,156,False Positive
3440,INV_17,2020-01-12 21:39:00,2020-01-13 00:14:00,155,Fraud
3441,INV_23,2020-01-12 22:08:00,2020-01-12 23:59:00,111,Fraud
3442,INV_5,2020-01-12 21:05:00,2020-01-12 21:50:00,45,False Positive
3443,INV_2,2020-01-12 21:21:00,2020-01-12 23:44:00,143,False Positive
3444,INV_21,2020-01-12 21:11:00,2020-01-12 23:22:00,131,False Positive
3445,INV_6,2020-01-12 21:41:00,2020-01-12 23:42:00,121,Fraud
3446,INV_3,2020-01-12 22:00:00,2020-01-13 00:52:00,172,False Positive
3447,INV_11,2020-01-12 22:42:00,2020-01-12 23:44:00,62,False Positive
3448,INV_14,2020-01-12 21:12:00,2020-01-12 23:31:00,139,Fraud
3449,INV_20,2020-01-12 21:44:00,2020-01-12 22:36:00,52,False Positive
3450,INV_21,2020-01-12 22:14:00,2020-01-13 00:26:00,132,False Positive
3451,INV_5,2020-01-12 22:41:00,2020-01-13 00:58:00,137,Fraud
3452,INV_14,2020-01-12 22:58:00,2020-01-13 00:30:00,92,False Positive
3453,INV_19,2020-01-12 22:45:00,2020-01-12 23:33:00,48,Fraud
3454,INV_7,2020-01-12 22:00:00,2020-01-13 00:13:00,133,Fraud
3455,INV_20,2020-01-12 21:12:00,2020-01-12 23:05:00,113,Fraud
3456,INV_13,2020-01-12 21:11:00,2020-01-12 21:45:00,34,Fraud
3457,INV_7,2020-01-12 21:06:00,2020-01-12 21:50:00,44,Fraud
3458,INV_18,2020-01-12 22:16:00,2020-01-12 22:32:00,16,Fraud
3459,INV_16,2020-01-12 21:19:00,2020-01-12 23:58:00,159,False Positive
3460,INV_20,2020-01-12 21:48:00,2020-01-12 23:21:00,93,False Positive
3461,INV_23,2020-01-12 21:29:00,2020-01-12 22:23:00,54,False Positive
3462,INV_23,2020-01-12 21:46:00,2020-01-12 22:16:00,30,False Positive
3463,INV_23,2020-01-12 21:55:00,2020-01-12 23:28:00,93,False Positive
3464,INV_13,2020-01-12 22:01:00,2020-01-12 23:01:00,60,False Positive
3465,INV_10,2020-01-12 22:59:00,2020-01-13 01:08:00,129,Fraud
3466,INV_20,2020-01-12 21:52:00,2020-01-12 22:56:00,64,False Positive
3467,INV_7,2020-01-12 22:10:00,2020-01-12 23:05:00,55,False Positive
3468,INV_15,2020-01-12 22:52:00,2020-01-13 01:31:00,159,Fraud
3469,INV_7,2020-01-12 22:19:00,2020-01-12 23:28:00,69,False Positive
3470,INV_16,2020-01-12 22:18:00,2020-01-13 00:08:00,110,Fraud
3471,INV_7,2020-01-12 21:05:00,2020-01-12 21:28:00,23,False Positive
3472,INV_16,2020-01-12 22:41:00,2020-01-12 23:49:00,68,False Positive
3473,INV_19,2020-01-12 21:06:00,2020-01-12 23:05:00,119,Fraud
3474,INV_12,2020-01-12 22:49:00,2020-01-13 01:12:00,143,Fraud
3475,INV_22,2020-01-12 22:48:00,2020-01-13 00:59:00,131,Fraud
3476,INV_4,2020-01-12 23:54:00,2020-01-13 00:39:00,45,Fraud
3477,INV_14,2020-01-12 22:08:00,2020-01-13 00:04:00,116,False Positive
3478,INV_10,2020-01-12 23:24:00,2020-01-13 00:29:00,65,False Positive
3479,INV_7,2020-01-12 22:15:00,2020-01-12 23:10:00,55,Fraud
3480,INV_4,2020-01-12 23:07:00,2020-01-13 00:43:00,96,False Positive
3481,INV_15,2020-01-12 23:36:00,2020-01-13 00:24:00,48,Fraud
3482,INV_2,2020-01-12 22:14:00,2020-01-13 00:50:00,156,False Positive
3483,INV_9,2020-01-12 23:56:00,2020-01-13 00:37:00,41,False Positive
3484,INV_3,2020-01-12 22:35:00,2020-01-13 01:17:00,162,Fraud
3485,INV_10,2020-01-12 22:09:00,2020-01-12 22:51:00,42,Fraud
3486,INV_14,2020-01-12 23:45:00,2020-01-13 01:59:00,134,False Positive
3487,INV_13,2020-01-12 22:23:00,2020-01-12 23:20:00,57,Fraud
3488,INV_20,2020-01-12 22:59:00,2020-01-12 23:57:00,58,False Positive
3489,INV_4,2020-01-12 23:46:00,2020-01-13 01:02:00,76,False Positive
3490,INV_22,2020-01-12 23:56:00,2020-01-13 02:41:00,165,False Positive
3491,INV_17,2020-01-12 23:50:00,2020-01-13 00:07:00,17,False Positive
3492,INV_2,2020-01-12 23:54:00,2020-01-13 01:56:00,122,False Positive
3493,INV_8,2020-01-12 22:52:00,2020-01-13 01:05:00,133,False Positive
3494,INV_6,2020-01-12 23:42:00,2020-01-13 00:42:00,60,False Positive
3495,INV_4,2020-01-12 22:48:00,2020-01-13 00:21:00,93,False Positive
3496,INV_17,2020-01-12 23:59:00,2020-01-13 02:25:00,146,Fraud
3497,INV_16,2020-01-12 22:36:00,2020-01-12 23:29:00,53,Fraud
3498,INV_9,2020-01-12 23:46:00,2020-01-13 01:58:00,132,False Positive
3499,INV_9,2020-01-12 23:33:00,2020-01-13 00:07:00,34,Fraud
3500,INV_25,2020-01-12 23:06:00,2020-01-13 00:05:00,59,Fraud
3501,INV_9,2020-01-13 00:16:00,2020-01-13 01:13:00,57,Fraud
3502,INV_10,2020-01-12 23:38:00,2020-01-13 00:16:00,38,Fraud
3503,INV_15,2020-01-13 00:28:00,2020-01-13 02:09:00,101,False Positive
3504,INV_19,2020-01-13 00:42:00,2020-01-13 03:00:00,138,Fraud
3505,INV_16,2020-01-12 23:09:00,2020-01-13 01:23:00,134,Fraud
3506,INV_13,2020-01-13 00:58:00,2020-01-13 03:06:00,128,Fraud
3507,INV_11,2020-01-13 00:02:00,2020-01-13 01:32:00,90,False Positive
3508,INV_12,2020-01-12 23:11:00,2020-01-13 00:46:00,95,False Positive
3509,INV_3,2020-01-12 23:12:00,2020-01-12 23:46:00,34,Fraud
3510,INV_7,2020-01-12 23:31:00,2020-01-13 02:09:00,158,Fraud
3511,INV_11,2020-01-12 23:27:00,2020-01-13 02:24:00,177,False Positive
3512,INV_13,2020-01-12 23:46:00,2020-01-13 02:06:00,140,False Positive
3513,INV_21,2020-01-13 00:57:00,2020-01-13 01:18:00,21,False Positive
3514,INV_17,2020-01-13 00:18:00,2020-01-13 00:59:00,41,Fraud
3515,INV_1,2020-01-12 23:56:00,2020-01-13 00:40:00,44,False Positive
3516,INV_16,2020-01-12 23:24:00,2020-01-13 01:31:00,127,False Positive
3517,INV_21,2020-01-13 01:41:00,2020-01-13 03:55:00,134,False Positive
3518,INV_9,2020-01-13 00:44:00,2020-01-13 00:59:00,15,Fraud
3519,INV_10,2020-01-13 00:29:00,2020-01-13 02:32:00,123,Fraud
3520,INV_20,2020-01-13 01:28:00,2020-01-13 01:39:00,11,False Positive
3521,INV_18,2020-01-13 01:39:00,2020-01-13 03:08:00,89,Fraud
3522,INV_12,2020-01-13 00:29:00,2020-01-13 03:11:00,162,False Positive
3523,INV_10,2020-01-13 01:47:00,2020-01-13 02:50:00,63,False Positive
3524,INV_1,2020-01-13 00:05:00,2020-01-13 01:14:00,69,False Positive
3525,INV_2,2020-01-13 01:06:00,2020-01-13 03:09:00,123,False Positive
3526,INV_19,2020-01-13 00:13:00,2020-01-13 01:11:00,58,Fraud
3527,INV_6,2020-01-13 00:34:00,2020-01-13 03:11:00,157,Fraud
3528,INV_8,2020-01-13 00:19:00,2020-01-13 02:44:00,145,Fraud
3529,INV_25,2020-01-13 01:15:00,2020-01-13 02:47:00,92,False Positive
3530,INV_21,2020-01-13 00:23:00,2020-01-13 00:50:00,27,False Positive
3531,INV_13,2020-01-13 00:44:00,2020-01-13 02:10:00,86,Fraud
3532,INV_4,2020-01-13 00:07:00,2020-01-13 01:53:00,106,Fraud
3533,INV_1,2020-01-13 01:28:00,2020-01-13 01:45:00,17,Fraud
3534,INV_12,2020-01-13 00:17:00,2020-01-13 03:00:00,163,Fraud
3535,INV_25,2020-01-13 02:34:00,2020-01-13 04:05:00,91,False Positive
3536,INV_19,2020-01-13 02:40:00,2020-01-13 03:18:00,38,Fraud
3537,INV_1,2020-01-13 02:39:00,2020-01-13 03:16:00,37,Fraud
3538,INV_10,2020-01-13 01:47:00,2020-01-13 03:45:00,118,Fraud
3539,INV_3,2020-01-13 02:59:00,2020-01-13 03:20:00,21,Fraud
3540,INV_15,2020-01-13 01:37:00,2020-01-13 04:14:00,157,Fraud
3541,INV_14,2020-01-13 02:20:00,2020-01-13 04:47:00,147,False Positive
3542,INV_7,2020-01-13 01:41:00,2020-01-13 02:56:00,75,Fraud
3543,INV_17,2020-01-13 01:40:00,2020-01-13 03:19:00,99,Fraud
3544,INV_24,2020-01-13 01:22:00,2020-01-13 03:35:00,133,Fraud
3545,INV_12,2020-01-13 02:40:00,2020-01-13 03:04:00,24,False Positive
3546,INV_23,2020-01-13 02:46:00,2020-01-13 04:03:00,77,Fraud
3547,INV_15,2020-01-13 01:38:00,2020-01-13 01:56:00,18,False Positive
3548,INV_20,2020-01-13 02:04:00,2020-01-13 04:06:00,122,Fraud
3549,INV_19,2020-01-13 03:31:00,2020-01-13 04:07:00,36,False Positive
3550,INV_20,2020-01-13 02:22:00,2020-01-13 03:30:00,68,Fraud
3551,INV_2,2020-01-13 03:17:00,2020-01-13 04:29:00,72,Fraud
3552,INV_20,2020-01-13 02:59:00,2020-01-13 05:20:00,141,Fraud
3553,INV_14,2020-01-13 03:15:00,2020-01-13 04:09:00,54,Fraud
3554,INV_9,2020-01-13 02:12:00,2020-01-13 03:18:00,66,Fraud
3555,INV_19,2020-01-13 02:16:00,2020-01-13 05:06:00,170,Fraud
3556,INV_10,2020-01-13 02:24:00,2020-01-13 05:01:00,157,Fraud
3557,INV_11,2020-01-13 03:05:00,2020-01-13 04:45:00,100,False Positive
3558,INV_2,2020-01-13 03:08:00,2020-01-13 06:06:00,178,Fraud
3559,INV_12,2020-01-13 03:36:00,2020-01-13 04:20:00,44,False Positive
3560,INV_21,2020-01-13 03:23:00,2020-01-13 06:08:00,165,Fraud
3561,INV_24,2020-01-13 03:26:00,2020-01-13 05:31:00,125,Fraud
3562,INV_14,2020-01-13 03:51:00,2020-01-13 04:02:00,11,False Positive
3563,INV_21,2020-01-13 04:20:00,2020-01-13 04:34:00,14,False Positive
3564,INV_18,2020-01-13 04:41:00,2020-01-13 06:57:00,136,Fraud
3565,INV_17,2020-01-13 03:33:00,2020-01-13 04:59:00,86,Fraud
3566,INV_4,2020-01-13 04:05:00,2020-01-13 06:57:00,172,False Positive
3567,INV_21,2020-01-13 04:21:00,2020-01-13 05:57:00,96,False Positive
3568,INV_9,2020-01-13 04:47:00,2020-01-13 07:35:00,168,Fraud
3569,INV_13,2020-01-13 05:34:00,2020-01-13 07:25:00,111,Fraud
3570,INV_1,2020-01-13 04:45:00,2020-01-13 06:25:00,100,Fraud
3571,INV_4,2020-01-13 04:33:00,2020-01-13 07:13:00,160,Fraud
3572,INV_17,2020-01-13 05:58:00,2020-01-13 06:14:00,16,False Positive
3573,INV_2,2020-01-13 05:28:00,2020-01-13 06:03:00,35,Fraud
3574,INV_23,2020-01-13 05:51:00,2020-01-13 07:41:00,110,Fraud
3575,INV_6,2020-01-13 05:06:00,2020-01-13 06:28:00,82,Fraud
3576,INV_7,2020-01-13 06:47:00,2020-01-13 09:11:00,144,Fraud
3577,INV_1,2020-01-13 05:50:00,2020-01-13 06:18:00,28,False Positive
3578,INV_22,2020-01-13 06:22:00,2020-01-13 08:41:00,139,Fraud
3579,INV_23,2020-01-13 06:42:00,2020-01-13 06:55:00,13,False Positive
3580,INV_23,2020-01-13 07:34:00,2020-01-13 09:05:00,91,False Positive
3581,INV_25,2020-01-13 06:58:00,2020-01-13 08:55:00,117,Fraud
3582,INV_23,2020-01-13 07:02:00,2020-01-13 09:18:00,136,Fraud
3583,INV_11,2020-01-13 07:47:00,2020-01-13 09:01:00,74,False Positive
3584,INV_22,2020-01-13 06:43:00,2020-01-13 07:57:00,74,Fraud
3585,INV_20,2020-01-13 06:26:00,2020-01-13 07:22:00,56,Fraud
3586,INV_11,2020-01-13 06:11:00,2020-01-13 08:31:00,140,Fraud
3587,INV_11,2020-01-13 06:10:00,2020-01-13 07:05:00,55,False Positive
3588,INV_15,2020-01-13 07:55:00,2020-01-13 08:20:00,25,False Positive
3589,INV_8,2020-01-13 06:18:00,2020-01-13 06:45:00,27,Fraud
3590,INV_22,2020-01-13 06:23:00,2020-01-13 07:52:00,89,False Positive
3591,INV_5,2020-01-13 07:55:00,2020-01-13 08:31:00,36,Fraud
3592,INV_13,2020-01-13 06:45:00,2020-01-13 08:58:00,133,False Positive
3593,INV_24,2020-01-13 07:12:00,2020-01-13 08:34:00,82,False Positive
3594,INV_19,2020-01-13 07:30:00,2020-01-13 08:46:00,76,False Positive
3595,INV_24,2020-01-13 07:33:00,2020-01-13 07:53:00,20,Fraud
3596,INV_9,2020-01-13 06:34:00,2020-01-13 08:58:00,144,Fraud
3597,INV_20,2020-01-13 07:25:00,2020-01-13 09:47:00,142,Fraud
3598,INV_7,2020-01-13 08:20:00,2020-01-13 10:08:00,108,False Positive
3599,INV_15,2020-01-13 08:10:00,2020-01-13 10:16:00,126,False Positive
3600,INV_17,2020-01-13 08:56:00,2020-01-13 09:13:00,17,Fraud
3601,INV_20,2020-01-13 07:07:00,2020-01-13 10:03:00,176,False Positive
3602,INV_20,2020-01-13 08:54:00,2020-01-13 10:38:00,104,False Positive
3603,INV_4,2020-01-13 08:03:00,2020-01-13 10:50:00,167,False Positive
3604,INV_11,2020-01-13 07:53:00,2020-01-13 10:26:00,153,False Positive
3605,INV_15,2020-01-13 07:17:00,2020-01-13 10:08:00,171,Fraud
3606,INV_6,2020-01-13 07:05:00,2020-01-13 09:07:00,122,Fraud
3607,INV_22,2020-01-13 08:25:00,2020-01-13 09:21:00,56,Fraud
3608,INV_23,2020-01-13 08:50:00,2020-01-13 10:33:00,103,False Positive
3609,INV_5,2020-01-13 09:26:00,2020-01-13 11:50:00,144,Fraud
3610,INV_5,2020-01-13 09:24:00,2020-01-13 11:26:00,122,False Positive
3611,INV_11,2020-01-13 09:53:00,2020-01-13 10:38:00,45,Fraud
3612,INV_7,2020-01-13 08:36:00,2020-01-13 08:58:00,22,Fraud
3613,INV_11,2020-01-13 08:14:00,2020-01-13 09:14:00,60,Fraud
3614,INV_24,2020-01-13 09:41:00,2020-01-13 12:14:00,153,False Positive
3615,INV_18,2020-01-13 08:57:00,2020-01-13 09:51:00,54,Fraud
3616,INV_20,2020-01-13 08:54:00,2020-01-13 11:40:00,166,Fraud
3617,INV_14,2020-01-13 08:55:00,2020-01-13 09:39:00,44,False Positive
3618,INV_14,2020-01-13 08:14:00,2020-01-13 10:29:00,135,Fraud
3619,INV_15,2020-01-13 09:07:00,2020-01-13 11:56:00,169,False Positive
3620,INV_21,2020-01-13 09:59:00,2020-01-13 11:14:00,75,Fraud
3621,INV_17,2020-01-13 08:18:00,2020-01-13 10:24:00,126,Fraud
3622,INV_2,2020-01-13 08:07:00,2020-01-13 08:19:00,12,Fraud
3623,INV_12,2020-01-13 09:03:00,2020-01-13 11:45:00,162,Fraud
3624,INV_20,2020-01-13 09:13:00,2020-01-13 11:56:00,163,False Positive
3625,INV_2,2020-01-13 08:19:00,2020-01-13 09:43:00,84,False Positive
3626,INV_20,2020-01-13 09:08:00,2020-01-13 09:37:00,29,False Positive
3627,INV_18,2020-01-13 09:43:00,2020-01-13 10:18:00,35,Fraud
3628,INV_8,2020-01-13 09:41:00,2020-01-13 11:44:00,123,Fraud
3629,INV_24,2020-01-13 09:29:00,2020-01-13 11:10:00,101,Fraud
3630,INV_12,2020-01-13 09:47:00,2020-01-13 10:26:00,39,Fraud
3631,INV_14,2020-01-13 09:48:00,2020-01-13 11:33:00,105,Fraud
3632,INV_3,2020-01-13 09:07:00,2020-01-13 11:59:00,172,Fraud
3633,INV_4,2020-01-13 10:33:00,2020-01-13 13:26:00,173,Fraud
3634,INV_10,2020-01-13 10:56:00,2020-01-13 12:09:00,73,False Positive
3635,INV_21,2020-01-13 10:05:00,2020-01-13 11:47:00,102,Fraud
3636,INV_20,2020-01-13 09:42:00,2020-01-13 09:59:00,17,False Positive
3637,INV_18,2020-01-13 09:55:00,2020-01-13 12:39:00,164,Fraud
3638,INV_14,2020-01-13 10:10:00,2020-01-13 10:35:00,25,Fraud
3639,INV_25,2020-01-13 10:15:00,2020-01-13 11:11:00,56,False Positive
3640,INV_25,2020-01-13 09:38:00,2020-01-13 12:10:00,152,Fraud
3641,INV_19,2020-01-13 10:45:00,2020-01-13 11:55:00,70,False Positive
3642,INV_1,2020-01-13 10:45:00,2020-01-13 11:41:00,56,Fraud
3643,INV_12,2020-01-13 10:10:00,2020-01-13 12:13:00,123,Fraud
3644,INV_14,2020-01-13 10:28:00,2020-01-13 11:37:00,69,Fraud
3645,INV_1,2020-01-13 09:53:00,2020-01-13 11:16:00,83,False Positive
3646,INV_21,2020-01-13 10:02:00,2020-01-13 10:14:00,12,False Positive
3647,INV_13,2020-01-13 09:50:00,2020-01-13 10:00:00,10,False Positive
3648,INV_24,2020-01-13 09:38:00,2020-01-13 10:22:00,44,Fraud
3649,INV_18,2020-01-13 09:56:00,2020-01-13 12:09:00,133,Fraud
3650,INV_8,2020-01-13 10:58:00,2020-01-13 12:35:00,97,False Positive
3651,INV_5,2020-01-13 09:15:00,2020-01-13 11:22:00,127,Fraud
3652,INV_3,2020-01-13 09:59:00,2020-01-13 10:14:00,15,False Positive
3653,INV_5,2020-01-13 10:09:00,2020-01-13 10:52:00,43,Fraud
3654,INV_19,2020-01-13 09:07:00,2020-01-13 11:08:00,121,False Positive
3655,INV_14,2020-01-13 10:04:00,2020-01-13 11:37:00,93,Fraud
3656,INV_12,2020-01-13 10:54:00,2020-01-13 12:21:00,87,Fraud
3657,INV_2,2020-01-13 09:54:00,2020-01-13 11:01:00,67,False Positive
3658,INV_4,2020-01-13 09:58:00,2020-01-13 12:52:00,174,Fraud
3659,INV_25,2020-01-13 09:11:00,2020-01-13 10:42:00,91,False Positive
3660,INV_7,2020-01-13 09:11:00,2020-01-13 10:10:00,59,Fraud
3661,INV_1,2020-01-13 10:47:00,2020-01-13 13:40:00,173,False Positive
3662,INV_14,2020-01-13 10:54:00,2020-01-13 11:23:00,29,False Positive
3663,INV_6,2020-01-13 09:17:00,2020-01-13 09:52:00,35,Fraud
3664,INV_9,2020-01-13 10:40:00,2020-01-13 11:52:00,72,Fraud
3665,INV_18,2020-01-13 10:35:00,2020-01-13 12:49:00,134,False Positive
3666,INV_7,2020-01-13 10:03:00,2020-01-13 12:31:00,148,Fraud
3667,INV_11,2020-01-13 10:05:00,2020-01-13 12:41:00,156,Fraud
3668,INV_1,2020-01-13 10:37:00,2020-01-13 11:23:00,46,False Positive
3669,INV_4,2020-01-13 09:48:00,2020-01-13 12:10:00,142,Fraud
3670,INV_25,2020-01-13 10:53:00,2020-01-13 13:14:00,141,False Positive
3671,INV_11,2020-01-13 10:33:00,2020-01-13 12:10:00,97,Fraud
3672,INV_20,2020-01-13 09:26:00,2020-01-13 11:33:00,127,Fraud
3673,INV_12,2020-01-13 10:16:00,2020-01-13 13:08:00,172,False Positive
3674,INV_18,2020-01-13 10:18:00,2020-01-13 10:38:00,20,False Positive
3675,INV_1,2020-01-13 11:15:00,2020-01-13 12:12:00,57,False Positive
3676,INV_3,2020-01-13 11:25:00,2020-01-13 13:29:00,124,Fraud
3677,INV_20,2020-01-13 11:26:00,2020-01-13 11:46:00,20,Fraud
3678,INV_23,2020-01-13 11:07:00,2020-01-13 11:36:00,29,Fraud
3679,INV_1,2020-01-13 10:44:00,2020-01-13 12:33:00,109,Fraud
3680,INV_5,2020-01-13 10:16:00,2020-01-13 10:42:00,26,Fraud
3681,INV_4,2020-01-13 10:25:00,2020-01-13 13:22:00,177,False Positive
3682,INV_12,2020-01-13 10:25:00,2020-01-13 12:46:00,141,False Positive
3683,INV_6,2020-01-13 11:14:00,2020-01-13 11:58:00,44,Fraud
3684,INV_14,2020-01-13 11:32:00,2020-01-13 14:25:00,173,False Positive
3685,INV_21,2020-01-13 11:37:00,2020-01-13 13:34:00,117,Fraud
3686,INV_10,2020-01-13 11:36:00,2020-01-13 14:31:00,175,Fraud
3687,INV_5,2020-01-13 11:31:00,2020-01-13 14:02:00,151,Fraud
3688,INV_8,2020-01-13 11:05:00,2020-01-13 11:17:00,12,Fraud
3689,INV_18,2020-01-13 11:29:00,2020-01-13 14:27:00,178,False Positive
3690,INV_13,2020-01-13 11:40:00,2020-01-13 13:46:00,126,Fraud
3691,INV_15,2020-01-13 11:42:00,2020-01-13 12:19:00,37,Fraud
3692,INV_9,2020-01-13 11:46:00,2020-01-13 12:52:00,66,Fraud
3693,INV_14,2020-01-13 10:36:00,2020-01-13 12:06:00,90,Fraud
3694,INV_12,2020-01-13 11:06:00,2020-01-13 13:04:00,118,False Positive
3695,INV_13,2020-01-13 11:51:00,2020-01-13 12:28:00,37,Fraud
3696,INV_12,2020-01-13 11:11:00,2020-01-13 14:09:00,178,Fraud
3697,INV_18,2020-01-13 10:24:00,2020-01-13 12:06:00,102,False Positive
3698,INV_8,2020-01-13 11:17:00,2020-01-13 12:47:00,90,False Positive
3699,INV_18,2020-01-13 11:39:00,2020-01-13 13:45:00,126,False Positive
3700,INV_15,2020-01-13 11:35:00,2020-01-13 13:20:00,105,False Positive
3701,INV_21,2020-01-13 11:37:00,2020-01-13 12:00:00,23,False Positive
3702,INV_1,2020-01-13 11:02:00,2020-01-13 11:28:00,26,False Positive
3703,INV_24,2020-01-13 11:56:00,2020-01-13 13:57:00,121,Fraud
3704,INV_20,2020-01-13 11:59:00,2020-01-13 12:55:00,56,Fraud
3705,INV_7,2020-01-13 10:34:00,2020-01-13 13:16:00,162,Fraud
3706,INV_8,2020-01-13 11:04:00,2020-01-13 14:01:00,177,Fraud
3707,INV_1,2020-01-13 11:31:00,2020-01-13 13:52:00,141,False Positive
3708,INV_23,2020-01-13 10:57:00,2020-01-13 13:43:00,166,False Positive
3709,INV_17,2020-01-13 11:28:00,2020-01-13 11:51:00,23,False Positive
3710,INV_1,2020-01-13 11:21:00,2020-01-13 12:19:00,58,Fraud
3711,INV_23,2020-01-13 11:47:00,2020-01-13 14:46:00,179,False Positive
3712,INV_1,2020-01-13 11:10:00,2020-01-13 11:35:00,25,False Positive
3713,INV_17,2020-01-13 10:20:00,2020-01-13 12:01:00,101,Fraud
3714,INV_6,2020-01-13 10:27:00,2020-01-13 11:05:00,38,Fraud
3715,INV_17,2020-01-13 11:04:00,2020-01-13 12:32:00,88,False Positive
3716,INV_9,2020-01-13 11:04:00,2020-01-13 11:23:00,19,Fraud
3717,INV_16,2020-01-13 10:12:00,2020-01-13 11:11:00,59,Fraud
3718,INV_4,2020-01-13 10:32:00,2020-01-13 11:46:00,74,False Positive
3719,INV_4,2020-01-13 11:31:00,2020-01-13 12:33:00,62,False Positive
3720,INV_5,2020-01-13 10:05:00,2020-01-13 10:58:00,53,Fraud
3721,INV_6,2020-01-13 10:49:00,2020-01-13 12:21:00,92,Fraud
3722,INV_7,2020-01-13 11:52:00,2020-01-13 12:03:00,11,Fraud
3723,INV_4,2020-01-13 10:37:00,2020-01-13 13:27:00,170,False Positive
3724,INV_6,2020-01-13 10:12:00,2020-01-13 10:33:00,21,False Positive
3725,INV_20,2020-01-13 12:29:00,2020-01-13 14:27:00,118,Fraud
3726,INV_24,2020-01-13 11:06:00,2020-01-13 11:57:00,51,Fraud
3727,INV_11,2020-01-13 12:17:00,2020-01-13 14:00:00,103,Fraud
3728,INV_9,2020-01-13 12:34:00,2020-01-13 15:26:00,172,Fraud
3729,INV_4,2020-01-13 11:28:00,2020-01-13 14:26:00,178,Fraud
3730,INV_5,2020-01-13 11:25:00,2020-01-13 13:58:00,153,Fraud
3731,INV_7,2020-01-13 11:30:00,2020-01-13 14:25:00,175,Fraud
3732,INV_1,2020-01-13 11:05:00,2020-01-13 11:53:00,48,Fraud
3733,INV_2,2020-01-13 12:24:00,2020-01-13 15:23:00,179,False Positive
3734,INV_12,2020-01-13 12:26:00,2020-01-13 13:30:00,64,Fraud
3735,INV_12,2020-01-13 11:32:00,2020-01-13 13:57:00,145,False Positive
3736,INV_14,2020-01-13 11:22:00,2020-01-13 13:53:00,151,Fraud
3737,INV_4,2020-01-13 11:10:00,2020-01-13 11:37:00,27,Fraud
3738,INV_15,2020-01-13 11:49:00,2020-01-13 12:52:00,63,False Positive
3739,INV_20,2020-01-13 12:38:00,2020-01-13 14:50:00,132,False Positive
3740,INV_16,2020-01-13 12:29:00,2020-01-13 15:15:00,166,Fraud
3741,INV_19,2020-01-13 11:25:00,2020-01-13 13:28:00,123,False Positive
3742,INV_20,2020-01-13 11:42:00,2020-01-13 13:36:00,114,Fraud
3743,INV_15,2020-01-13 12:24:00,2020-01-13 14:27:00,123,False Positive
3744,INV_4,2020-01-13 12:17:00,2020-01-13 12:29:00,12,False Positive
3745,INV_18,2020-01-13 12:31:00,2020-01-13 15:30:00,179,False Positive
3746,INV_6,2020-01-13 12:44:00,2020-01-13 13:29:00,45,False Positive
3747,INV_16,2020-01-13 12:04:00,2020-01-13 14:56:00,172,Fraud
3748,INV_24,2020-01-13 12:17:00,2020-01-13 14:03:00,106,False Positive
3749,INV_4,2020-01-13 11:43:00,2020-01-13 13:23:00,100,Fraud
3750,INV_13,2020-01-13 11:07:00,2020-01-13 12:42:00,95,False Positive
3751,INV_2,2020-01-13 12:10:00,2020-01-13 12:27:00,17,Fraud
3752,INV_11,2020-01-13 12:34:00,2020-01-13 14:20:00,106,Fraud
3753,INV_3,2020-01-13 12:43:00,2020-01-13 13:17:00,34,Fraud
3754,INV_16,2020-01-13 11:13:00,2020-01-13 14:00:00,167,Fraud
3755,INV_9,2020-01-13 12:54:00,2020-01-13 15:41:00,167,False Positive
3756,INV_1,2020-01-13 12:38:00,2020-01-13 14:57:00,139,Fraud
3757,INV_15,2020-01-13 11:35:00,2020-01-13 14:00:00,145,Fraud
3758,INV_5,2020-01-13 11:22:00,2020-01-13 12:34:00,72,Fraud
3759,INV_23,2020-01-13 11:07:00,2020-01-13 13:48:00,161,Fraud
3760,INV_6,2020-01-13 12:09:00,2020-01-13 12:35:00,26,Fraud
3761,INV_21,2020-01-13 11:59:00,2020-01-13 13:51:00,112,False Positive
3762,INV_6,2020-01-13 11:51:00,2020-01-13 14:44:00,173,False Positive
3763,INV_3,2020-01-13 12:11:00,2020-01-13 14:45:00,154,Fraud
3764,INV_13,2020-01-13 12:26:00,2020-01-13 13:27:00,61,Fraud
3765,INV_11,2020-01-13 11:17:00,2020-01-13 13:25:00,128,Fraud
3766,INV_12,2020-01-13 12:30:00,2020-01-13 13:25:00,55,False Positive
3767,INV_1,2020-01-13 11:53:00,2020-01-13 14:12:00,139,Fraud
3768,INV_21,2020-01-13 12:38:00,2020-01-13 13:54:00,76,False Positive
3769,INV_23,2020-01-13 11:20:00,2020-01-13 11:50:00,30,Fraud
3770,INV_19,2020-01-13 11:39:00,2020-01-13 13:58:00,139,Fraud
3771,INV_20,2020-01-13 11:34:00,2020-01-13 11:48:00,14,Fraud
3772,INV_12,2020-01-13 12:20:00,2020-01-13 13:19:00,59,Fraud
3773,INV_19,2020-01-13 12:06:00,2020-01-13 14:32:00,146,False Positive
3774,INV_23,2020-01-13 12:38:00,2020-01-13 15:30:00,172,Fraud
3775,INV_21,2020-01-13 12:39:00,2020-01-13 13:06:00,27,Fraud
3776,INV_9,2020-01-13 11:47:00,2020-01-13 13:32:00,105,Fraud
3777,INV_14,2020-01-13 11:35:00,2020-01-13 13:47:00,132,Fraud
3778,INV_11,2020-01-13 11:10:00,2020-01-13 13:12:00,122,Fraud
3779,INV_5,2020-01-13 11:22:00,2020-01-13 13:54:00,152,False Positive
3780,INV_16,2020-01-13 11:59:00,2020-01-13 13:27:00,88,Fraud
3781,INV_25,2020-01-13 12:48:00,2020-01-13 15:31:00,163,False Positive
3782,INV_5,2020-01-13 12:31:00,2020-01-13 12:58:00,27,False Positive
3783,INV_3,2020-01-13 12:37:00,2020-01-13 14:18:00,101,Fraud
3784,INV_11,2020-01-13 12:32:00,2020-01-13 13:15:00,43,Fraud
3785,INV_20,2020-01-13 12:09:00,2020-01-13 14:36:00,147,False Positive
3786,INV_23,2020-01-13 13:10:00,2020-01-13 15:43:00,153,Fraud
3787,INV_3,2020-01-13 13:14:00,2020-01-13 15:28:00,134,False Positive
3788,INV_14,2020-01-13 12:22:00,2020-01-13 12:36:00,14,Fraud
3789,INV_3,2020-01-13 13:52:00,2020-01-13 14:41:00,49,False Positive
3790,INV_13,2020-01-13 12:42:00,2020-01-13 13:48:00,66,Fraud
3791,INV_3,2020-01-13 13:38:00,2020-01-13 15:05:00,87,False Positive
3792,INV_4,2020-01-13 13:39:00,2020-01-13 15:54:00,135,False Positive
3793,INV_7,2020-01-13 13:14:00,2020-01-13 15:02:00,108,Fraud
3794,INV_1,2020-01-13 13:46:00,2020-01-13 16:08:00,142,Fraud
3795,INV_21,2020-01-13 13:31:00,2020-01-13 15:50:00,139,Fraud
3796,INV_12,2020-01-13 13:15:00,2020-01-13 13:56:00,41,Fraud
3797,INV_2,2020-01-13 12:49:00,2020-01-13 14:01:00,72,Fraud
3798,INV_6,2020-01-13 12:30:00,2020-01-13 15:14:00,164,False Positive
3799,INV_12,2020-01-13 13:47:00,2020-01-13 14:46:00,59,False Positive
3800,INV_7,2020-01-13 13:47:00,2020-01-13 14:58:00,71,False Positive
3801,INV_15,2020-01-13 12:05:00,2020-01-13 13:32:00,87,Fraud
3802,INV_13,2020-01-13 13:03:00,2020-01-13 15:42:00,159,False Positive
3803,INV_17,2020-01-13 13:59:00,2020-01-13 14:14:00,15,Fraud
3804,INV_24,2020-01-13 13:53:00,2020-01-13 14:55:00,62,Fraud
3805,INV_7,2020-01-13 13:34:00,2020-01-13 15:55:00,141,False Positive
3806,INV_22,2020-01-13 13:13:00,2020-01-13 14:00:00,47,False Positive
3807,INV_21,2020-01-13 12:56:00,2020-01-13 14:04:00,68,Fraud
3808,INV_6,2020-01-13 13:57:00,2020-01-13 14:29:00,32,Fraud
3809,INV_18,2020-01-13 12:20:00,2020-01-13 13:24:00,64,False Positive
3810,INV_11,2020-01-13 13:31:00,2020-01-13 15:03:00,92,False Positive
3811,INV_12,2020-01-13 12:20:00,2020-01-13 13:43:00,83,False Positive
3812,INV_3,2020-01-13 13:45:00,2020-01-13 13:57:00,12,Fraud
3813,INV_17,2020-01-13 13:21:00,2020-01-13 14:38:00,77,Fraud
3814,INV_18,2020-01-13 13:26:00,2020-01-13 16:05:00,159,Fraud
3815,INV_10,2020-01-13 13:31:00,2020-01-13 14:35:00,64,Fraud
3816,INV_4,2020-01-13 12:37:00,2020-01-13 14:59:00,142,False Positive
3817,INV_11,2020-01-13 13:51:00,2020-01-13 14:57:00,66,Fraud
3818,INV_16,2020-01-13 13:35:00,2020-01-13 15:15:00,100,Fraud
3819,INV_1,2020-01-13 13:38:00,2020-01-13 14:17:00,39,False Positive
3820,INV_8,2020-01-13 13:53:00,2020-01-13 14:35:00,42,False Positive
3821,INV_5,2020-01-13 13:53:00,2020-01-13 16:33:00,160,Fraud
3822,INV_9,2020-01-13 12:43:00,2020-01-13 13:51:00,68,Fraud
3823,INV_3,2020-01-13 13:07:00,2020-01-13 14:41:00,94,False Positive
3824,INV_9,2020-01-13 13:10:00,2020-01-13 15:10:00,120,Fraud
3825,INV_2,2020-01-13 13:07:00,2020-01-13 14:26:00,79,False Positive
3826,INV_12,2020-01-13 12:29:00,2020-01-13 12:51:00,22,Fraud
3827,INV_20,2020-01-13 13:32:00,2020-01-13 15:32:00,120,Fraud
3828,INV_15,2020-01-13 13:52:00,2020-01-13 14:49:00,57,False Positive
3829,INV_3,2020-01-13 13:25:00,2020-01-13 14:05:00,40,Fraud
3830,INV_24,2020-01-13 12:33:00,2020-01-13 14:26:00,113,Fraud
3831,INV_5,2020-01-13 13:57:00,2020-01-13 16:54:00,177,Fraud
3832,INV_8,2020-01-13 13:37:00,2020-01-13 15:33:00,116,Fraud
3833,INV_22,2020-01-13 13:56:00,2020-01-13 14:41:00,45,Fraud
3834,INV_1,2020-01-13 13:09:00,2020-01-13 14:27:00,78,Fraud
3835,INV_24,2020-01-13 12:59:00,2020-01-13 14:55:00,116,Fraud
3836,INV_10,2020-01-13 13:13:00,2020-01-13 16:01:00,168,Fraud
3837,INV_25,2020-01-13 13:09:00,2020-01-13 14:11:00,62,Fraud
3838,INV_12,2020-01-13 13:37:00,2020-01-13 14:33:00,56,Fraud
3839,INV_10,2020-01-13 13:42:00,2020-01-13 15:11:00,89,Fraud
3840,INV_17,2020-01-13 12:16:00,2020-01-13 13:14:00,58,False Positive
3841,INV_12,2020-01-13 12:39:00,2020-01-13 13:15:00,36,Fraud
3842,INV_2,2020-01-13 13:53:00,2020-01-13 15:13:00,80,Fraud
3843,INV_12,2020-01-13 13:25:00,2020-01-13 14:55:00,90,Fraud
3844,INV_16,2020-01-13 13:52:00,2020-01-13 15:28:00,96,Fraud
3845,INV_16,2020-01-13 13:28:00,2020-01-13 13:50:00,22,Fraud
3846,INV_18,2020-01-13 12:55:00,2020-01-13 13:23:00,28,Fraud
3847,INV_21,2020-01-13 13:25:00,2020-01-13 14:22:00,57,Fraud
3848,INV_12,2020-01-13 13:56:00,2020-01-13 14:29:00,33,Fraud
3849,INV_22,2020-01-13 12:51:00,2020-01-13 14:54:00,123,Fraud
3850,INV_22,2020-01-13 13:12:00,2020-01-13 15:03:00,111,False Positive
3851,INV_7,2020-01-13 12:20:00,2020-01-13 14:56:00,156,False Positive
3852,INV_23,2020-01-13 12:33:00,2020-01-13 14:46:00,133,Fraud
3853,INV_9,2020-01-13 13:30:00,2020-01-13 13:46:00,16,Fraud
3854,INV_20,2020-01-13 14:38:00,2020-01-13 15:29:00,51,False Positive
3855,INV_17,2020-01-13 14:16:00,2020-01-13 15:55:00,99,Fraud
3856,INV_22,2020-01-13 13:20:00,2020-01-13 14:10:00,50,False Positive
3857,INV_14,2020-01-13 13:10:00,2020-01-13 15:10:00,120,Fraud
3858,INV_3,2020-01-13 14:10:00,2020-01-13 17:09:00,179,Fraud
3859,INV_6,2020-01-13 14:29:00,2020-01-13 16:39:00,130,Fraud
3860,INV_2,2020-01-13 14:12:00,2020-01-13 15:47:00,95,Fraud
3861,INV_19,2020-01-13 13:58:00,2020-01-13 15:18:00,80,Fraud
3862,INV_7,2020-01-13 14:20:00,2020-01-13 16:09:00,109,Fraud
3863,INV_13,2020-01-13 14:46:00,2020-01-13 16:01:00,75,Fraud
3864,INV_16,2020-01-13 13:46:00,2020-01-13 16:07:00,141,Fraud
3865,INV_18,2020-01-13 14:05:00,2020-01-13 15:09:00,64,Fraud
3866,INV_15,2020-01-13 13:41:00,2020-01-13 16:29:00,168,Fraud
3867,INV_18,2020-01-13 13:06:00,2020-01-13 15:55:00,169,Fraud
3868,INV_16,2020-01-13 13:21:00,2020-01-13 14:36:00,75,False Positive
3869,INV_2,2020-01-13 14:06:00,2020-01-13 15:31:00,85,False Positive
3870,INV_19,2020-01-13 13:56:00,2020-01-13 14:51:00,55,Fraud
3871,INV_17,2020-01-13 14:00:00,2020-01-13 16:39:00,159,Fraud
3872,INV_20,2020-01-13 13:39:00,2020-01-13 15:46:00,127,Fraud
3873,INV_9,2020-01-13 13:43:00,2020-01-13 14:48:00,65,False Positive
3874,INV_14,2020-01-13 13:38:00,2020-01-13 15:54:00,136,Fraud
3875,INV_25,2020-01-13 14:20:00,2020-01-13 16:31:00,131,False Positive
3876,INV_17,2020-01-13 14:37:00,2020-01-13 16:45:00,128,False Positive
3877,INV_6,2020-01-13 14:19:00,2020-01-13 14:57:00,38,False Positive
3878,INV_5,2020-01-13 14:39:00,2020-01-13 15:39:00,60,False Positive
3879,INV_8,2020-01-13 14:14:00,2020-01-13 16:23:00,129,Fraud
3880,INV_4,2020-01-13 13:40:00,2020-01-13 13:59:00,19,Fraud
3881,INV_4,2020-01-13 13:10:00,2020-01-13 14:58:00,108,Fraud
3882,INV_24,2020-01-13 14:17:00,2020-01-13 16:36:00,139,False Positive
3883,INV_22,2020-01-13 14:24:00,2020-01-13 14:46:00,22,Fraud
3884,INV_13,2020-01-13 14:20:00,2020-01-13 15:37:00,77,Fraud
3885,INV_2,2020-01-13 13:45:00,2020-01-13 14:48:00,63,Fraud
3886,INV_20,2020-01-13 13:24:00,2020-01-13 15:18:00,114,Fraud
3887,INV_22,2020-01-13 13:07:00,2020-01-13 15:38:00,151,False Positive
3888,INV_8,2020-01-13 13:31:00,2020-01-13 13:59:00,28,Fraud
3889,INV_23,2020-01-13 13:36:00,2020-01-13 14:24:00,48,Fraud
3890,INV_17,2020-01-13 14:45:00,2020-01-13 15:19:00,34,False Positive
3891,INV_9,2020-01-13 13:59:00,2020-01-13 14:34:00,35,False Positive
3892,INV_17,2020-01-13 13:09:00,2020-01-13 15:29:00,140,Fraud
3893,INV_18,2020-01-13 14:40:00,2020-01-13 15:02:00,22,Fraud
3894,INV_7,2020-01-13 14:44:00,2020-01-13 15:38:00,54,Fraud
3895,INV_6,2020-01-13 13:59:00,2020-01-13 15:07:00,68,Fraud
3896,INV_3,2020-01-13 13:30:00,2020-01-13 13:59:00,29,Fraud
3897,INV_1,2020-01-13 13:17:00,2020-01-13 14:58:00,101,Fraud
3898,INV_20,2020-01-13 13:19:00,2020-01-13 14:04:00,45,Fraud
3899,INV_10,2020-01-13 14:16:00,2020-01-13 15:41:00,85,False Positive
3900,INV_20,2020-01-13 13:55:00,2020-01-13 15:15:00,80,Fraud
3901,INV_8,2020-01-13 13:18:00,2020-01-13 16:10:00,172,Fraud
3902,INV_18,2020-01-13 13:43:00,2020-01-13 15:13:00,90,Fraud
3903,INV_14,2020-01-13 13:51:00,2020-01-13 15:38:00,107,Fraud
3904,INV_10,2020-01-13 14:10:00,2020-01-13 16:06:00,116,False Positive
3905,INV_24,2020-01-13 13:51:00,2020-01-13 16:40:00,169,Fraud
3906,INV_3,2020-01-13 14:09:00,2020-01-13 16:21:00,132,Fraud
3907,INV_10,2020-01-13 13:49:00,2020-01-13 15:40:00,111,Fraud
3908,INV_4,2020-01-13 13:49:00,2020-01-13 15:33:00,104,False Positive
3909,INV_15,2020-01-13 13:57:00,2020-01-13 16:12:00,135,Fraud
3910,INV_4,2020-01-13 14:39:00,2020-01-13 17:35:00,176,Fraud
3911,INV_22,2020-01-13 13:11:00,2020-01-13 14:26:00,75,Fraud
3912,INV_2,2020-01-13 13:25:00,2020-01-13 16:13:00,168,False Positive
3913,INV_15,2020-01-13 14:28:00,2020-01-13 16:32:00,124,Fraud
3914,INV_6,2020-01-13 15:21:00,2020-01-13 16:45:00,84,False Positive
3915,INV_13,2020-01-13 15:18:00,2020-01-13 17:06:00,108,Fraud
3916,INV_10,2020-01-13 15:06:00,2020-01-13 16:43:00,97,Fraud
3917,INV_7,2020-01-13 15:08:00,2020-01-13 17:18:00,130,Fraud
3918,INV_11,2020-01-13 15:57:00,2020-01-13 17:48:00,111,Fraud
3919,INV_24,2020-01-13 14:24:00,2020-01-13 14:51:00,27,False Positive
3920,INV_20,2020-01-13 14:30:00,2020-01-13 16:23:00,113,Fraud
3921,INV_11,2020-01-13 14:23:00,2020-01-13 16:01:00,98,Fraud
3922,INV_13,2020-01-13 15:27:00,2020-01-13 16:58:00,91,False Positive
3923,INV_17,2020-01-13 15:12:00,2020-01-13 15:53:00,41,Fraud
3924,INV_21,2020-01-13 15:04:00,2020-01-13 16:48:00,104,False Positive
3925,INV_19,2020-01-13 14:38:00,2020-01-13 15:12:00,34,False Positive
3926,INV_19,2020-01-13 15:50:00,2020-01-13 17:28:00,98,False Positive
3927,INV_16,2020-01-13 14:13:00,2020-01-13 16:09:00,116,Fraud
3928,INV_6,2020-01-13 15:51:00,2020-01-13 17:05:00,74,False Positive
3929,INV_11,2020-01-13 15:14:00,2020-01-13 15:53:00,39,Fraud
3930,INV_17,2020-01-13 14:42:00,2020-01-13 15:30:00,48,Fraud
3931,INV_7,2020-01-13 14:06:00,2020-01-13 14:48:00,42,Fraud
3932,INV_13,2020-01-13 14:36:00,2020-01-13 15:42:00,66,False Positive
3933,INV_22,2020-01-13 15:32:00,2020-01-13 17:56:00,144,Fraud
3934,INV_14,2020-01-13 15:27:00,2020-01-13 17:34:00,127,False Positive
3935,INV_18,2020-01-13 14:54:00,2020-01-13 17:08:00,134,False Positive
3936,INV_24,2020-01-13 14:10:00,2020-01-13 16:49:00,159,Fraud
3937,INV_14,2020-01-13 15:31:00,2020-01-13 16:33:00,62,Fraud
3938,INV_18,2020-01-13 14:10:00,2020-01-13 15:10:00,60,False Positive
3939,INV_12,2020-01-13 15:06:00,2020-01-13 15:19:00,13,Fraud
3940,INV_23,2020-01-13 15:13:00,2020-01-13 17:45:00,152,Fraud
3941,INV_19,2020-01-13 14:59:00,2020-01-13 17:50:00,171,Fraud
3942,INV_15,2020-01-13 14:33:00,2020-01-13 17:26:00,173,False Positive
3943,INV_11,2020-01-13 14:16:00,2020-01-13 14:57:00,41,False Positive
3944,INV_23,2020-01-13 15:44:00,2020-01-13 18:03:00,139,Fraud
3945,INV_10,2020-01-13 15:11:00,2020-01-13 17:20:00,129,False Positive
3946,INV_4,2020-01-13 15:17:00,2020-01-13 16:41:00,84,False Positive
3947,INV_22,2020-01-13 14:16:00,2020-01-13 16:38:00,142,Fraud
3948,INV_13,2020-01-13 15:00:00,2020-01-13 15:36:00,36,False Positive
3949,INV_23,2020-01-13 14:34:00,2020-01-13 16:43:00,129,Fraud
3950,INV_21,2020-01-13 15:51:00,2020-01-13 17:36:00,105,Fraud
3951,INV_22,2020-01-13 15:25:00,2020-01-13 16:34:00,69,Fraud
3952,INV_19,2020-01-13 15:27:00,2020-01-13 16:38:00,71,Fraud
3953,INV_22,2020-01-13 14:50:00,2020-01-13 15:29:00,39,Fraud
3954,INV_2,2020-01-13 14:13:00,2020-01-13 15:50:00,97,False Positive
3955,INV_12,2020-01-13 14:26:00,2020-01-13 17:22:00,176,False Positive
3956,INV_6,2020-01-13 15:16:00,2020-01-13 15:59:00,43,False Positive
3957,INV_20,2020-01-13 14:37:00,2020-01-13 15:09:00,32,False Positive
3958,INV_11,2020-01-13 15:25:00,2020-01-13 15:54:00,29,Fraud
3959,INV_12,2020-01-13 14:42:00,2020-01-13 15:15:00,33,Fraud
3960,INV_6,2020-01-13 14:31:00,2020-01-13 14:56:00,25,Fraud
3961,INV_20,2020-01-13 15:39:00,2020-01-13 16:10:00,31,Fraud
3962,INV_4,2020-01-13 14:49:00,2020-01-13 15:42:00,53,Fraud
3963,INV_14,2020-01-13 14:38:00,2020-01-13 15:58:00,80,Fraud
3964,INV_6,2020-01-13 15:18:00,2020-01-13 18:14:00,176,False Positive
3965,INV_5,2020-01-13 14:38:00,2020-01-13 15:09:00,31,Fraud
3966,INV_24,2020-01-13 15:28:00,2020-01-13 17:16:00,108,Fraud
3967,INV_5,2020-01-13 15:15:00,2020-01-13 17:18:00,123,False Positive
3968,INV_8,2020-01-13 15:33:00,2020-01-13 18:10:00,157,Fraud
3969,INV_1,2020-01-13 15:07:00,2020-01-13 16:28:00,81,False Positive
3970,INV_12,2020-01-13 15:10:00,2020-01-13 15:25:00,15,False Positive
3971,INV_4,2020-01-13 14:20:00,2020-01-13 15:09:00,49,False Positive
3972,INV_14,2020-01-13 15:11:00,2020-01-13 16:26:00,75,Fraud
3973,INV_8,2020-01-13 14:36:00,2020-01-13 17:29:00,173,Fraud
3974,INV_1,2020-01-13 14:15:00,2020-01-13 16:06:00,111,False Positive
3975,INV_1,2020-01-13 14:23:00,2020-01-13 15:28:00,65,False Positive
3976,INV_1,2020-01-13 15:04:00,2020-01-13 16:27:00,83,Fraud
3977,INV_15,2020-01-13 14:41:00,2020-01-13 17:23:00,162,False Positive
3978,INV_24,2020-01-13 14:23:00,2020-01-13 17:16:00,173,Fraud
3979,INV_2,2020-01-13 15:43:00,2020-01-13 16:18:00,35,Fraud
3980,INV_23,2020-01-13 15:41:00,2020-01-13 18:34:00,173,Fraud
3981,INV_24,2020-01-13 15:07:00,2020-01-13 16:14:00,67,Fraud
3982,INV_24,2020-01-13 14:54:00,2020-01-13 16:53:00,119,Fraud
3983,INV_13,2020-01-13 14:59:00,2020-01-13 16:00:00,61,Fraud
3984,INV_4,2020-01-13 14:54:00,2020-01-13 16:09:00,75,Fraud
3985,INV_18,2020-01-13 14:31:00,2020-01-13 15:08:00,37,Fraud
3986,INV_10,2020-01-13 14:30:00,2020-01-13 15:36:00,66,Fraud
3987,INV_8,2020-01-13 14:12:00,2020-01-13 15:18:00,66,False Positive
3988,INV_17,2020-01-13 14:42:00,2020-01-13 14:59:00,17,False Positive
3989,INV_10,2020-01-13 14:53:00,2020-01-13 16:51:00,118,Fraud
3990,INV_11,2020-01-13 14:58:00,2020-01-13 15:34:00,36,Fraud
3991,INV_12,2020-01-13 15:34:00,2020-01-13 16:42:00,68,Fraud
3992,INV_25,2020-01-13 15:56:00,2020-01-13 18:53:00,177,False Positive
3993,INV_21,2020-01-13 15:02:00,2020-01-13 16:15:00,73,False Positive
3994,INV_25,2020-01-13 14:19:00,2020-01-13 15:29:00,70,Fraud
3995,INV_3,2020-01-13 15:05:00,2020-01-13 15:51:00,46,Fraud
3996,INV_13,2020-01-13 14:29:00,2020-01-13 16:09:00,100,False Positive
3997,INV_21,2020-01-13 15:50:00,2020-01-13 18:32:00,162,Fraud
3998,INV_15,2020-01-13 16:09:00,2020-01-13 18:28:00,139,False Positive
3999,INV_23,2020-01-13 16:53:00,2020-01-13 18:51:00,118,False Positive
4000,INV_10,2020-01-13 16:06:00,2020-01-13 17:23:00,77,False Positive
4001,INV_7,2020-01-13 16:08:00,2020-01-13 17:06:00,58,False Positive
4002,INV_6,2020-01-13 15:35:00,2020-01-13 18:20:00,165,Fraud
4003,INV_10,2020-01-13 16:43:00,2020-01-13 17:20:00,37,Fraud
4004,INV_3,2020-01-13 15:26:00,2020-01-13 17:27:00,121,Fraud
4005,INV_11,2020-01-13 16:27:00,2020-01-13 19:22:00,175,Fraud
4006,INV_9,2020-01-13 16:58:00,2020-01-13 19:16:00,138,False Positive
4007,INV_17,2020-01-13 16:44:00,2020-01-13 17:29:00,45,Fraud
4008,INV_18,2020-01-13 16:23:00,2020-01-13 19:15:00,172,Fraud
4009,INV_17,2020-01-13 16:30:00,2020-01-13 18:23:00,113,Fraud
4010,INV_16,2020-01-13 16:49:00,2020-01-13 18:08:00,79,Fraud
4011,INV_7,2020-01-13 16:12:00,2020-01-13 18:16:00,124,False Positive
4012,INV_19,2020-01-13 15:19:00,2020-01-13 18:14:00,175,False Positive
4013,INV_13,2020-01-13 15:59:00,2020-01-13 17:59:00,120,Fraud
4014,INV_7,2020-01-13 16:02:00,2020-01-13 16:13:00,11,False Positive
4015,INV_18,2020-01-13 16:53:00,2020-01-13 19:17:00,144,False Positive
4016,INV_15,2020-01-13 16:02:00,2020-01-13 17:38:00,96,False Positive
4017,INV_10,2020-01-13 15:56:00,2020-01-13 17:05:00,69,Fraud
4018,INV_25,2020-01-13 15:12:00,2020-01-13 18:11:00,179,False Positive
4019,INV_8,2020-01-13 16:54:00,2020-01-13 19:48:00,174,Fraud
4020,INV_20,2020-01-13 16:59:00,2020-01-13 18:06:00,67,False Positive
4021,INV_17,2020-01-13 16:43:00,2020-01-13 17:23:00,40,False Positive
4022,INV_20,2020-01-13 16:38:00,2020-01-13 18:06:00,88,Fraud
4023,INV_6,2020-01-13 15:07:00,2020-01-13 15:51:00,44,False Positive
4024,INV_12,2020-01-13 16:20:00,2020-01-13 18:20:00,120,Fraud
4025,INV_6,2020-01-13 16:15:00,2020-01-13 17:40:00,85,False Positive
4026,INV_14,2020-01-13 16:11:00,2020-01-13 18:34:00,143,Fraud
4027,INV_4,2020-01-13 15:18:00,2020-01-13 16:02:00,44,False Positive
4028,INV_21,2020-01-13 16:24:00,2020-01-13 19:02:00,158,Fraud
4029,INV_11,2020-01-13 16:08:00,2020-01-13 18:37:00,149,False Positive
4030,INV_6,2020-01-13 15:34:00,2020-01-13 18:14:00,160,Fraud
4031,INV_9,2020-01-13 16:39:00,2020-01-13 18:57:00,138,False Positive
4032,INV_7,2020-01-13 16:09:00,2020-01-13 18:35:00,146,Fraud
4033,INV_21,2020-01-13 15:36:00,2020-01-13 16:25:00,49,Fraud
4034,INV_22,2020-01-13 15:52:00,2020-01-13 17:53:00,121,Fraud
4035,INV_9,2020-01-13 15:52:00,2020-01-13 18:19:00,147,Fraud
4036,INV_14,2020-01-13 16:06:00,2020-01-13 17:49:00,103,Fraud
4037,INV_24,2020-01-13 15:24:00,2020-01-13 16:42:00,78,Fraud
4038,INV_18,2020-01-13 15:05:00,2020-01-13 17:24:00,139,False Positive
4039,INV_4,2020-01-13 15:20:00,2020-01-13 16:59:00,99,Fraud
4040,INV_4,2020-01-13 16:31:00,2020-01-13 17:06:00,35,False Positive
4041,INV_21,2020-01-13 16:53:00,2020-01-13 17:32:00,39,Fraud
4042,INV_5,2020-01-13 16:35:00,2020-01-13 17:01:00,26,False Positive
4043,INV_21,2020-01-13 15:50:00,2020-01-13 16:40:00,50,Fraud
4044,INV_22,2020-01-13 16:41:00,2020-01-13 18:43:00,122,Fraud
4045,INV_3,2020-01-13 15:50:00,2020-01-13 17:52:00,122,Fraud
4046,INV_11,2020-01-13 15:32:00,2020-01-13 16:43:00,71,False Positive
4047,INV_16,2020-01-13 15:46:00,2020-01-13 17:22:00,96,Fraud
4048,INV_2,2020-01-13 16:55:00,2020-01-13 19:28:00,153,Fraud
4049,INV_17,2020-01-13 15:55:00,2020-01-13 17:42:00,107,Fraud
4050,INV_18,2020-01-13 15:55:00,2020-01-13 17:57:00,122,Fraud
4051,INV_24,2020-01-13 16:43:00,2020-01-13 18:43:00,120,Fraud
4052,INV_19,2020-01-13 15:49:00,2020-01-13 16:39:00,50,False Positive
4053,INV_19,2020-01-13 16:53:00,2020-01-13 18:06:00,73,False Positive
4054,INV_4,2020-01-13 15:26:00,2020-01-13 17:19:00,113,Fraud
4055,INV_11,2020-01-13 15:18:00,2020-01-13 17:34:00,136,Fraud
4056,INV_20,2020-01-13 15:07:00,2020-01-13 17:36:00,149,Fraud
4057,INV_19,2020-01-13 16:43:00,2020-01-13 17:50:00,67,Fraud
4058,INV_21,2020-01-13 16:56:00,2020-01-13 19:42:00,166,False Positive
4059,INV_20,2020-01-13 15:26:00,2020-01-13 17:39:00,133,Fraud
4060,INV_21,2020-01-13 16:22:00,2020-01-13 18:45:00,143,Fraud
4061,INV_6,2020-01-13 15:42:00,2020-01-13 15:58:00,16,False Positive
4062,INV_16,2020-01-13 16:25:00,2020-01-13 19:19:00,174,Fraud
4063,INV_11,2020-01-13 15:06:00,2020-01-13 17:41:00,155,Fraud
4064,INV_23,2020-01-13 16:52:00,2020-01-13 18:08:00,76,False Positive
4065,INV_6,2020-01-13 16:26:00,2020-01-13 19:15:00,169,False Positive
4066,INV_18,2020-01-13 16:54:00,2020-01-13 18:40:00,106,Fraud
4067,INV_8,2020-01-13 16:57:00,2020-01-13 19:37:00,160,Fraud
4068,INV_6,2020-01-13 16:58:00,2020-01-13 18:21:00,83,Fraud
4069,INV_18,2020-01-13 16:57:00,2020-01-13 18:39:00,102,False Positive
4070,INV_3,2020-01-13 16:50:00,2020-01-13 19:01:00,131,False Positive
4071,INV_11,2020-01-13 15:14:00,2020-01-13 17:24:00,130,False Positive
4072,INV_18,2020-01-13 16:04:00,2020-01-13 18:43:00,159,Fraud
4073,INV_11,2020-01-13 16:21:00,2020-01-13 16:41:00,20,Fraud
4074,INV_25,2020-01-13 16:47:00,2020-01-13 17:03:00,16,False Positive
4075,INV_9,2020-01-13 16:31:00,2020-01-13 17:56:00,85,Fraud
4076,INV_13,2020-01-13 15:47:00,2020-01-13 17:25:00,98,False Positive
4077,INV_18,2020-01-13 16:58:00,2020-01-13 17:50:00,52,Fraud
4078,INV_15,2020-01-13 15:57:00,2020-01-13 18:04:00,127,Fraud
4079,INV_24,2020-01-13 16:13:00,2020-01-13 16:47:00,34,False Positive
4080,INV_4,2020-01-13 16:27:00,2020-01-13 19:24:00,177,Fraud
4081,INV_19,2020-01-13 16:37:00,2020-01-13 18:10:00,93,Fraud
4082,INV_2,2020-01-13 16:28:00,2020-01-13 18:27:00,119,Fraud
4083,INV_14,2020-01-13 15:13:00,2020-01-13 16:16:00,63,Fraud
4084,INV_15,2020-01-13 16:56:00,2020-01-13 17:38:00,42,Fraud
4085,INV_5,2020-01-13 16:45:00,2020-01-13 19:32:00,167,False Positive
4086,INV_15,2020-01-13 16:39:00,2020-01-13 19:20:00,161,False Positive
4087,INV_13,2020-01-13 15:44:00,2020-01-13 17:17:00,93,False Positive
4088,INV_11,2020-01-13 15:22:00,2020-01-13 15:57:00,35,Fraud
4089,INV_9,2020-01-13 15:07:00,2020-01-13 16:34:00,87,False Positive
4090,INV_25,2020-01-13 16:59:00,2020-01-13 18:18:00,79,Fraud
4091,INV_10,2020-01-13 16:37:00,2020-01-13 18:43:00,126,Fraud
4092,INV_5,2020-01-13 16:33:00,2020-01-13 17:09:00,36,False Positive
4093,INV_3,2020-01-13 16:44:00,2020-01-13 19:25:00,161,False Positive
4094,INV_3,2020-01-13 15:29:00,2020-01-13 17:58:00,149,False Positive
4095,INV_23,2020-01-13 16:53:00,2020-01-13 18:36:00,103,Fraud
4096,INV_14,2020-01-13 16:26:00,2020-01-13 19:20:00,174,Fraud
4097,INV_20,2020-01-13 15:30:00,2020-01-13 16:47:00,77,False Positive
4098,INV_17,2020-01-13 16:04:00,2020-01-13 17:50:00,106,False Positive
4099,INV_14,2020-01-13 16:56:00,2020-01-13 17:56:00,60,Fraud
4100,INV_12,2020-01-13 16:10:00,2020-01-13 18:53:00,163,False Positive
4101,INV_14,2020-01-13 16:46:00,2020-01-13 17:58:00,72,Fraud
4102,INV_10,2020-01-13 15:17:00,2020-01-13 16:04:00,47,Fraud
4103,INV_3,2020-01-13 16:10:00,2020-01-13 17:04:00,54,False Positive
4104,INV_16,2020-01-13 16:42:00,2020-01-13 17:49:00,67,False Positive
4105,INV_13,2020-01-13 15:05:00,2020-01-13 16:23:00,78,Fraud
4106,INV_10,2020-01-13 16:48:00,2020-01-13 17:56:00,68,Fraud
4107,INV_2,2020-01-13 15:38:00,2020-01-13 17:01:00,83,False Positive
4108,INV_8,2020-01-13 16:38:00,2020-01-13 18:23:00,105,False Positive
4109,INV_24,2020-01-13 16:50:00,2020-01-13 19:32:00,162,Fraud
4110,INV_16,2020-01-13 16:01:00,2020-01-13 17:40:00,99,False Positive
4111,INV_2,2020-01-13 15:30:00,2020-01-13 17:00:00,90,Fraud
4112,INV_1,2020-01-13 16:57:00,2020-01-13 18:16:00,79,Fraud
4113,INV_1,2020-01-13 16:02:00,2020-01-13 17:15:00,73,Fraud
4114,INV_9,2020-01-13 15:20:00,2020-01-13 17:30:00,130,Fraud
4115,INV_25,2020-01-13 16:04:00,2020-01-13 17:26:00,82,Fraud
4116,INV_3,2020-01-13 15:54:00,2020-01-13 16:47:00,53,False Positive
4117,INV_11,2020-01-13 16:54:00,2020-01-13 17:21:00,27,Fraud
4118,INV_21,2020-01-13 16:42:00,2020-01-13 19:33:00,171,False Positive
4119,INV_13,2020-01-13 15:44:00,2020-01-13 17:39:00,115,Fraud
4120,INV_11,2020-01-13 16:39:00,2020-01-13 17:04:00,25,False Positive
4121,INV_12,2020-01-13 15:29:00,2020-01-13 17:25:00,116,Fraud
4122,INV_10,2020-01-13 15:57:00,2020-01-13 16:52:00,55,Fraud
4123,INV_25,2020-01-13 15:51:00,2020-01-13 17:19:00,88,Fraud
4124,INV_19,2020-01-13 15:33:00,2020-01-13 16:39:00,66,Fraud
4125,INV_2,2020-01-13 16:24:00,2020-01-13 17:03:00,39,False Positive
4126,INV_5,2020-01-13 16:11:00,2020-01-13 18:55:00,164,Fraud
4127,INV_2,2020-01-13 16:40:00,2020-01-13 17:56:00,76,Fraud
4128,INV_6,2020-01-13 16:56:00,2020-01-13 17:26:00,30,Fraud
4129,INV_9,2020-01-13 16:50:00,2020-01-13 19:18:00,148,False Positive
4130,INV_7,2020-01-13 16:52:00,2020-01-13 18:48:00,116,Fraud
4131,INV_3,2020-01-13 16:09:00,2020-01-13 18:36:00,147,False Positive
4132,INV_19,2020-01-13 16:16:00,2020-01-13 18:17:00,121,False Positive
4133,INV_24,2020-01-13 15:10:00,2020-01-13 17:40:00,150,Fraud
4134,INV_20,2020-01-13 16:09:00,2020-01-13 18:56:00,167,Fraud
4135,INV_13,2020-01-13 15:41:00,2020-01-13 18:19:00,158,Fraud
4136,INV_17,2020-01-13 15:50:00,2020-01-13 16:53:00,63,Fraud
4137,INV_19,2020-01-13 16:15:00,2020-01-13 18:57:00,162,Fraud
4138,INV_10,2020-01-13 16:15:00,2020-01-13 17:46:00,91,Fraud
4139,INV_18,2020-01-13 16:20:00,2020-01-13 16:45:00,25,Fraud
4140,INV_3,2020-01-13 16:00:00,2020-01-13 17:21:00,81,Fraud
4141,INV_23,2020-01-13 16:07:00,2020-01-13 16:25:00,18,Fraud
4142,INV_8,2020-01-13 15:08:00,2020-01-13 16:03:00,55,False Positive
4143,INV_25,2020-01-13 16:42:00,2020-01-13 19:11:00,149,Fraud
4144,INV_8,2020-01-13 15:56:00,2020-01-13 18:50:00,174,False Positive
4145,INV_12,2020-01-13 16:51:00,2020-01-13 18:41:00,110,Fraud
4146,INV_10,2020-01-13 16:43:00,2020-01-13 18:50:00,127,Fraud
4147,INV_19,2020-01-13 15:07:00,2020-01-13 17:16:00,129,False Positive
4148,INV_3,2020-01-13 16:43:00,2020-01-13 19:06:00,143,False Positive
4149,INV_9,2020-01-13 15:59:00,2020-01-13 17:20:00,81,Fraud
4150,INV_4,2020-01-13 15:14:00,2020-01-13 15:27:00,13,False Positive
4151,INV_1,2020-01-13 15:50:00,2020-01-13 18:35:00,165,Fraud
4152,INV_14,2020-01-13 16:08:00,2020-01-13 18:32:00,144,False Positive
4153,INV_15,2020-01-13 16:27:00,2020-01-13 17:59:00,92,Fraud
4154,INV_21,2020-01-13 15:24:00,2020-01-13 16:09:00,45,False Positive
4155,INV_8,2020-01-13 16:47:00,2020-01-13 17:22:00,35,Fraud
4156,INV_19,2020-01-13 16:47:00,2020-01-13 18:33:00,106,False Positive
4157,INV_7,2020-01-13 16:37:00,2020-01-13 17:54:00,77,False Positive
4158,INV_22,2020-01-13 16:38:00,2020-01-13 18:19:00,101,Fraud
4159,INV_14,2020-01-13 16:07:00,2020-01-13 17:01:00,54,False Positive
4160,INV_12,2020-01-13 15:09:00,2020-01-13 15:25:00,16,False Positive
4161,INV_5,2020-01-13 15:06:00,2020-01-13 16:46:00,100,Fraud
4162,INV_1,2020-01-13 16:51:00,2020-01-13 17:42:00,51,Fraud
4163,INV_3,2020-01-13 15:47:00,2020-01-13 18:06:00,139,False Positive
4164,INV_16,2020-01-13 15:34:00,2020-01-13 16:00:00,26,Fraud
4165,INV_18,2020-01-13 16:36:00,2020-01-13 17:54:00,78,False Positive
4166,INV_1,2020-01-13 15:08:00,2020-01-13 15:20:00,12,Fraud
4167,INV_22,2020-01-13 16:56:00,2020-01-13 18:32:00,96,Fraud
4168,INV_14,2020-01-13 16:24:00,2020-01-13 19:21:00,177,Fraud
4169,INV_14,2020-01-13 17:33:00,2020-01-13 19:31:00,118,Fraud
4170,INV_18,2020-01-13 16:29:00,2020-01-13 16:55:00,26,False Positive
4171,INV_12,2020-01-13 16:14:00,2020-01-13 19:13:00,179,Fraud
4172,INV_9,2020-01-13 17:28:00,2020-01-13 19:49:00,141,False Positive
4173,INV_5,2020-01-13 17:18:00,2020-01-13 19:53:00,155,Fraud
4174,INV_19,2020-01-13 16:59:00,2020-01-13 18:02:00,63,False Positive
4175,INV_8,2020-01-13 16:16:00,2020-01-13 17:25:00,69,Fraud
4176,INV_15,2020-01-13 17:07:00,2020-01-13 17:27:00,20,Fraud
4177,INV_15,2020-01-13 16:19:00,2020-01-13 17:30:00,71,Fraud
4178,INV_20,2020-01-13 17:25:00,2020-01-13 19:37:00,132,Fraud
4179,INV_1,2020-01-13 16:52:00,2020-01-13 17:27:00,35,Fraud
4180,INV_16,2020-01-13 16:26:00,2020-01-13 18:06:00,100,False Positive
4181,INV_9,2020-01-13 16:56:00,2020-01-13 19:11:00,135,Fraud
4182,INV_7,2020-01-13 17:44:00,2020-01-13 18:53:00,69,False Positive
4183,INV_6,2020-01-13 16:58:00,2020-01-13 17:20:00,22,Fraud
4184,INV_5,2020-01-13 16:35:00,2020-01-13 17:33:00,58,Fraud
4185,INV_20,2020-01-13 16:59:00,2020-01-13 17:11:00,12,Fraud
4186,INV_6,2020-01-13 17:17:00,2020-01-13 17:37:00,20,Fraud
4187,INV_15,2020-01-13 17:01:00,2020-01-13 17:24:00,23,Fraud
4188,INV_6,2020-01-13 16:52:00,2020-01-13 17:13:00,21,False Positive
4189,INV_16,2020-01-13 16:07:00,2020-01-13 17:57:00,110,False Positive
4190,INV_11,2020-01-13 16:06:00,2020-01-13 17:01:00,55,Fraud
4191,INV_12,2020-01-13 16:07:00,2020-01-13 17:33:00,86,False Positive
4192,INV_5,2020-01-13 17:23:00,2020-01-13 19:18:00,115,False Positive
4193,INV_8,2020-01-13 16:44:00,2020-01-13 19:27:00,163,False Positive
4194,INV_1,2020-01-13 16:32:00,2020-01-13 18:33:00,121,Fraud
4195,INV_10,2020-01-13 16:10:00,2020-01-13 18:12:00,122,Fraud
4196,INV_9,2020-01-13 16:20:00,2020-01-13 17:02:00,42,Fraud
4197,INV_3,2020-01-13 17:44:00,2020-01-13 18:10:00,26,False Positive
4198,INV_11,2020-01-13 16:29:00,2020-01-13 17:49:00,80,False Positive
4199,INV_4,2020-01-13 17:49:00,2020-01-13 19:06:00,77,False Positive
4200,INV_25,2020-01-13 17:19:00,2020-01-13 19:17:00,118,Fraud
4201,INV_15,2020-01-13 17:39:00,2020-01-13 20:18:00,159,Fraud
4202,INV_6,2020-01-13 16:59:00,2020-01-13 19:27:00,148,Fraud
4203,INV_9,2020-01-13 17:17:00,2020-01-13 18:23:00,66,False Positive
4204,INV_12,2020-01-13 17:41:00,2020-01-13 19:24:00,103,Fraud
4205,INV_4,2020-01-13 16:20:00,2020-01-13 17:29:00,69,False Positive
4206,INV_21,2020-01-13 17:59:00,2020-01-13 19:22:00,83,Fraud
4207,INV_9,2020-01-13 17:43:00,2020-01-13 19:27:00,104,Fraud
4208,INV_16,2020-01-13 16:09:00,2020-01-13 17:29:00,80,Fraud
4209,INV_7,2020-01-13 17:47:00,2020-01-13 18:45:00,58,Fraud
4210,INV_22,2020-01-13 17:11:00,2020-01-13 17:21:00,10,False Positive
4211,INV_22,2020-01-13 17:19:00,2020-01-13 19:14:00,115,Fraud
4212,INV_12,2020-01-13 17:31:00,2020-01-13 17:57:00,26,False Positive
4213,INV_14,2020-01-13 16:21:00,2020-01-13 18:32:00,131,Fraud
4214,INV_15,2020-01-13 17:00:00,2020-01-13 18:29:00,89,Fraud
4215,INV_8,2020-01-13 16:26:00,2020-01-13 17:37:00,71,Fraud
4216,INV_11,2020-01-13 16:31:00,2020-01-13 18:45:00,134,False Positive
4217,INV_4,2020-01-13 17:16:00,2020-01-13 18:43:00,87,False Positive
4218,INV_11,2020-01-13 16:15:00,2020-01-13 17:19:00,64,Fraud
4219,INV_16,2020-01-13 17:27:00,2020-01-13 19:27:00,120,False Positive
4220,INV_5,2020-01-13 17:40:00,2020-01-13 18:28:00,48,Fraud
4221,INV_19,2020-01-13 16:05:00,2020-01-13 18:03:00,118,Fraud
4222,INV_21,2020-01-13 17:40:00,2020-01-13 19:33:00,113,False Positive
4223,INV_5,2020-01-13 17:05:00,2020-01-13 19:46:00,161,Fraud
4224,INV_11,2020-01-13 16:19:00,2020-01-13 17:15:00,56,Fraud
4225,INV_10,2020-01-13 17:57:00,2020-01-13 19:15:00,78,Fraud
4226,INV_18,2020-01-13 16:17:00,2020-01-13 16:32:00,15,False Positive
4227,INV_20,2020-01-13 17:11:00,2020-01-13 18:08:00,57,Fraud
4228,INV_14,2020-01-13 16:49:00,2020-01-13 19:05:00,136,Fraud
4229,INV_20,2020-01-13 16:53:00,2020-01-13 18:06:00,73,Fraud
4230,INV_2,2020-01-13 16:43:00,2020-01-13 18:12:00,89,Fraud
4231,INV_22,2020-01-13 16:53:00,2020-01-13 19:19:00,146,Fraud
4232,INV_23,2020-01-13 17:23:00,2020-01-13 19:56:00,153,False Positive
4233,INV_6,2020-01-13 17:40:00,2020-01-13 20:28:00,168,False Positive
4234,INV_1,2020-01-13 17:53:00,2020-01-13 19:58:00,125,False Positive
4235,INV_15,2020-01-13 17:25:00,2020-01-13 19:04:00,99,Fraud
4236,INV_8,2020-01-13 16:13:00,2020-01-13 17:21:00,68,False Positive
4237,INV_1,2020-01-13 16:35:00,2020-01-13 17:11:00,36,False Positive
4238,INV_20,2020-01-13 17:45:00,2020-01-13 18:45:00,60,False Positive
4239,INV_14,2020-01-13 17:15:00,2020-01-13 19:08:00,113,False Positive
4240,INV_19,2020-01-13 18:37:00,2020-01-13 20:04:00,87,Fraud
4241,INV_19,2020-01-13 17:31:00,2020-01-13 19:46:00,135,Fraud
4242,INV_23,2020-01-13 18:23:00,2020-01-13 20:43:00,140,False Positive
4243,INV_8,2020-01-13 17:17:00,2020-01-13 18:04:00,47,False Positive
4244,INV_15,2020-01-13 18:43:00,2020-01-13 19:31:00,48,False Positive
4245,INV_13,2020-01-13 18:22:00,2020-01-13 20:18:00,116,False Positive
4246,INV_23,2020-01-13 18:58:00,2020-01-13 21:44:00,166,Fraud
4247,INV_17,2020-01-13 18:28:00,2020-01-13 19:26:00,58,Fraud
4248,INV_18,2020-01-13 17:16:00,2020-01-13 18:09:00,53,False Positive
4249,INV_2,2020-01-13 17:47:00,2020-01-13 20:40:00,173,Fraud
4250,INV_1,2020-01-13 18:31:00,2020-01-13 20:10:00,99,Fraud
4251,INV_10,2020-01-13 17:27:00,2020-01-13 19:28:00,121,Fraud
4252,INV_14,2020-01-13 17:54:00,2020-01-13 18:42:00,48,Fraud
4253,INV_14,2020-01-13 17:28:00,2020-01-13 19:21:00,113,False Positive
4254,INV_15,2020-01-13 17:31:00,2020-01-13 19:54:00,143,Fraud
4255,INV_25,2020-01-13 17:23:00,2020-01-13 18:15:00,52,Fraud
4256,INV_1,2020-01-13 17:33:00,2020-01-13 19:40:00,127,False Positive
4257,INV_2,2020-01-13 18:34:00,2020-01-13 20:47:00,133,Fraud
4258,INV_15,2020-01-13 18:27:00,2020-01-13 18:58:00,31,Fraud
4259,INV_12,2020-01-13 17:18:00,2020-01-13 19:08:00,110,False Positive
4260,INV_8,2020-01-13 18:48:00,2020-01-13 20:12:00,84,Fraud
4261,INV_19,2020-01-13 17:46:00,2020-01-13 19:15:00,89,False Positive
4262,INV_12,2020-01-13 18:14:00,2020-01-13 20:21:00,127,Fraud
4263,INV_10,2020-01-13 17:23:00,2020-01-13 18:09:00,46,False Positive
4264,INV_20,2020-01-13 19:08:00,2020-01-13 21:44:00,156,Fraud
4265,INV_1,2020-01-13 19:56:00,2020-01-13 21:13:00,77,Fraud
4266,INV_25,2020-01-13 19:05:00,2020-01-13 21:33:00,148,False Positive
4267,INV_2,2020-01-13 19:48:00,2020-01-13 22:25:00,157,False Positive
4268,INV_24,2020-01-13 19:00:00,2020-01-13 20:05:00,65,Fraud
4269,INV_12,2020-01-13 19:25:00,2020-01-13 20:47:00,82,False Positive
4270,INV_25,2020-01-13 19:47:00,2020-01-13 22:18:00,151,False Positive
4271,INV_9,2020-01-13 19:32:00,2020-01-13 20:53:00,81,False Positive
4272,INV_8,2020-01-13 18:46:00,2020-01-13 19:29:00,43,False Positive
4273,INV_22,2020-01-13 18:22:00,2020-01-13 20:48:00,146,Fraud
4274,INV_22,2020-01-13 18:39:00,2020-01-13 19:32:00,53,Fraud
4275,INV_9,2020-01-13 18:40:00,2020-01-13 19:25:00,45,Fraud
4276,INV_4,2020-01-13 18:50:00,2020-01-13 19:55:00,65,False Positive
4277,INV_20,2020-01-13 18:50:00,2020-01-13 19:48:00,58,False Positive
4278,INV_2,2020-01-13 18:40:00,2020-01-13 19:59:00,79,Fraud
4279,INV_6,2020-01-13 18:26:00,2020-01-13 20:11:00,105,Fraud
4280,INV_23,2020-01-13 19:52:00,2020-01-13 22:00:00,128,Fraud
4281,INV_13,2020-01-13 20:35:00,2020-01-13 20:49:00,14,Fraud
4282,INV_22,2020-01-13 20:21:00,2020-01-13 23:09:00,168,Fraud
4283,INV_4,2020-01-13 20:16:00,2020-01-13 21:36:00,80,Fraud
4284,INV_22,2020-01-13 20:12:00,2020-01-13 22:54:00,162,False Positive
4285,INV_9,2020-01-13 19:52:00,2020-01-13 22:11:00,139,Fraud
4286,INV_4,2020-01-13 20:14:00,2020-01-13 22:54:00,160,Fraud
4287,INV_2,2020-01-13 20:02:00,2020-01-13 22:31:00,149,Fraud
4288,INV_7,2020-01-13 19:18:00,2020-01-13 21:09:00,111,Fraud
4289,INV_17,2020-01-13 20:35:00,2020-01-13 22:14:00,99,False Positive
4290,INV_13,2020-01-13 19:16:00,2020-01-13 20:39:00,83,False Positive
4291,INV_5,2020-01-13 20:54:00,2020-01-13 22:56:00,122,Fraud
4292,INV_10,2020-01-13 19:15:00,2020-01-13 19:46:00,31,Fraud
4293,INV_2,2020-01-13 19:53:00,2020-01-13 22:10:00,137,False Positive
4294,INV_15,2020-01-13 20:10:00,2020-01-13 22:50:00,160,False Positive
4295,INV_21,2020-01-13 19:40:00,2020-01-13 20:25:00,45,False Positive
4296,INV_18,2020-01-13 20:18:00,2020-01-13 21:35:00,77,Fraud
4297,INV_2,2020-01-13 20:58:00,2020-01-13 21:49:00,51,Fraud
4298,INV_11,2020-01-13 19:49:00,2020-01-13 20:07:00,18,Fraud
4299,INV_15,2020-01-13 20:43:00,2020-01-13 21:59:00,76,False Positive
4300,INV_23,2020-01-13 19:20:00,2020-01-13 20:20:00,60,Fraud
4301,INV_24,2020-01-13 19:30:00,2020-01-13 22:24:00,174,Fraud
4302,INV_5,2020-01-13 20:32:00,2020-01-13 21:24:00,52,Fraud
4303,INV_11,2020-01-13 19:14:00,2020-01-13 20:20:00,66,False Positive
4304,INV_14,2020-01-13 20:34:00,2020-01-13 21:58:00,84,False Positive
4305,INV_18,2020-01-13 19:10:00,2020-01-13 21:59:00,169,Fraud
4306,INV_11,2020-01-13 21:53:00,2020-01-13 22:13:00,20,False Positive
4307,INV_22,2020-01-13 21:44:00,2020-01-13 22:52:00,68,Fraud
4308,INV_2,2020-01-13 21:59:00,2020-01-14 00:10:00,131,Fraud
4309,INV_7,2020-01-13 20:52:00,2020-01-13 21:49:00,57,Fraud
4310,INV_9,2020-01-13 21:33:00,2020-01-13 21:44:00,11,Fraud
4311,INV_5,2020-01-13 20:45:00,2020-01-13 21:14:00,29,Fraud
4312,INV_1,2020-01-13 21:25:00,2020-01-13 23:33:00,128,False Positive
4313,INV_25,2020-01-13 20:08:00,2020-01-13 22:00:00,112,False Positive
4314,INV_3,2020-01-13 21:03:00,2020-01-13 22:33:00,90,Fraud
4315,INV_21,2020-01-13 20:14:00,2020-01-13 20:44:00,30,Fraud
4316,INV_24,2020-01-13 21:27:00,2020-01-13 22:51:00,84,False Positive
4317,INV_19,2020-01-13 20:36:00,2020-01-13 23:13:00,157,False Positive
4318,INV_1,2020-01-13 21:56:00,2020-01-13 23:50:00,114,Fraud
4319,INV_21,2020-01-13 22:33:00,2020-01-14 00:30:00,117,Fraud
4320,INV_16,2020-01-13 22:40:00,2020-01-13 23:02:00,22,Fraud
4321,INV_9,2020-01-13 22:45:00,2020-01-14 00:11:00,86,Fraud
4322,INV_6,2020-01-13 22:54:00,2020-01-14 01:14:00,140,False Positive
4323,INV_16,2020-01-13 22:33:00,2020-01-13 23:30:00,57,Fraud
4324,INV_21,2020-01-13 22:21:00,2020-01-13 23:29:00,68,Fraud
4325,INV_1,2020-01-13 21:58:00,2020-01-13 22:32:00,34,False Positive
4326,INV_11,2020-01-13 21:15:00,2020-01-13 23:06:00,111,False Positive
4327,INV_22,2020-01-13 21:31:00,2020-01-13 23:05:00,94,Fraud
4328,INV_8,2020-01-13 21:35:00,2020-01-13 23:57:00,142,Fraud
4329,INV_18,2020-01-13 23:39:00,2020-01-14 01:25:00,106,False Positive
4330,INV_17,2020-01-13 23:39:00,2020-01-14 01:11:00,92,Fraud
4331,INV_8,2020-01-13 23:21:00,2020-01-14 00:48:00,87,Fraud
4332,INV_18,2020-01-13 23:33:00,2020-01-14 00:48:00,75,Fraud
4333,INV_9,2020-01-13 23:15:00,2020-01-14 00:40:00,85,Fraud
4334,INV_12,2020-01-13 22:34:00,2020-01-14 00:16:00,102,False Positive
4335,INV_9,2020-01-13 22:14:00,2020-01-13 22:47:00,33,False Positive
4336,INV_7,2020-01-13 22:40:00,2020-01-13 23:21:00,41,Fraud
4337,INV_22,2020-01-13 23:36:00,2020-01-14 01:19:00,103,False Positive
4338,INV_21,2020-01-13 23:13:00,2020-01-14 00:50:00,97,False Positive
4339,INV_22,2020-01-13 22:10:00,2020-01-13 23:39:00,89,Fraud
4340,INV_11,2020-01-13 23:11:00,2020-01-14 02:05:00,174,Fraud
4341,INV_15,2020-01-13 22:48:00,2020-01-13 23:45:00,57,Fraud
4342,INV_1,2020-01-13 23:40:00,2020-01-14 00:48:00,68,Fraud
4343,INV_17,2020-01-14 00:39:00,2020-01-14 02:52:00,133,Fraud
4344,INV_20,2020-01-14 00:49:00,2020-01-14 02:41:00,112,False Positive
4345,INV_25,2020-01-13 23:10:00,2020-01-14 00:18:00,68,False Positive
4346,INV_12,2020-01-13 23:36:00,2020-01-14 00:43:00,67,False Positive
4347,INV_9,2020-01-13 23:40:00,2020-01-14 01:19:00,99,Fraud
4348,INV_1,2020-01-14 00:43:00,2020-01-14 01:03:00,20,Fraud
4349,INV_6,2020-01-14 00:19:00,2020-01-14 02:10:00,111,Fraud
4350,INV_18,2020-01-14 00:17:00,2020-01-14 00:51:00,34,Fraud
4351,INV_14,2020-01-13 23:05:00,2020-01-13 23:50:00,45,Fraud
4352,INV_25,2020-01-13 23:11:00,2020-01-14 00:59:00,108,False Positive
4353,INV_5,2020-01-14 00:03:00,2020-01-14 01:27:00,84,False Positive
4354,INV_17,2020-01-13 23:12:00,2020-01-14 02:09:00,177,Fraud
4355,INV_21,2020-01-14 00:07:00,2020-01-14 02:22:00,135,Fraud
4356,INV_16,2020-01-13 23:47:00,2020-01-14 00:50:00,63,Fraud
4357,INV_18,2020-01-14 00:13:00,2020-01-14 02:44:00,151,False Positive
4358,INV_1,2020-01-13 23:44:00,2020-01-14 01:07:00,83,False Positive
4359,INV_10,2020-01-14 00:50:00,2020-01-14 02:26:00,96,False Positive
4360,INV_19,2020-01-13 23:08:00,2020-01-14 00:14:00,66,False Positive
4361,INV_20,2020-01-13 23:54:00,2020-01-14 01:20:00,86,Fraud
4362,INV_6,2020-01-14 00:47:00,2020-01-14 03:07:00,140,Fraud
4363,INV_21,2020-01-14 00:30:00,2020-01-14 01:52:00,82,False Positive
4364,INV_4,2020-01-14 01:50:00,2020-01-14 03:56:00,126,False Positive
4365,INV_24,2020-01-14 01:43:00,2020-01-14 02:18:00,35,False Positive
4366,INV_20,2020-01-14 00:13:00,2020-01-14 01:55:00,102,Fraud
4367,INV_6,2020-01-14 00:08:00,2020-01-14 02:58:00,170,Fraud
4368,INV_2,2020-01-14 00:30:00,2020-01-14 00:53:00,23,Fraud
4369,INV_22,2020-01-14 00:11:00,2020-01-14 01:23:00,72,False Positive
4370,INV_19,2020-01-14 01:02:00,2020-01-14 02:34:00,92,Fraud
4371,INV_9,2020-01-14 00:46:00,2020-01-14 03:31:00,165,False Positive
4372,INV_20,2020-01-14 01:15:00,2020-01-14 02:50:00,95,False Positive
4373,INV_11,2020-01-14 01:50:00,2020-01-14 04:20:00,150,Fraud
4374,INV_8,2020-01-14 01:27:00,2020-01-14 03:28:00,121,Fraud
4375,INV_9,2020-01-14 01:33:00,2020-01-14 02:08:00,35,Fraud
4376,INV_16,2020-01-14 02:35:00,2020-01-14 04:32:00,117,Fraud
4377,INV_3,2020-01-14 02:48:00,2020-01-14 03:41:00,53,False Positive
4378,INV_13,2020-01-14 01:42:00,2020-01-14 04:27:00,165,False Positive
4379,INV_7,2020-01-14 02:34:00,2020-01-14 02:57:00,23,False Positive
4380,INV_5,2020-01-14 01:59:00,2020-01-14 04:01:00,122,Fraud
4381,INV_12,2020-01-14 01:48:00,2020-01-14 03:05:00,77,False Positive
4382,INV_9,2020-01-14 02:55:00,2020-01-14 05:48:00,173,False Positive
4383,INV_11,2020-01-14 03:59:00,2020-01-14 06:50:00,171,Fraud
4384,INV_21,2020-01-14 02:14:00,2020-01-14 04:03:00,109,Fraud
4385,INV_24,2020-01-14 02:43:00,2020-01-14 03:49:00,66,Fraud
4386,INV_21,2020-01-14 03:37:00,2020-01-14 04:36:00,59,Fraud
4387,INV_1,2020-01-14 03:05:00,2020-01-14 04:14:00,69,Fraud
4388,INV_18,2020-01-14 03:09:00,2020-01-14 04:01:00,52,Fraud
4389,INV_3,2020-01-14 04:50:00,2020-01-14 05:52:00,62,False Positive
4390,INV_7,2020-01-14 04:52:00,2020-01-14 06:13:00,81,Fraud
4391,INV_6,2020-01-14 03:06:00,2020-01-14 03:30:00,24,Fraud
4392,INV_5,2020-01-14 03:35:00,2020-01-14 04:56:00,81,False Positive
4393,INV_25,2020-01-14 04:06:00,2020-01-14 05:13:00,67,Fraud
4394,INV_8,2020-01-14 04:45:00,2020-01-14 05:09:00,24,Fraud
4395,INV_22,2020-01-14 04:38:00,2020-01-14 07:09:00,151,False Positive
4396,INV_2,2020-01-14 04:27:00,2020-01-14 06:11:00,104,False Positive
4397,INV_14,2020-01-14 04:05:00,2020-01-14 04:55:00,50,False Positive
4398,INV_2,2020-01-14 03:14:00,2020-01-14 04:50:00,96,False Positive
4399,INV_5,2020-01-14 04:35:00,2020-01-14 05:50:00,75,Fraud
4400,INV_17,2020-01-14 03:43:00,2020-01-14 06:00:00,137,False Positive
4401,INV_6,2020-01-14 04:24:00,2020-01-14 07:16:00,172,Fraud
4402,INV_24,2020-01-14 05:30:00,2020-01-14 07:40:00,130,Fraud
4403,INV_13,2020-01-14 05:32:00,2020-01-14 06:24:00,52,Fraud
4404,INV_5,2020-01-14 05:38:00,2020-01-14 06:38:00,60,Fraud
4405,INV_12,2020-01-14 04:15:00,2020-01-14 05:49:00,94,Fraud
4406,INV_23,2020-01-14 05:33:00,2020-01-14 06:59:00,86,False Positive
4407,INV_7,2020-01-14 05:31:00,2020-01-14 06:51:00,80,False Positive
4408,INV_6,2020-01-14 04:53:00,2020-01-14 05:10:00,17,False Positive
4409,INV_13,2020-01-14 05:54:00,2020-01-14 06:24:00,30,Fraud
4410,INV_1,2020-01-14 04:54:00,2020-01-14 05:11:00,17,Fraud
4411,INV_2,2020-01-14 05:20:00,2020-01-14 07:08:00,108,False Positive
4412,INV_1,2020-01-14 05:04:00,2020-01-14 06:29:00,85,Fraud
4413,INV_20,2020-01-14 05:57:00,2020-01-14 06:33:00,36,False Positive
4414,INV_3,2020-01-14 05:30:00,2020-01-14 08:01:00,151,Fraud
4415,INV_23,2020-01-14 05:25:00,2020-01-14 07:26:00,121,Fraud
4416,INV_2,2020-01-14 06:20:00,2020-01-14 08:57:00,157,False Positive
4417,INV_17,2020-01-14 05:59:00,2020-01-14 07:08:00,69,Fraud
4418,INV_10,2020-01-14 05:41:00,2020-01-14 06:42:00,61,Fraud
4419,INV_18,2020-01-14 05:57:00,2020-01-14 07:02:00,65,False Positive
4420,INV_10,2020-01-14 05:44:00,2020-01-14 07:55:00,131,False Positive
4421,INV_23,2020-01-14 05:35:00,2020-01-14 07:32:00,117,Fraud
4422,INV_25,2020-01-14 06:07:00,2020-01-14 08:39:00,152,Fraud
4423,INV_1,2020-01-14 06:57:00,2020-01-14 08:08:00,71,Fraud
4424,INV_8,2020-01-14 05:20:00,2020-01-14 06:57:00,97,False Positive
4425,INV_8,2020-01-14 06:54:00,2020-01-14 09:02:00,128,Fraud
4426,INV_23,2020-01-14 05:51:00,2020-01-14 06:56:00,65,Fraud
4427,INV_7,2020-01-14 06:08:00,2020-01-14 08:47:00,159,False Positive
4428,INV_20,2020-01-14 06:06:00,2020-01-14 07:59:00,113,False Positive
4429,INV_20,2020-01-14 06:57:00,2020-01-14 08:07:00,70,False Positive
4430,INV_13,2020-01-14 05:45:00,2020-01-14 08:14:00,149,False Positive
4431,INV_21,2020-01-14 05:36:00,2020-01-14 07:28:00,112,Fraud
4432,INV_8,2020-01-14 06:20:00,2020-01-14 06:40:00,20,Fraud
4433,INV_4,2020-01-14 07:35:00,2020-01-14 08:55:00,80,Fraud
4434,INV_22,2020-01-14 07:38:00,2020-01-14 08:27:00,49,False Positive
4435,INV_23,2020-01-14 06:55:00,2020-01-14 07:26:00,31,Fraud
4436,INV_14,2020-01-14 07:31:00,2020-01-14 10:28:00,177,False Positive
4437,INV_19,2020-01-14 07:00:00,2020-01-14 08:26:00,86,False Positive
4438,INV_13,2020-01-14 07:38:00,2020-01-14 09:06:00,88,False Positive
4439,INV_1,2020-01-14 07:57:00,2020-01-14 08:25:00,28,False Positive
4440,INV_5,2020-01-14 08:34:00,2020-01-14 09:51:00,77,Fraud
4441,INV_8,2020-01-14 07:41:00,2020-01-14 09:06:00,85,False Positive
4442,INV_8,2020-01-14 08:22:00,2020-01-14 10:29:00,127,Fraud
4443,INV_3,2020-01-14 08:35:00,2020-01-14 10:33:00,118,False Positive
4444,INV_22,2020-01-14 08:02:00,2020-01-14 10:22:00,140,Fraud
4445,INV_17,2020-01-14 08:00:00,2020-01-14 10:51:00,171,Fraud
4446,INV_19,2020-01-14 08:46:00,2020-01-14 10:36:00,110,False Positive
4447,INV_20,2020-01-14 09:11:00,2020-01-14 09:33:00,22,Fraud
4448,INV_3,2020-01-14 08:55:00,2020-01-14 11:33:00,158,Fraud
4449,INV_13,2020-01-14 09:01:00,2020-01-14 11:33:00,152,Fraud
4450,INV_5,2020-01-14 09:01:00,2020-01-14 10:43:00,102,False Positive
4451,INV_21,2020-01-14 09:39:00,2020-01-14 11:23:00,104,Fraud
4452,INV_10,2020-01-14 09:32:00,2020-01-14 11:54:00,142,Fraud
4453,INV_7,2020-01-14 09:20:00,2020-01-14 10:45:00,85,False Positive
4454,INV_7,2020-01-14 09:59:00,2020-01-14 11:00:00,61,Fraud
4455,INV_21,2020-01-14 08:16:00,2020-01-14 08:42:00,26,Fraud
4456,INV_22,2020-01-14 09:12:00,2020-01-14 10:59:00,107,Fraud
4457,INV_22,2020-01-14 08:59:00,2020-01-14 11:14:00,135,Fraud
4458,INV_11,2020-01-14 08:56:00,2020-01-14 11:26:00,150,False Positive
4459,INV_21,2020-01-14 08:34:00,2020-01-14 11:19:00,165,False Positive
4460,INV_20,2020-01-14 08:12:00,2020-01-14 09:21:00,69,False Positive
4461,INV_15,2020-01-14 10:59:00,2020-01-14 12:16:00,77,Fraud
4462,INV_9,2020-01-14 09:41:00,2020-01-14 11:09:00,88,Fraud
4463,INV_24,2020-01-14 10:44:00,2020-01-14 13:36:00,172,False Positive
4464,INV_6,2020-01-14 10:40:00,2020-01-14 12:33:00,113,False Positive
4465,INV_11,2020-01-14 10:08:00,2020-01-14 11:51:00,103,False Positive
4466,INV_10,2020-01-14 09:16:00,2020-01-14 10:49:00,93,Fraud
4467,INV_21,2020-01-14 10:19:00,2020-01-14 13:09:00,170,Fraud
4468,INV_19,2020-01-14 09:05:00,2020-01-14 09:55:00,50,False Positive
4469,INV_25,2020-01-14 10:32:00,2020-01-14 12:21:00,109,Fraud
4470,INV_15,2020-01-14 09:11:00,2020-01-14 10:24:00,73,False Positive
4471,INV_9,2020-01-14 09:33:00,2020-01-14 12:00:00,147,Fraud
4472,INV_17,2020-01-14 10:48:00,2020-01-14 11:06:00,18,Fraud
4473,INV_12,2020-01-14 10:44:00,2020-01-14 13:36:00,172,Fraud
4474,INV_12,2020-01-14 09:17:00,2020-01-14 09:58:00,41,Fraud
4475,INV_14,2020-01-14 10:50:00,2020-01-14 12:35:00,105,False Positive
4476,INV_14,2020-01-14 11:27:00,2020-01-14 12:39:00,72,False Positive
4477,INV_13,2020-01-14 10:32:00,2020-01-14 12:22:00,110,False Positive
4478,INV_8,2020-01-14 11:31:00,2020-01-14 13:20:00,109,False Positive
4479,INV_9,2020-01-14 11:35:00,2020-01-14 11:59:00,24,False Positive
4480,INV_5,2020-01-14 11:38:00,2020-01-14 12:47:00,69,Fraud
4481,INV_5,2020-01-14 10:35:00,2020-01-14 11:46:00,71,Fraud
4482,INV_23,2020-01-14 10:54:00,2020-01-14 12:02:00,68,Fraud
4483,INV_5,2020-01-14 11:51:00,2020-01-14 12:19:00,28,Fraud
4484,INV_11,2020-01-14 11:31:00,2020-01-14 13:24:00,113,Fraud
4485,INV_13,2020-01-14 11:30:00,2020-01-14 13:03:00,93,False Positive
4486,INV_24,2020-01-14 11:21:00,2020-01-14 12:30:00,69,Fraud
4487,INV_14,2020-01-14 11:47:00,2020-01-14 12:07:00,20,Fraud
4488,INV_8,2020-01-14 11:34:00,2020-01-14 12:19:00,45,Fraud
4489,INV_19,2020-01-14 11:55:00,2020-01-14 13:26:00,91,Fraud
4490,INV_22,2020-01-14 11:52:00,2020-01-14 13:22:00,90,Fraud
4491,INV_15,2020-01-14 10:14:00,2020-01-14 11:28:00,74,False Positive
4492,INV_19,2020-01-14 11:06:00,2020-01-14 11:24:00,18,False Positive
4493,INV_20,2020-01-14 11:15:00,2020-01-14 13:53:00,158,Fraud
4494,INV_17,2020-01-14 11:08:00,2020-01-14 13:52:00,164,Fraud
4495,INV_18,2020-01-14 11:14:00,2020-01-14 12:49:00,95,False Positive
4496,INV_24,2020-01-14 11:00:00,2020-01-14 12:49:00,109,Fraud
4497,INV_15,2020-01-14 11:30:00,2020-01-14 12:20:00,50,False Positive
4498,INV_10,2020-01-14 10:23:00,2020-01-14 10:35:00,12,False Positive
4499,INV_21,2020-01-14 10:52:00,2020-01-14 11:32:00,40,Fraud
4500,INV_22,2020-01-14 10:09:00,2020-01-14 11:14:00,65,Fraud
4501,INV_23,2020-01-14 11:11:00,2020-01-14 12:32:00,81,Fraud
4502,INV_16,2020-01-14 12:10:00,2020-01-14 13:14:00,64,Fraud
4503,INV_6,2020-01-14 11:31:00,2020-01-14 12:35:00,64,False Positive
4504,INV_16,2020-01-14 12:03:00,2020-01-14 12:54:00,51,False Positive
4505,INV_22,2020-01-14 11:35:00,2020-01-14 12:44:00,69,Fraud
4506,INV_16,2020-01-14 12:03:00,2020-01-14 13:03:00,60,False Positive
4507,INV_11,2020-01-14 12:08:00,2020-01-14 13:07:00,59,Fraud
4508,INV_16,2020-01-14 12:27:00,2020-01-14 14:57:00,150,Fraud
4509,INV_25,2020-01-14 11:12:00,2020-01-14 12:32:00,80,Fraud
4510,INV_3,2020-01-14 12:18:00,2020-01-14 12:59:00,41,Fraud
4511,INV_4,2020-01-14 12:36:00,2020-01-14 15:30:00,174,Fraud
4512,INV_6,2020-01-14 12:46:00,2020-01-14 14:00:00,74,False Positive
4513,INV_7,2020-01-14 12:44:00,2020-01-14 15:29:00,165,False Positive
4514,INV_24,2020-01-14 11:59:00,2020-01-14 14:13:00,134,False Positive
4515,INV_10,2020-01-14 12:31:00,2020-01-14 15:15:00,164,False Positive
4516,INV_6,2020-01-14 11:34:00,2020-01-14 12:27:00,53,Fraud
4517,INV_15,2020-01-14 12:39:00,2020-01-14 15:20:00,161,False Positive
4518,INV_2,2020-01-14 12:30:00,2020-01-14 14:06:00,96,Fraud
4519,INV_18,2020-01-14 12:54:00,2020-01-14 13:25:00,31,False Positive
4520,INV_4,2020-01-14 11:58:00,2020-01-14 14:19:00,141,False Positive
4521,INV_2,2020-01-14 13:41:00,2020-01-14 14:44:00,63,Fraud
4522,INV_7,2020-01-14 12:11:00,2020-01-14 12:33:00,22,False Positive
4523,INV_25,2020-01-14 13:03:00,2020-01-14 13:52:00,49,Fraud
4524,INV_21,2020-01-14 12:57:00,2020-01-14 14:12:00,75,False Positive
4525,INV_24,2020-01-14 12:58:00,2020-01-14 14:57:00,119,False Positive
4526,INV_11,2020-01-14 13:18:00,2020-01-14 15:39:00,141,Fraud
4527,INV_9,2020-01-14 12:24:00,2020-01-14 14:25:00,121,False Positive
4528,INV_25,2020-01-14 12:30:00,2020-01-14 14:01:00,91,False Positive
4529,INV_21,2020-01-14 13:39:00,2020-01-14 15:51:00,132,Fraud
4530,INV_2,2020-01-14 13:29:00,2020-01-14 15:03:00,94,Fraud
4531,INV_1,2020-01-14 13:20:00,2020-01-14 15:43:00,143,Fraud
4532,INV_9,2020-01-14 13:20:00,2020-01-14 13:44:00,24,False Positive
4533,INV_17,2020-01-14 12:51:00,2020-01-14 13:28:00,37,False Positive
4534,INV_15,2020-01-14 13:18:00,2020-01-14 14:33:00,75,False Positive
4535,INV_22,2020-01-14 13:32:00,2020-01-14 14:04:00,32,Fraud
4536,INV_4,2020-01-14 12:45:00,2020-01-14 14:25:00,100,False Positive
4537,INV_4,2020-01-14 12:38:00,2020-01-14 12:59:00,21,Fraud
4538,INV_19,2020-01-14 13:58:00,2020-01-14 14:25:00,27,False Positive
4539,INV_4,2020-01-14 14:32:00,2020-01-14 17:16:00,164,Fraud
4540,INV_5,2020-01-14 13:19:00,2020-01-14 16:05:00,166,Fraud
4541,INV_9,2020-01-14 14:11:00,2020-01-14 16:05:00,114,Fraud
4542,INV_22,2020-01-14 13:20:00,2020-01-14 14:38:00,78,False Positive
4543,INV_10,2020-01-14 14:14:00,2020-01-14 16:12:00,118,Fraud
4544,INV_13,2020-01-14 13:38:00,2020-01-14 13:52:00,14,False Positive
4545,INV_6,2020-01-14 13:57:00,2020-01-14 14:18:00,21,False Positive
4546,INV_6,2020-01-14 13:06:00,2020-01-14 13:31:00,25,False Positive
4547,INV_2,2020-01-14 14:18:00,2020-01-14 16:07:00,109,False Positive
4548,INV_6,2020-01-14 13:50:00,2020-01-14 14:38:00,48,Fraud
4549,INV_1,2020-01-14 13:18:00,2020-01-14 15:29:00,131,False Positive
4550,INV_4,2020-01-14 13:23:00,2020-01-14 14:47:00,84,Fraud
4551,INV_9,2020-01-14 14:16:00,2020-01-14 16:02:00,106,Fraud
4552,INV_25,2020-01-14 14:44:00,2020-01-14 15:47:00,63,Fraud
4553,INV_15,2020-01-14 14:14:00,2020-01-14 15:01:00,47,Fraud
4554,INV_22,2020-01-14 13:59:00,2020-01-14 14:28:00,29,Fraud
4555,INV_6,2020-01-14 13:08:00,2020-01-14 15:59:00,171,False Positive
4556,INV_10,2020-01-14 14:07:00,2020-01-14 16:00:00,113,Fraud
4557,INV_24,2020-01-14 14:32:00,2020-01-14 15:34:00,62,Fraud
4558,INV_5,2020-01-14 14:19:00,2020-01-14 15:04:00,45,Fraud
4559,INV_24,2020-01-14 13:30:00,2020-01-14 15:43:00,133,Fraud
4560,INV_5,2020-01-14 14:33:00,2020-01-14 15:07:00,34,False Positive
4561,INV_21,2020-01-14 13:24:00,2020-01-14 15:20:00,116,False Positive
4562,INV_7,2020-01-14 15:03:00,2020-01-14 17:15:00,132,False Positive
4563,INV_4,2020-01-14 14:43:00,2020-01-14 17:22:00,159,False Positive
4564,INV_4,2020-01-14 15:47:00,2020-01-14 17:43:00,116,Fraud
4565,INV_4,2020-01-14 14:31:00,2020-01-14 14:55:00,24,Fraud
4566,INV_24,2020-01-14 15:04:00,2020-01-14 16:11:00,67,False Positive
4567,INV_8,2020-01-14 15:36:00,2020-01-14 18:25:00,169,False Positive
4568,INV_11,2020-01-14 15:04:00,2020-01-14 17:52:00,168,False Positive
4569,INV_22,2020-01-14 14:40:00,2020-01-14 15:42:00,62,False Positive
4570,INV_23,2020-01-14 15:42:00,2020-01-14 16:57:00,75,Fraud
4571,INV_5,2020-01-14 15:17:00,2020-01-14 17:34:00,137,False Positive
4572,INV_13,2020-01-14 15:10:00,2020-01-14 17:29:00,139,Fraud
4573,INV_21,2020-01-14 14:08:00,2020-01-14 15:33:00,85,False Positive
4574,INV_5,2020-01-14 15:34:00,2020-01-14 18:23:00,169,Fraud
4575,INV_2,2020-01-14 15:39:00,2020-01-14 17:06:00,87,Fraud
4576,INV_11,2020-01-14 14:32:00,2020-01-14 14:43:00,11,Fraud
4577,INV_15,2020-01-14 15:10:00,2020-01-14 17:12:00,122,False Positive
4578,INV_17,2020-01-14 15:05:00,2020-01-14 17:59:00,174,False Positive
4579,INV_22,2020-01-14 15:20:00,2020-01-14 16:12:00,52,Fraud
4580,INV_9,2020-01-14 15:10:00,2020-01-14 16:18:00,68,Fraud
4581,INV_25,2020-01-14 14:17:00,2020-01-14 14:39:00,22,Fraud
4582,INV_24,2020-01-14 15:52:00,2020-01-14 17:38:00,106,False Positive
4583,INV_13,2020-01-14 14:54:00,2020-01-14 15:44:00,50,Fraud
4584,INV_8,2020-01-14 15:47:00,2020-01-14 16:57:00,70,False Positive
4585,INV_21,2020-01-14 15:20:00,2020-01-14 15:34:00,14,False Positive
4586,INV_19,2020-01-14 15:25:00,2020-01-14 17:59:00,154,False Positive
4587,INV_9,2020-01-14 15:43:00,2020-01-14 16:32:00,49,False Positive
4588,INV_15,2020-01-14 14:50:00,2020-01-14 16:38:00,108,False Positive
4589,INV_21,2020-01-14 14:53:00,2020-01-14 15:21:00,28,False Positive
4590,INV_24,2020-01-14 14:24:00,2020-01-14 16:24:00,120,False Positive
4591,INV_12,2020-01-14 14:11:00,2020-01-14 15:43:00,92,Fraud
4592,INV_16,2020-01-14 15:23:00,2020-01-14 16:36:00,73,Fraud
4593,INV_7,2020-01-14 15:19:00,2020-01-14 15:55:00,36,Fraud
4594,INV_23,2020-01-14 15:18:00,2020-01-14 17:08:00,110,Fraud
4595,INV_14,2020-01-14 15:12:00,2020-01-14 16:52:00,100,Fraud
4596,INV_11,2020-01-14 15:11:00,2020-01-14 15:54:00,43,False Positive
4597,INV_17,2020-01-14 14:51:00,2020-01-14 16:39:00,108,Fraud
4598,INV_10,2020-01-14 14:19:00,2020-01-14 14:41:00,22,Fraud
4599,INV_11,2020-01-14 14:17:00,2020-01-14 14:48:00,31,False Positive
4600,INV_18,2020-01-14 14:15:00,2020-01-14 16:20:00,125,False Positive
4601,INV_15,2020-01-14 15:03:00,2020-01-14 16:58:00,115,Fraud
4602,INV_17,2020-01-14 15:50:00,2020-01-14 16:48:00,58,Fraud
4603,INV_23,2020-01-14 14:33:00,2020-01-14 14:56:00,23,Fraud
4604,INV_10,2020-01-14 14:14:00,2020-01-14 14:51:00,37,False Positive
4605,INV_1,2020-01-14 14:53:00,2020-01-14 16:15:00,82,Fraud
4606,INV_21,2020-01-14 15:57:00,2020-01-14 17:21:00,84,False Positive
4607,INV_12,2020-01-14 16:56:00,2020-01-14 18:50:00,114,False Positive
4608,INV_12,2020-01-14 16:31:00,2020-01-14 18:00:00,89,False Positive
4609,INV_13,2020-01-14 15:23:00,2020-01-14 16:20:00,57,False Positive
4610,INV_20,2020-01-14 16:10:00,2020-01-14 18:29:00,139,Fraud
4611,INV_2,2020-01-14 16:25:00,2020-01-14 18:07:00,102,False Positive
4612,INV_8,2020-01-14 16:53:00,2020-01-14 19:41:00,168,False Positive
4613,INV_6,2020-01-14 15:58:00,2020-01-14 16:09:00,11,Fraud
4614,INV_20,2020-01-14 15:05:00,2020-01-14 17:14:00,129,Fraud
4615,INV_17,2020-01-14 15:45:00,2020-01-14 16:36:00,51,Fraud
4616,INV_24,2020-01-14 16:51:00,2020-01-14 18:07:00,76,Fraud
4617,INV_19,2020-01-14 15:17:00,2020-01-14 16:41:00,84,Fraud
4618,INV_22,2020-01-14 16:26:00,2020-01-14 18:18:00,112,Fraud
4619,INV_18,2020-01-14 16:39:00,2020-01-14 17:26:00,47,False Positive
4620,INV_7,2020-01-14 16:08:00,2020-01-14 18:03:00,115,Fraud
4621,INV_9,2020-01-14 15:24:00,2020-01-14 17:27:00,123,False Positive
4622,INV_13,2020-01-14 15:26:00,2020-01-14 16:15:00,49,Fraud
4623,INV_14,2020-01-14 16:19:00,2020-01-14 18:04:00,105,Fraud
4624,INV_20,2020-01-14 16:26:00,2020-01-14 17:56:00,90,Fraud
4625,INV_16,2020-01-14 15:30:00,2020-01-14 17:59:00,149,Fraud
4626,INV_11,2020-01-14 15:53:00,2020-01-14 16:07:00,14,Fraud
4627,INV_13,2020-01-14 15:38:00,2020-01-14 17:09:00,91,Fraud
4628,INV_8,2020-01-14 16:35:00,2020-01-14 17:43:00,68,False Positive
4629,INV_7,2020-01-14 16:08:00,2020-01-14 17:13:00,65,Fraud
4630,INV_9,2020-01-14 16:30:00,2020-01-14 16:46:00,16,Fraud
4631,INV_14,2020-01-14 15:34:00,2020-01-14 18:27:00,173,Fraud
4632,INV_4,2020-01-14 15:50:00,2020-01-14 17:39:00,109,False Positive
4633,INV_9,2020-01-14 15:13:00,2020-01-14 16:50:00,97,Fraud
4634,INV_11,2020-01-14 16:20:00,2020-01-14 17:30:00,70,Fraud
4635,INV_6,2020-01-14 15:44:00,2020-01-14 16:21:00,37,Fraud
4636,INV_9,2020-01-14 16:06:00,2020-01-14 17:23:00,77,False Positive
4637,INV_3,2020-01-14 15:50:00,2020-01-14 17:16:00,86,Fraud
4638,INV_22,2020-01-14 15:07:00,2020-01-14 17:31:00,144,Fraud
4639,INV_23,2020-01-14 16:15:00,2020-01-14 17:54:00,99,Fraud
4640,INV_17,2020-01-14 16:26:00,2020-01-14 18:56:00,150,False Positive
4641,INV_2,2020-01-14 16:39:00,2020-01-14 17:51:00,72,False Positive
4642,INV_2,2020-01-14 16:41:00,2020-01-14 18:02:00,81,Fraud
4643,INV_12,2020-01-14 16:26:00,2020-01-14 18:44:00,138,Fraud
4644,INV_3,2020-01-14 16:36:00,2020-01-14 18:05:00,89,Fraud
4645,INV_25,2020-01-14 17:33:00,2020-01-14 18:47:00,74,False Positive
4646,INV_17,2020-01-14 16:28:00,2020-01-14 16:47:00,19,False Positive
4647,INV_25,2020-01-14 17:59:00,2020-01-14 20:24:00,145,False Positive
4648,INV_6,2020-01-14 17:31:00,2020-01-14 18:11:00,40,False Positive
4649,INV_10,2020-01-14 17:54:00,2020-01-14 19:29:00,95,Fraud
4650,INV_8,2020-01-14 17:50:00,2020-01-14 20:43:00,173,Fraud
4651,INV_11,2020-01-14 16:11:00,2020-01-14 18:05:00,114,False Positive
4652,INV_20,2020-01-14 16:54:00,2020-01-14 17:38:00,44,False Positive
4653,INV_21,2020-01-14 17:20:00,2020-01-14 19:46:00,146,Fraud
4654,INV_12,2020-01-14 17:32:00,2020-01-14 19:35:00,123,Fraud
4655,INV_2,2020-01-14 16:12:00,2020-01-14 16:51:00,39,Fraud
4656,INV_3,2020-01-14 16:19:00,2020-01-14 18:20:00,121,Fraud
4657,INV_24,2020-01-14 17:46:00,2020-01-14 19:27:00,101,Fraud
4658,INV_9,2020-01-14 16:43:00,2020-01-14 19:38:00,175,False Positive
4659,INV_4,2020-01-14 17:09:00,2020-01-14 17:42:00,33,False Positive
4660,INV_12,2020-01-14 17:17:00,2020-01-14 18:30:00,73,Fraud
4661,INV_10,2020-01-14 18:41:00,2020-01-14 19:05:00,24,False Positive
4662,INV_7,2020-01-14 18:27:00,2020-01-14 20:03:00,96,False Positive
4663,INV_11,2020-01-14 18:47:00,2020-01-14 19:39:00,52,Fraud
4664,INV_20,2020-01-14 17:09:00,2020-01-14 20:00:00,171,False Positive
4665,INV_9,2020-01-14 18:51:00,2020-01-14 20:09:00,78,Fraud
4666,INV_16,2020-01-14 19:06:00,2020-01-14 20:30:00,84,Fraud
4667,INV_21,2020-01-14 18:50:00,2020-01-14 21:08:00,138,Fraud
4668,INV_14,2020-01-14 18:30:00,2020-01-14 19:19:00,49,False Positive
4669,INV_24,2020-01-14 19:02:00,2020-01-14 20:58:00,116,Fraud
4670,INV_5,2020-01-14 19:52:00,2020-01-14 22:41:00,169,Fraud
4671,INV_24,2020-01-14 19:07:00,2020-01-14 20:57:00,110,Fraud
4672,INV_16,2020-01-14 18:22:00,2020-01-14 20:09:00,107,Fraud
4673,INV_14,2020-01-14 19:41:00,2020-01-14 22:21:00,160,Fraud
4674,INV_24,2020-01-14 19:04:00,2020-01-14 19:55:00,51,Fraud
4675,INV_12,2020-01-14 20:29:00,2020-01-14 22:23:00,114,False Positive
4676,INV_17,2020-01-14 20:35:00,2020-01-14 23:00:00,145,False Positive
4677,INV_5,2020-01-14 20:50:00,2020-01-14 21:55:00,65,False Positive
4678,INV_20,2020-01-14 19:26:00,2020-01-14 21:53:00,147,Fraud
4679,INV_18,2020-01-14 20:58:00,2020-01-14 21:21:00,23,Fraud
4680,INV_4,2020-01-14 19:20:00,2020-01-14 21:47:00,147,Fraud
4681,INV_13,2020-01-14 21:00:00,2020-01-14 22:03:00,63,Fraud
4682,INV_15,2020-01-14 21:36:00,2020-01-14 23:32:00,116,Fraud
4683,INV_3,2020-01-14 21:02:00,2020-01-14 21:56:00,54,Fraud
4684,INV_20,2020-01-14 21:25:00,2020-01-14 23:10:00,105,False Positive
4685,INV_22,2020-01-14 20:15:00,2020-01-14 21:35:00,80,False Positive
4686,INV_5,2020-01-14 21:15:00,2020-01-14 21:46:00,31,Fraud
4687,INV_18,2020-01-14 22:37:00,2020-01-14 23:52:00,75,Fraud
4688,INV_7,2020-01-14 21:30:00,2020-01-15 00:17:00,167,False Positive
4689,INV_18,2020-01-14 21:11:00,2020-01-15 00:00:00,169,Fraud
4690,INV_19,2020-01-14 21:09:00,2020-01-14 22:19:00,70,Fraud
4691,INV_18,2020-01-14 21:57:00,2020-01-14 23:13:00,76,False Positive
4692,INV_7,2020-01-14 21:06:00,2020-01-14 23:52:00,166,Fraud
4693,INV_19,2020-01-14 21:35:00,2020-01-14 23:22:00,107,Fraud
4694,INV_24,2020-01-14 21:48:00,2020-01-14 22:15:00,27,Fraud
4695,INV_5,2020-01-14 23:13:00,2020-01-14 23:57:00,44,Fraud
4696,INV_22,2020-01-14 23:33:00,2020-01-15 00:22:00,49,False Positive
4697,INV_8,2020-01-14 23:30:00,2020-01-15 02:13:00,163,False Positive
4698,INV_15,2020-01-14 22:15:00,2020-01-14 22:36:00,21,False Positive
4699,INV_17,2020-01-14 23:35:00,2020-01-15 00:42:00,67,False Positive
4700,INV_16,2020-01-14 23:51:00,2020-01-15 00:31:00,40,False Positive
4701,INV_19,2020-01-14 23:42:00,2020-01-15 00:57:00,75,False Positive
4702,INV_8,2020-01-14 23:15:00,2020-01-14 23:50:00,35,Fraud
4703,INV_10,2020-01-15 00:11:00,2020-01-15 02:33:00,142,Fraud
4704,INV_5,2020-01-15 01:38:00,2020-01-15 03:16:00,98,Fraud
4705,INV_5,2020-01-15 01:38:00,2020-01-15 03:06:00,88,False Positive
4706,INV_15,2020-01-15 01:05:00,2020-01-15 03:21:00,136,False Positive
4707,INV_2,2020-01-15 00:19:00,2020-01-15 01:45:00,86,Fraud
4708,INV_13,2020-01-15 00:06:00,2020-01-15 01:45:00,99,Fraud
4709,INV_13,2020-01-15 00:57:00,2020-01-15 02:19:00,82,Fraud
4710,INV_12,2020-01-15 01:25:00,2020-01-15 03:57:00,152,Fraud
4711,INV_15,2020-01-15 01:17:00,2020-01-15 02:27:00,70,Fraud
4712,INV_2,2020-01-15 01:35:00,2020-01-15 03:20:00,105,Fraud
4713,INV_24,2020-01-15 01:15:00,2020-01-15 03:48:00,153,False Positive
4714,INV_23,2020-01-15 01:13:00,2020-01-15 02:30:00,77,Fraud
4715,INV_13,2020-01-15 01:40:00,2020-01-15 02:47:00,67,False Positive
4716,INV_8,2020-01-15 01:02:00,2020-01-15 03:51:00,169,Fraud
4717,INV_21,2020-01-15 00:35:00,2020-01-15 03:25:00,170,Fraud
4718,INV_11,2020-01-15 01:46:00,2020-01-15 03:17:00,91,Fraud
4719,INV_24,2020-01-15 00:29:00,2020-01-15 03:14:00,165,Fraud
4720,INV_4,2020-01-15 01:24:00,2020-01-15 03:57:00,153,Fraud
4721,INV_6,2020-01-15 02:00:00,2020-01-15 04:01:00,121,Fraud
4722,INV_10,2020-01-15 02:06:00,2020-01-15 03:35:00,89,Fraud
4723,INV_4,2020-01-15 02:54:00,2020-01-15 04:36:00,102,Fraud
4724,INV_16,2020-01-15 02:35:00,2020-01-15 04:34:00,119,False Positive
4725,INV_24,2020-01-15 02:29:00,2020-01-15 04:48:00,139,Fraud
4726,INV_22,2020-01-15 01:51:00,2020-01-15 03:48:00,117,Fraud
4727,INV_7,2020-01-15 01:31:00,2020-01-15 02:43:00,72,Fraud
4728,INV_10,2020-01-15 02:37:00,2020-01-15 03:41:00,64,False Positive
4729,INV_17,2020-01-15 02:17:00,2020-01-15 04:01:00,104,Fraud
4730,INV_15,2020-01-15 01:52:00,2020-01-15 02:14:00,22,Fraud
4731,INV_13,2020-01-15 02:10:00,2020-01-15 02:28:00,18,Fraud
4732,INV_18,2020-01-15 03:08:00,2020-01-15 03:57:00,49,False Positive
4733,INV_5,2020-01-15 02:28:00,2020-01-15 04:07:00,99,Fraud
4734,INV_12,2020-01-15 02:12:00,2020-01-15 03:48:00,96,Fraud
4735,INV_22,2020-01-15 04:19:00,2020-01-15 06:48:00,149,False Positive
4736,INV_16,2020-01-15 04:56:00,2020-01-15 07:29:00,153,False Positive
4737,INV_2,2020-01-15 04:49:00,2020-01-15 05:25:00,36,Fraud
4738,INV_22,2020-01-15 04:04:00,2020-01-15 05:17:00,73,Fraud
4739,INV_14,2020-01-15 04:55:00,2020-01-15 06:05:00,70,Fraud
4740,INV_14,2020-01-15 03:37:00,2020-01-15 05:22:00,105,False Positive
4741,INV_20,2020-01-15 04:42:00,2020-01-15 06:46:00,124,Fraud
4742,INV_16,2020-01-15 03:48:00,2020-01-15 05:23:00,95,False Positive
4743,INV_21,2020-01-15 04:54:00,2020-01-15 06:37:00,103,Fraud
4744,INV_5,2020-01-15 03:18:00,2020-01-15 04:27:00,69,Fraud
4745,INV_2,2020-01-15 05:50:00,2020-01-15 06:19:00,29,False Positive
4746,INV_9,2020-01-15 05:39:00,2020-01-15 07:23:00,104,False Positive
4747,INV_10,2020-01-15 05:54:00,2020-01-15 07:01:00,67,Fraud
4748,INV_16,2020-01-15 04:20:00,2020-01-15 05:50:00,90,Fraud
4749,INV_22,2020-01-15 04:52:00,2020-01-15 06:48:00,116,Fraud
4750,INV_3,2020-01-15 04:59:00,2020-01-15 07:25:00,146,Fraud
4751,INV_9,2020-01-15 05:47:00,2020-01-15 07:55:00,128,Fraud
4752,INV_24,2020-01-15 04:14:00,2020-01-15 05:25:00,71,Fraud
4753,INV_12,2020-01-15 04:33:00,2020-01-15 05:31:00,58,Fraud
4754,INV_25,2020-01-15 05:37:00,2020-01-15 07:38:00,121,False Positive
4755,INV_14,2020-01-15 05:53:00,2020-01-15 06:45:00,52,Fraud
4756,INV_13,2020-01-15 06:49:00,2020-01-15 08:01:00,72,Fraud
4757,INV_10,2020-01-15 06:09:00,2020-01-15 08:25:00,136,Fraud
4758,INV_24,2020-01-15 05:57:00,2020-01-15 07:40:00,103,Fraud
4759,INV_6,2020-01-15 06:09:00,2020-01-15 06:53:00,44,Fraud
4760,INV_4,2020-01-15 05:32:00,2020-01-15 08:29:00,177,Fraud
4761,INV_17,2020-01-15 05:11:00,2020-01-15 08:09:00,178,False Positive
4762,INV_23,2020-01-15 06:38:00,2020-01-15 07:39:00,61,False Positive
4763,INV_4,2020-01-15 05:24:00,2020-01-15 07:00:00,96,False Positive
4764,INV_7,2020-01-15 06:42:00,2020-01-15 09:27:00,165,False Positive
4765,INV_21,2020-01-15 07:42:00,2020-01-15 08:28:00,46,False Positive
4766,INV_16,2020-01-15 07:20:00,2020-01-15 09:52:00,152,False Positive
4767,INV_11,2020-01-15 07:19:00,2020-01-15 08:31:00,72,Fraud
4768,INV_10,2020-01-15 07:31:00,2020-01-15 10:09:00,158,Fraud
4769,INV_16,2020-01-15 06:06:00,2020-01-15 07:05:00,59,Fraud
4770,INV_9,2020-01-15 06:11:00,2020-01-15 08:43:00,152,Fraud
4771,INV_1,2020-01-15 06:08:00,2020-01-15 08:02:00,114,False Positive
4772,INV_10,2020-01-15 07:12:00,2020-01-15 09:45:00,153,False Positive
4773,INV_17,2020-01-15 07:28:00,2020-01-15 09:11:00,103,Fraud
4774,INV_7,2020-01-15 07:02:00,2020-01-15 09:18:00,136,False Positive
4775,INV_9,2020-01-15 06:59:00,2020-01-15 08:48:00,109,False Positive
4776,INV_3,2020-01-15 06:11:00,2020-01-15 08:11:00,120,Fraud
4777,INV_19,2020-01-15 07:38:00,2020-01-15 09:22:00,104,Fraud
4778,INV_3,2020-01-15 07:11:00,2020-01-15 09:06:00,115,Fraud
4779,INV_12,2020-01-15 07:28:00,2020-01-15 09:03:00,95,Fraud
4780,INV_24,2020-01-15 07:55:00,2020-01-15 08:07:00,12,False Positive
4781,INV_15,2020-01-15 07:56:00,2020-01-15 09:20:00,84,Fraud
4782,INV_15,2020-01-15 07:08:00,2020-01-15 08:32:00,84,False Positive
4783,INV_1,2020-01-15 08:11:00,2020-01-15 10:06:00,115,False Positive
4784,INV_7,2020-01-15 07:36:00,2020-01-15 07:57:00,21,Fraud
4785,INV_11,2020-01-15 07:12:00,2020-01-15 07:47:00,35,Fraud
4786,INV_16,2020-01-15 07:13:00,2020-01-15 10:06:00,173,Fraud
4787,INV_11,2020-01-15 08:36:00,2020-01-15 10:43:00,127,Fraud
4788,INV_25,2020-01-15 08:16:00,2020-01-15 11:00:00,164,False Positive
4789,INV_3,2020-01-15 08:27:00,2020-01-15 10:38:00,131,False Positive
4790,INV_9,2020-01-15 08:43:00,2020-01-15 11:28:00,165,False Positive
4791,INV_21,2020-01-15 09:40:00,2020-01-15 12:24:00,164,Fraud
4792,INV_6,2020-01-15 08:46:00,2020-01-15 10:15:00,89,Fraud
4793,INV_18,2020-01-15 09:04:00,2020-01-15 10:06:00,62,Fraud
4794,INV_20,2020-01-15 09:31:00,2020-01-15 11:59:00,148,Fraud
4795,INV_21,2020-01-15 08:29:00,2020-01-15 09:58:00,89,Fraud
4796,INV_24,2020-01-15 08:16:00,2020-01-15 09:43:00,87,False Positive
4797,INV_4,2020-01-15 09:59:00,2020-01-15 11:14:00,75,False Positive
4798,INV_16,2020-01-15 09:40:00,2020-01-15 11:31:00,111,False Positive
4799,INV_16,2020-01-15 09:45:00,2020-01-15 10:35:00,50,Fraud
4800,INV_5,2020-01-15 10:38:00,2020-01-15 11:56:00,78,False Positive
4801,INV_13,2020-01-15 09:32:00,2020-01-15 10:48:00,76,False Positive
4802,INV_7,2020-01-15 10:03:00,2020-01-15 11:07:00,64,Fraud
4803,INV_24,2020-01-15 10:51:00,2020-01-15 13:06:00,135,Fraud
4804,INV_25,2020-01-15 09:43:00,2020-01-15 12:07:00,144,False Positive
4805,INV_6,2020-01-15 09:38:00,2020-01-15 10:28:00,50,Fraud
4806,INV_24,2020-01-15 10:08:00,2020-01-15 12:50:00,162,Fraud
4807,INV_22,2020-01-15 10:45:00,2020-01-15 12:25:00,100,Fraud
4808,INV_3,2020-01-15 10:03:00,2020-01-15 12:11:00,128,Fraud
4809,INV_12,2020-01-15 10:28:00,2020-01-15 12:13:00,105,False Positive
4810,INV_3,2020-01-15 10:24:00,2020-01-15 11:59:00,95,Fraud
4811,INV_1,2020-01-15 11:53:00,2020-01-15 13:27:00,94,Fraud
4812,INV_17,2020-01-15 11:22:00,2020-01-15 12:37:00,75,False Positive
4813,INV_10,2020-01-15 10:51:00,2020-01-15 13:43:00,172,False Positive
4814,INV_11,2020-01-15 11:15:00,2020-01-15 12:49:00,94,False Positive
4815,INV_23,2020-01-15 12:41:00,2020-01-15 15:04:00,143,Fraud
4816,INV_20,2020-01-15 13:03:00,2020-01-15 15:55:00,172,Fraud
4817,INV_3,2020-01-15 12:57:00,2020-01-15 14:05:00,68,Fraud
4818,INV_23,2020-01-15 13:32:00,2020-01-15 15:54:00,142,Fraud
4819,INV_22,2020-01-15 12:08:00,2020-01-15 14:11:00,123,False Positive
4820,INV_8,2020-01-15 12:07:00,2020-01-15 13:16:00,69,Fraud
4821,INV_10,2020-01-15 13:44:00,2020-01-15 13:54:00,10,Fraud
4822,INV_21,2020-01-15 13:25:00,2020-01-15 16:01:00,156,False Positive
4823,INV_19,2020-01-15 14:37:00,2020-01-15 15:51:00,74,Fraud
4824,INV_23,2020-01-15 13:39:00,2020-01-15 14:35:00,56,Fraud
4825,INV_10,2020-01-15 13:45:00,2020-01-15 16:17:00,152,Fraud
4826,INV_21,2020-01-15 13:12:00,2020-01-15 15:07:00,115,False Positive
4827,INV_7,2020-01-15 13:42:00,2020-01-15 15:17:00,95,Fraud
4828,INV_5,2020-01-15 13:10:00,2020-01-15 16:07:00,177,False Positive
4829,INV_3,2020-01-15 13:54:00,2020-01-15 16:08:00,134,False Positive
4830,INV_24,2020-01-15 14:28:00,2020-01-15 16:26:00,118,False Positive
4831,INV_20,2020-01-15 13:44:00,2020-01-15 15:05:00,81,False Positive
4832,INV_13,2020-01-15 14:48:00,2020-01-15 15:20:00,32,False Positive
4833,INV_24,2020-01-15 14:40:00,2020-01-15 17:05:00,145,Fraud
4834,INV_1,2020-01-15 14:29:00,2020-01-15 16:23:00,114,Fraud
4835,INV_11,2020-01-15 13:53:00,2020-01-15 15:17:00,84,Fraud
4836,INV_6,2020-01-15 14:11:00,2020-01-15 16:31:00,140,False Positive
4837,INV_15,2020-01-15 14:07:00,2020-01-15 15:08:00,61,False Positive
4838,INV_6,2020-01-15 14:57:00,2020-01-15 15:37:00,40,Fraud
4839,INV_18,2020-01-15 13:06:00,2020-01-15 14:03:00,57,Fraud
4840,INV_23,2020-01-15 14:48:00,2020-01-15 17:32:00,164,Fraud
4841,INV_18,2020-01-15 15:27:00,2020-01-15 16:01:00,34,Fraud
4842,INV_17,2020-01-15 14:29:00,2020-01-15 17:09:00,160,False Positive
4843,INV_7,2020-01-15 15:58:00,2020-01-15 17:54:00,116,Fraud
4844,INV_7,2020-01-15 15:38:00,2020-01-15 17:30:00,112,False Positive
4845,INV_20,2020-01-15 15:39:00,2020-01-15 18:01:00,142,Fraud
4846,INV_22,2020-01-15 15:02:00,2020-01-15 16:18:00,76,Fraud
4847,INV_20,2020-01-15 15:53:00,2020-01-15 18:16:00,143,False Positive
4848,INV_25,2020-01-15 15:36:00,2020-01-15 16:42:00,66,Fraud
4849,INV_5,2020-01-15 14:21:00,2020-01-15 16:14:00,113,Fraud
4850,INV_4,2020-01-15 15:34:00,2020-01-15 16:07:00,33,False Positive
4851,INV_16,2020-01-15 14:15:00,2020-01-15 16:13:00,118,Fraud
4852,INV_23,2020-01-15 14:54:00,2020-01-15 16:21:00,87,False Positive
4853,INV_9,2020-01-15 14:38:00,2020-01-15 16:31:00,113,Fraud
4854,INV_13,2020-01-15 15:53:00,2020-01-15 16:50:00,57,False Positive
4855,INV_6,2020-01-15 16:41:00,2020-01-15 19:27:00,166,Fraud
4856,INV_6,2020-01-15 15:27:00,2020-01-15 16:39:00,72,Fraud
4857,INV_12,2020-01-15 16:51:00,2020-01-15 17:25:00,34,Fraud
4858,INV_20,2020-01-15 16:20:00,2020-01-15 16:48:00,28,Fraud
4859,INV_21,2020-01-15 15:58:00,2020-01-15 16:23:00,25,Fraud
4860,INV_5,2020-01-15 15:28:00,2020-01-15 17:10:00,102,False Positive
4861,INV_24,2020-01-15 15:10:00,2020-01-15 17:19:00,129,False Positive
4862,INV_13,2020-01-15 15:58:00,2020-01-15 16:13:00,15,Fraud
4863,INV_14,2020-01-15 16:12:00,2020-01-15 17:47:00,95,Fraud
4864,INV_7,2020-01-15 16:57:00,2020-01-15 18:01:00,64,Fraud
4865,INV_5,2020-01-15 15:48:00,2020-01-15 16:27:00,39,Fraud
4866,INV_10,2020-01-15 16:08:00,2020-01-15 17:12:00,64,False Positive
4867,INV_11,2020-01-15 15:05:00,2020-01-15 15:42:00,37,Fraud
4868,INV_12,2020-01-15 16:35:00,2020-01-15 18:39:00,124,False Positive
4869,INV_1,2020-01-15 16:30:00,2020-01-15 18:51:00,141,Fraud
4870,INV_14,2020-01-15 16:35:00,2020-01-15 18:27:00,112,Fraud
4871,INV_10,2020-01-15 15:21:00,2020-01-15 16:03:00,42,False Positive
4872,INV_23,2020-01-15 15:59:00,2020-01-15 16:20:00,21,Fraud
4873,INV_21,2020-01-15 17:10:00,2020-01-15 19:24:00,134,Fraud
4874,INV_6,2020-01-15 16:45:00,2020-01-15 17:09:00,24,Fraud
4875,INV_22,2020-01-15 16:21:00,2020-01-15 17:06:00,45,False Positive
4876,INV_19,2020-01-15 17:02:00,2020-01-15 18:42:00,100,False Positive
4877,INV_14,2020-01-15 17:38:00,2020-01-15 18:43:00,65,Fraud
4878,INV_20,2020-01-15 16:45:00,2020-01-15 18:55:00,130,Fraud
4879,INV_14,2020-01-15 17:03:00,2020-01-15 18:53:00,110,Fraud
4880,INV_9,2020-01-15 16:18:00,2020-01-15 19:14:00,176,False Positive
4881,INV_8,2020-01-15 17:59:00,2020-01-15 20:56:00,177,Fraud
4882,INV_25,2020-01-15 16:22:00,2020-01-15 16:53:00,31,False Positive
4883,INV_20,2020-01-15 17:46:00,2020-01-15 19:25:00,99,False Positive
4884,INV_1,2020-01-15 16:50:00,2020-01-15 18:48:00,118,False Positive
4885,INV_6,2020-01-15 17:45:00,2020-01-15 20:10:00,145,False Positive
4886,INV_9,2020-01-15 17:16:00,2020-01-15 18:43:00,87,Fraud
4887,INV_13,2020-01-15 16:22:00,2020-01-15 18:39:00,137,Fraud
4888,INV_17,2020-01-15 16:05:00,2020-01-15 19:01:00,176,Fraud
4889,INV_6,2020-01-15 18:59:00,2020-01-15 21:05:00,126,Fraud
4890,INV_12,2020-01-15 17:27:00,2020-01-15 18:35:00,68,Fraud
4891,INV_3,2020-01-15 18:27:00,2020-01-15 21:06:00,159,Fraud
4892,INV_20,2020-01-15 18:35:00,2020-01-15 20:13:00,98,Fraud
4893,INV_6,2020-01-15 17:12:00,2020-01-15 18:59:00,107,Fraud
4894,INV_24,2020-01-15 17:14:00,2020-01-15 18:47:00,93,Fraud
4895,INV_3,2020-01-15 18:55:00,2020-01-15 20:37:00,102,Fraud
4896,INV_14,2020-01-15 18:07:00,2020-01-15 18:51:00,44,Fraud
4897,INV_20,2020-01-15 18:21:00,2020-01-15 19:29:00,68,Fraud
4898,INV_1,2020-01-15 18:06:00,2020-01-15 20:06:00,120,False Positive
4899,INV_1,2020-01-15 18:42:00,2020-01-15 20:52:00,130,Fraud
4900,INV_2,2020-01-15 18:16:00,2020-01-15 19:17:00,61,False Positive
4901,INV_20,2020-01-15 19:44:00,2020-01-15 21:50:00,126,Fraud
4902,INV_2,2020-01-15 19:39:00,2020-01-15 21:48:00,129,False Positive
4903,INV_1,2020-01-15 18:41:00,2020-01-15 20:46:00,125,Fraud
4904,INV_2,2020-01-15 18:30:00,2020-01-15 20:14:00,104,Fraud
4905,INV_22,2020-01-15 19:49:00,2020-01-15 21:28:00,99,Fraud
4906,INV_6,2020-01-15 19:10:00,2020-01-15 19:30:00,20,Fraud
4907,INV_5,2020-01-15 19:02:00,2020-01-15 20:42:00,100,False Positive
4908,INV_10,2020-01-15 18:14:00,2020-01-15 21:10:00,176,False Positive
4909,INV_22,2020-01-15 20:56:00,2020-01-15 22:17:00,81,Fraud
4910,INV_17,2020-01-15 20:07:00,2020-01-15 20:18:00,11,Fraud
4911,INV_25,2020-01-15 19:05:00,2020-01-15 20:14:00,69,False Positive
4912,INV_7,2020-01-15 20:01:00,2020-01-15 20:57:00,56,Fraud
4913,INV_9,2020-01-15 19:44:00,2020-01-15 20:30:00,46,False Positive
4914,INV_3,2020-01-15 19:54:00,2020-01-15 21:41:00,107,False Positive
4915,INV_25,2020-01-15 20:31:00,2020-01-15 21:26:00,55,Fraud
4916,INV_11,2020-01-15 20:57:00,2020-01-15 21:40:00,43,False Positive
4917,INV_23,2020-01-15 21:27:00,2020-01-15 22:32:00,65,Fraud
4918,INV_24,2020-01-15 20:46:00,2020-01-15 23:14:00,148,Fraud
4919,INV_16,2020-01-15 21:35:00,2020-01-15 22:22:00,47,Fraud
4920,INV_11,2020-01-15 20:06:00,2020-01-15 21:07:00,61,False Positive
4921,INV_23,2020-01-15 21:41:00,2020-01-15 23:08:00,87,False Positive
4922,INV_7,2020-01-15 20:26:00,2020-01-15 20:46:00,20,False Positive
4923,INV_21,2020-01-15 22:38:00,2020-01-16 01:09:00,151,Fraud
4924,INV_5,2020-01-15 21:09:00,2020-01-15 22:40:00,91,Fraud
4925,INV_21,2020-01-15 22:24:00,2020-01-15 23:19:00,55,Fraud
4926,INV_10,2020-01-15 21:41:00,2020-01-15 23:19:00,98,False Positive
4927,INV_16,2020-01-15 22:41:00,2020-01-15 23:58:00,77,Fraud
4928,INV_16,2020-01-15 22:06:00,2020-01-16 01:05:00,179,False Positive
4929,INV_8,2020-01-15 22:03:00,2020-01-15 23:00:00,57,Fraud
4930,INV_25,2020-01-15 22:36:00,2020-01-15 22:53:00,17,False Positive
4931,INV_22,2020-01-15 21:29:00,2020-01-15 22:58:00,89,False Positive
4932,INV_16,2020-01-15 22:07:00,2020-01-15 23:24:00,77,False Positive
4933,INV_21,2020-01-15 22:26:00,2020-01-16 00:37:00,131,Fraud
4934,INV_8,2020-01-15 22:41:00,2020-01-16 00:36:00,115,Fraud
4935,INV_12,2020-01-15 22:31:00,2020-01-15 22:42:00,11,Fraud
4936,INV_3,2020-01-15 22:58:00,2020-01-16 01:31:00,153,Fraud
4937,INV_2,2020-01-15 22:42:00,2020-01-16 01:15:00,153,Fraud
4938,INV_3,2020-01-15 22:32:00,2020-01-16 00:21:00,109,Fraud
4939,INV_10,2020-01-15 22:50:00,2020-01-16 00:25:00,95,Fraud
4940,INV_18,2020-01-15 22:17:00,2020-01-16 00:56:00,159,False Positive
4941,INV_15,2020-01-15 22:25:00,2020-01-16 00:22:00,117,False Positive
4942,INV_18,2020-01-15 22:32:00,2020-01-16 00:11:00,99,Fraud
4943,INV_21,2020-01-15 22:56:00,2020-01-16 01:49:00,173,Fraud
4944,INV_14,2020-01-15 23:59:00,2020-01-16 01:27:00,88,Fraud
4945,INV_8,2020-01-15 22:16:00,2020-01-15 23:21:00,65,Fraud
4946,INV_2,2020-01-15 23:11:00,2020-01-15 23:57:00,46,Fraud
4947,INV_5,2020-01-15 22:20:00,2020-01-15 22:50:00,30,Fraud
4948,INV_1,2020-01-15 22:09:00,2020-01-15 23:07:00,58,Fraud
4949,INV_5,2020-01-15 22:56:00,2020-01-16 00:30:00,94,False Positive
4950,INV_12,2020-01-15 23:03:00,2020-01-16 00:19:00,76,Fraud
4951,INV_20,2020-01-16 00:39:00,2020-01-16 02:38:00,119,Fraud
4952,INV_1,2020-01-15 23:10:00,2020-01-15 23:32:00,22,False Positive
4953,INV_10,2020-01-16 00:56:00,2020-01-16 02:25:00,89,False Positive
4954,INV_17,2020-01-16 00:39:00,2020-01-16 01:14:00,35,Fraud
4955,INV_20,2020-01-16 00:00:00,2020-01-16 00:38:00,38,Fraud
4956,INV_16,2020-01-15 23:40:00,2020-01-16 02:24:00,164,False Positive
4957,INV_11,2020-01-16 00:21:00,2020-01-16 00:31:00,10,Fraud
4958,INV_9,2020-01-15 23:22:00,2020-01-16 02:11:00,169,Fraud
4959,INV_15,2020-01-15 23:33:00,2020-01-16 01:25:00,112,Fraud
4960,INV_14,2020-01-16 00:19:00,2020-01-16 00:31:00,12,Fraud
4961,INV_7,2020-01-15 23:07:00,2020-01-16 00:11:00,64,Fraud
4962,INV_25,2020-01-15 23:45:00,2020-01-16 01:04:00,79,Fraud
4963,INV_2,2020-01-16 00:55:00,2020-01-16 02:16:00,81,Fraud
4964,INV_1,2020-01-16 00:21:00,2020-01-16 02:31:00,130,Fraud
4965,INV_25,2020-01-16 01:08:00,2020-01-16 03:19:00,131,Fraud
4966,INV_18,2020-01-16 01:06:00,2020-01-16 02:04:00,58,False Positive
4967,INV_18,2020-01-16 01:16:00,2020-01-16 03:48:00,152,Fraud
4968,INV_4,2020-01-16 00:31:00,2020-01-16 01:47:00,76,Fraud
4969,INV_14,2020-01-16 00:26:00,2020-01-16 00:52:00,26,False Positive
4970,INV_24,2020-01-16 01:12:00,2020-01-16 01:46:00,34,Fraud
4971,INV_11,2020-01-16 02:55:00,2020-01-16 03:28:00,33,Fraud
4972,INV_11,2020-01-16 01:22:00,2020-01-16 04:15:00,173,Fraud
4973,INV_15,2020-01-16 01:52:00,2020-01-16 03:56:00,124,Fraud
4974,INV_22,2020-01-16 02:10:00,2020-01-16 02:42:00,32,False Positive
4975,INV_18,2020-01-16 01:15:00,2020-01-16 03:54:00,159,Fraud
4976,INV_24,2020-01-16 02:28:00,2020-01-16 02:56:00,28,False Positive
4977,INV_15,2020-01-16 02:03:00,2020-01-16 04:56:00,173,Fraud
4978,INV_18,2020-01-16 01:29:00,2020-01-16 01:39:00,10,Fraud
4979,INV_25,2020-01-16 01:46:00,2020-01-16 04:33:00,167,Fraud
4980,INV_14,2020-01-16 01:16:00,2020-01-16 03:26:00,130,Fraud
4981,INV_21,2020-01-16 02:56:00,2020-01-16 05:17:00,141,False Positive
4982,INV_2,2020-01-16 01:05:00,2020-01-16 02:31:00,86,False Positive
4983,INV_19,2020-01-16 02:56:00,2020-01-16 04:21:00,85,False Positive
4984,INV_25,2020-01-16 01:09:00,2020-01-16 03:09:00,120,Fraud
4985,INV_16,2020-01-16 03:08:00,2020-01-16 03:47:00,39,Fraud
4986,INV_1,2020-01-16 02:36:00,2020-01-16 05:12:00,156,Fraud
4987,INV_12,2020-01-16 02:49:00,2020-01-16 05:00:00,131,Fraud
4988,INV_2,2020-01-16 03:26:00,2020-01-16 04:24:00,58,Fraud
4989,INV_22,2020-01-16 02:06:00,2020-01-16 04:20:00,134,Fraud
4990,INV_11,2020-01-16 03:05:00,2020-01-16 05:49:00,164,False Positive
4991,INV_25,2020-01-16 03:07:00,2020-01-16 05:14:00,127,False Positive
4992,INV_24,2020-01-16 02:31:00,2020-01-16 02:57:00,26,Fraud
4993,INV_17,2020-01-16 02:51:00,2020-01-16 03:22:00,31,False Positive
4994,INV_4,2020-01-16 03:50:00,2020-01-16 05:31:00,101,Fraud
4995,INV_4,2020-01-16 03:21:00,2020-01-16 05:23:00,122,False Positive
4996,INV_12,2020-01-16 02:20:00,2020-01-16 05:11:00,171,Fraud
4997,INV_25,2020-01-16 02:41:00,2020-01-16 04:54:00,133,Fraud
4998,INV_19,2020-01-16 02:51:00,2020-01-16 03:53:00,62,False Positive
4999,INV_11,2020-01-16 03:29:00,2020-01-16 06:14:00,165,False Positive
5000,INV_4,2020-01-16 02:39:00,2020-01-16 02:50:00,11,Fraud
5001,INV_13,2020-01-16 02:52:00,2020-01-16 05:08:00,136,Fraud
5002,INV_6,2020-01-16 03:14:00,2020-01-16 04:37:00,83,Fraud
5003,INV_23,2020-01-16 03:02:00,2020-01-16 05:48:00,166,False Positive
5004,INV_7,2020-01-16 03:01:00,2020-01-16 04:42:00,101,Fraud
5005,INV_10,2020-01-16 04:53:00,2020-01-16 05:05:00,12,Fraud
5006,INV_2,2020-01-16 04:37:00,2020-01-16 04:50:00,13,Fraud
5007,INV_11,2020-01-16 03:42:00,2020-01-16 04:57:00,75,False Positive
5008,INV_16,2020-01-16 03:52:00,2020-01-16 04:34:00,42,Fraud
5009,INV_16,2020-01-16 04:57:00,2020-01-16 07:52:00,175,Fraud
5010,INV_23,2020-01-16 04:49:00,2020-01-16 05:11:00,22,Fraud
5011,INV_18,2020-01-16 04:47:00,2020-01-16 05:44:00,57,Fraud
5012,INV_14,2020-01-16 04:26:00,2020-01-16 06:02:00,96,Fraud
5013,INV_22,2020-01-16 03:11:00,2020-01-16 04:13:00,62,Fraud
5014,INV_17,2020-01-16 04:33:00,2020-01-16 06:01:00,88,Fraud
5015,INV_6,2020-01-16 03:59:00,2020-01-16 06:44:00,165,Fraud
5016,INV_1,2020-01-16 04:53:00,2020-01-16 06:42:00,109,False Positive
5017,INV_16,2020-01-16 03:26:00,2020-01-16 04:05:00,39,False Positive
5018,INV_23,2020-01-16 04:22:00,2020-01-16 07:09:00,167,False Positive
5019,INV_10,2020-01-16 05:29:00,2020-01-16 06:20:00,51,Fraud
5020,INV_14,2020-01-16 05:55:00,2020-01-16 06:59:00,64,Fraud
5021,INV_18,2020-01-16 05:02:00,2020-01-16 05:31:00,29,False Positive
5022,INV_23,2020-01-16 04:36:00,2020-01-16 05:02:00,26,False Positive
5023,INV_18,2020-01-16 05:07:00,2020-01-16 07:45:00,158,False Positive
5024,INV_7,2020-01-16 05:11:00,2020-01-16 07:36:00,145,False Positive
5025,INV_17,2020-01-16 06:01:00,2020-01-16 06:34:00,33,False Positive
5026,INV_19,2020-01-16 05:32:00,2020-01-16 06:42:00,70,Fraud
5027,INV_21,2020-01-16 06:23:00,2020-01-16 07:01:00,38,Fraud
5028,INV_20,2020-01-16 05:07:00,2020-01-16 05:46:00,39,Fraud
5029,INV_14,2020-01-16 06:59:00,2020-01-16 08:58:00,119,False Positive
5030,INV_19,2020-01-16 05:57:00,2020-01-16 08:02:00,125,False Positive
5031,INV_22,2020-01-16 06:01:00,2020-01-16 06:58:00,57,Fraud
5032,INV_6,2020-01-16 05:32:00,2020-01-16 07:45:00,133,Fraud
5033,INV_20,2020-01-16 06:29:00,2020-01-16 06:50:00,21,False Positive
5034,INV_19,2020-01-16 06:48:00,2020-01-16 09:27:00,159,False Positive
5035,INV_21,2020-01-16 05:41:00,2020-01-16 08:24:00,163,False Positive
5036,INV_4,2020-01-16 06:48:00,2020-01-16 09:30:00,162,Fraud
5037,INV_8,2020-01-16 05:45:00,2020-01-16 06:41:00,56,Fraud
5038,INV_7,2020-01-16 05:15:00,2020-01-16 05:42:00,27,Fraud
5039,INV_18,2020-01-16 06:49:00,2020-01-16 08:11:00,82,Fraud
5040,INV_16,2020-01-16 07:30:00,2020-01-16 08:03:00,33,False Positive
5041,INV_4,2020-01-16 07:01:00,2020-01-16 07:48:00,47,Fraud
5042,INV_3,2020-01-16 07:38:00,2020-01-16 08:52:00,74,Fraud
5043,INV_12,2020-01-16 06:09:00,2020-01-16 06:44:00,35,False Positive
5044,INV_19,2020-01-16 07:09:00,2020-01-16 09:01:00,112,False Positive
5045,INV_14,2020-01-16 07:29:00,2020-01-16 08:08:00,39,Fraud
5046,INV_20,2020-01-16 07:59:00,2020-01-16 10:18:00,139,Fraud
5047,INV_6,2020-01-16 06:11:00,2020-01-16 08:04:00,113,Fraud
5048,INV_17,2020-01-16 07:19:00,2020-01-16 08:44:00,85,Fraud
5049,INV_11,2020-01-16 08:25:00,2020-01-16 08:36:00,11,False Positive
5050,INV_19,2020-01-16 07:57:00,2020-01-16 08:38:00,41,Fraud
5051,INV_6,2020-01-16 07:42:00,2020-01-16 09:23:00,101,Fraud
5052,INV_17,2020-01-16 07:12:00,2020-01-16 09:59:00,167,Fraud
5053,INV_23,2020-01-16 07:33:00,2020-01-16 09:26:00,113,False Positive
5054,INV_14,2020-01-16 07:43:00,2020-01-16 08:58:00,75,Fraud
5055,INV_7,2020-01-16 07:13:00,2020-01-16 08:53:00,100,Fraud
5056,INV_4,2020-01-16 07:28:00,2020-01-16 08:12:00,44,Fraud
5057,INV_14,2020-01-16 07:28:00,2020-01-16 08:19:00,51,Fraud
5058,INV_24,2020-01-16 07:19:00,2020-01-16 08:24:00,65,False Positive
5059,INV_19,2020-01-16 07:55:00,2020-01-16 09:31:00,96,Fraud
5060,INV_5,2020-01-16 08:05:00,2020-01-16 10:09:00,124,Fraud
5061,INV_21,2020-01-16 08:40:00,2020-01-16 09:26:00,46,Fraud
5062,INV_24,2020-01-16 08:55:00,2020-01-16 09:27:00,32,False Positive
5063,INV_23,2020-01-16 08:54:00,2020-01-16 11:11:00,137,Fraud
5064,INV_5,2020-01-16 09:12:00,2020-01-16 10:17:00,65,False Positive
5065,INV_25,2020-01-16 08:13:00,2020-01-16 09:10:00,57,Fraud
5066,INV_6,2020-01-16 09:07:00,2020-01-16 11:01:00,114,Fraud
5067,INV_5,2020-01-16 08:46:00,2020-01-16 10:00:00,74,False Positive
5068,INV_21,2020-01-16 09:07:00,2020-01-16 11:00:00,113,Fraud
5069,INV_12,2020-01-16 10:10:00,2020-01-16 10:50:00,40,Fraud
5070,INV_16,2020-01-16 10:03:00,2020-01-16 11:06:00,63,Fraud
5071,INV_21,2020-01-16 10:49:00,2020-01-16 12:56:00,127,Fraud
5072,INV_23,2020-01-16 09:43:00,2020-01-16 12:15:00,152,False Positive
5073,INV_9,2020-01-16 09:26:00,2020-01-16 11:52:00,146,Fraud
5074,INV_5,2020-01-16 09:05:00,2020-01-16 10:23:00,78,Fraud
5075,INV_19,2020-01-16 11:53:00,2020-01-16 14:01:00,128,False Positive
5076,INV_24,2020-01-16 11:55:00,2020-01-16 14:30:00,155,Fraud
5077,INV_19,2020-01-16 10:05:00,2020-01-16 12:09:00,124,False Positive
5078,INV_2,2020-01-16 10:47:00,2020-01-16 12:56:00,129,Fraud
5079,INV_3,2020-01-16 11:26:00,2020-01-16 13:45:00,139,Fraud
5080,INV_21,2020-01-16 11:03:00,2020-01-16 12:54:00,111,Fraud
5081,INV_1,2020-01-16 11:06:00,2020-01-16 12:45:00,99,Fraud
5082,INV_8,2020-01-16 11:18:00,2020-01-16 12:20:00,62,Fraud
5083,INV_4,2020-01-16 11:53:00,2020-01-16 14:37:00,164,False Positive
5084,INV_7,2020-01-16 10:31:00,2020-01-16 13:02:00,151,Fraud
5085,INV_3,2020-01-16 11:52:00,2020-01-16 13:19:00,87,False Positive
5086,INV_24,2020-01-16 11:15:00,2020-01-16 12:04:00,49,False Positive
5087,INV_14,2020-01-16 10:35:00,2020-01-16 13:23:00,168,Fraud
5088,INV_9,2020-01-16 11:14:00,2020-01-16 13:34:00,140,Fraud
5089,INV_17,2020-01-16 11:55:00,2020-01-16 13:48:00,113,False Positive
5090,INV_7,2020-01-16 11:59:00,2020-01-16 13:35:00,96,Fraud
5091,INV_24,2020-01-16 11:13:00,2020-01-16 13:08:00,115,Fraud
5092,INV_5,2020-01-16 11:36:00,2020-01-16 14:32:00,176,False Positive
5093,INV_7,2020-01-16 12:08:00,2020-01-16 13:15:00,67,Fraud
5094,INV_20,2020-01-16 11:36:00,2020-01-16 13:06:00,90,Fraud
5095,INV_16,2020-01-16 11:28:00,2020-01-16 12:12:00,44,Fraud
5096,INV_25,2020-01-16 11:56:00,2020-01-16 12:18:00,22,Fraud
5097,INV_14,2020-01-16 12:01:00,2020-01-16 14:57:00,176,False Positive
5098,INV_5,2020-01-16 12:17:00,2020-01-16 12:41:00,24,False Positive
5099,INV_10,2020-01-16 12:45:00,2020-01-16 13:41:00,56,Fraud
5100,INV_11,2020-01-16 12:26:00,2020-01-16 15:12:00,166,Fraud
5101,INV_24,2020-01-16 13:43:00,2020-01-16 15:43:00,120,Fraud
5102,INV_19,2020-01-16 12:39:00,2020-01-16 13:24:00,45,Fraud
5103,INV_21,2020-01-16 12:05:00,2020-01-16 12:21:00,16,Fraud
5104,INV_14,2020-01-16 13:03:00,2020-01-16 13:39:00,36,Fraud
5105,INV_12,2020-01-16 12:16:00,2020-01-16 13:06:00,50,False Positive
5106,INV_16,2020-01-16 13:36:00,2020-01-16 14:20:00,44,Fraud
5107,INV_17,2020-01-16 13:40:00,2020-01-16 13:52:00,12,Fraud
5108,INV_17,2020-01-16 13:06:00,2020-01-16 13:34:00,28,False Positive
5109,INV_12,2020-01-16 14:52:00,2020-01-16 17:19:00,147,Fraud
5110,INV_10,2020-01-16 14:52:00,2020-01-16 16:43:00,111,Fraud
5111,INV_24,2020-01-16 14:42:00,2020-01-16 17:41:00,179,Fraud
5112,INV_23,2020-01-16 14:47:00,2020-01-16 14:57:00,10,Fraud
5113,INV_12,2020-01-16 14:55:00,2020-01-16 15:10:00,15,Fraud
5114,INV_21,2020-01-16 14:41:00,2020-01-16 16:24:00,103,Fraud
5115,INV_19,2020-01-16 14:12:00,2020-01-16 16:19:00,127,False Positive
5116,INV_11,2020-01-16 13:44:00,2020-01-16 14:39:00,55,Fraud
5117,INV_7,2020-01-16 13:49:00,2020-01-16 16:43:00,174,False Positive
5118,INV_21,2020-01-16 14:31:00,2020-01-16 15:25:00,54,False Positive
5119,INV_18,2020-01-16 14:15:00,2020-01-16 15:05:00,50,Fraud
5120,INV_22,2020-01-16 14:06:00,2020-01-16 17:02:00,176,Fraud
5121,INV_13,2020-01-16 15:13:00,2020-01-16 16:44:00,91,Fraud
5122,INV_22,2020-01-16 15:23:00,2020-01-16 15:39:00,16,False Positive
5123,INV_13,2020-01-16 15:06:00,2020-01-16 16:45:00,99,Fraud
5124,INV_6,2020-01-16 14:30:00,2020-01-16 15:09:00,39,False Positive
5125,INV_17,2020-01-16 15:00:00,2020-01-16 17:12:00,132,Fraud
5126,INV_4,2020-01-16 14:22:00,2020-01-16 15:23:00,61,Fraud
5127,INV_6,2020-01-16 14:11:00,2020-01-16 14:44:00,33,Fraud
5128,INV_8,2020-01-16 14:49:00,2020-01-16 16:02:00,73,False Positive
5129,INV_24,2020-01-16 15:59:00,2020-01-16 16:27:00,28,Fraud
5130,INV_8,2020-01-16 15:07:00,2020-01-16 18:04:00,177,Fraud
5131,INV_24,2020-01-16 14:32:00,2020-01-16 15:03:00,31,False Positive
5132,INV_1,2020-01-16 15:38:00,2020-01-16 18:32:00,174,Fraud
5133,INV_10,2020-01-16 14:24:00,2020-01-16 14:38:00,14,False Positive
5134,INV_5,2020-01-16 16:07:00,2020-01-16 17:41:00,94,False Positive
5135,INV_19,2020-01-16 15:17:00,2020-01-16 16:06:00,49,False Positive
5136,INV_17,2020-01-16 15:42:00,2020-01-16 17:18:00,96,Fraud
5137,INV_19,2020-01-16 16:26:00,2020-01-16 17:49:00,83,Fraud
5138,INV_20,2020-01-16 16:44:00,2020-01-16 18:48:00,124,Fraud
5139,INV_8,2020-01-16 16:11:00,2020-01-16 17:56:00,105,Fraud
5140,INV_8,2020-01-16 15:49:00,2020-01-16 16:47:00,58,False Positive
5141,INV_2,2020-01-16 16:44:00,2020-01-16 18:15:00,91,False Positive
5142,INV_7,2020-01-16 16:53:00,2020-01-16 19:43:00,170,Fraud
5143,INV_3,2020-01-16 16:15:00,2020-01-16 17:58:00,103,Fraud
5144,INV_16,2020-01-16 16:15:00,2020-01-16 16:42:00,27,False Positive
5145,INV_17,2020-01-16 17:30:00,2020-01-16 18:15:00,45,False Positive
5146,INV_14,2020-01-16 16:34:00,2020-01-16 18:45:00,131,False Positive
5147,INV_16,2020-01-16 16:41:00,2020-01-16 17:08:00,27,Fraud
5148,INV_12,2020-01-16 17:05:00,2020-01-16 19:50:00,165,Fraud
5149,INV_6,2020-01-16 17:47:00,2020-01-16 19:01:00,74,Fraud
5150,INV_22,2020-01-16 18:55:00,2020-01-16 19:16:00,21,Fraud
5151,INV_4,2020-01-16 17:39:00,2020-01-16 20:24:00,165,Fraud
5152,INV_6,2020-01-16 18:17:00,2020-01-16 19:09:00,52,Fraud
5153,INV_11,2020-01-16 17:52:00,2020-01-16 18:46:00,54,Fraud
5154,INV_1,2020-01-16 18:30:00,2020-01-16 19:58:00,88,Fraud
5155,INV_12,2020-01-16 18:08:00,2020-01-16 19:51:00,103,Fraud
5156,INV_6,2020-01-16 17:30:00,2020-01-16 18:38:00,68,Fraud
5157,INV_4,2020-01-16 18:31:00,2020-01-16 21:00:00,149,Fraud
5158,INV_16,2020-01-16 18:21:00,2020-01-16 18:49:00,28,Fraud
5159,INV_17,2020-01-16 18:37:00,2020-01-16 20:58:00,141,Fraud
5160,INV_9,2020-01-16 18:28:00,2020-01-16 20:48:00,140,False Positive
5161,INV_10,2020-01-16 19:44:00,2020-01-16 21:06:00,82,Fraud
5162,INV_5,2020-01-16 19:19:00,2020-01-16 20:44:00,85,Fraud
5163,INV_6,2020-01-16 20:01:00,2020-01-16 20:51:00,50,False Positive
5164,INV_20,2020-01-16 20:12:00,2020-01-16 23:08:00,176,Fraud
5165,INV_20,2020-01-16 19:06:00,2020-01-16 19:48:00,42,False Positive
5166,INV_13,2020-01-16 19:51:00,2020-01-16 22:21:00,150,Fraud
5167,INV_13,2020-01-16 20:02:00,2020-01-16 20:34:00,32,Fraud
5168,INV_22,2020-01-16 20:58:00,2020-01-16 22:27:00,89,Fraud
5169,INV_14,2020-01-16 20:01:00,2020-01-16 21:06:00,65,False Positive
5170,INV_12,2020-01-16 20:29:00,2020-01-16 21:39:00,70,False Positive
5171,INV_20,2020-01-16 19:24:00,2020-01-16 21:51:00,147,Fraud
5172,INV_5,2020-01-16 19:51:00,2020-01-16 21:02:00,71,Fraud
5173,INV_14,2020-01-16 19:40:00,2020-01-16 22:04:00,144,Fraud
5174,INV_20,2020-01-16 20:33:00,2020-01-16 22:51:00,138,Fraud
5175,INV_7,2020-01-16 19:08:00,2020-01-16 19:25:00,17,False Positive
5176,INV_11,2020-01-16 20:31:00,2020-01-16 22:25:00,114,Fraud
5177,INV_5,2020-01-16 20:34:00,2020-01-16 23:27:00,173,Fraud
5178,INV_21,2020-01-16 20:17:00,2020-01-16 21:43:00,86,False Positive
5179,INV_5,2020-01-16 21:22:00,2020-01-16 23:38:00,136,False Positive
5180,INV_25,2020-01-16 20:12:00,2020-01-16 20:22:00,10,False Positive
5181,INV_23,2020-01-16 20:29:00,2020-01-16 22:15:00,106,False Positive
5182,INV_1,2020-01-16 21:25:00,2020-01-16 22:45:00,80,Fraud
5183,INV_3,2020-01-16 21:22:00,2020-01-16 22:13:00,51,Fraud
5184,INV_25,2020-01-16 20:13:00,2020-01-16 20:44:00,31,Fraud
5185,INV_10,2020-01-16 20:40:00,2020-01-16 23:37:00,177,Fraud
5186,INV_21,2020-01-16 21:31:00,2020-01-16 23:45:00,134,False Positive
5187,INV_2,2020-01-16 20:33:00,2020-01-16 23:15:00,162,False Positive
5188,INV_16,2020-01-16 21:34:00,2020-01-16 22:54:00,80,Fraud
5189,INV_16,2020-01-16 21:29:00,2020-01-16 22:21:00,52,False Positive
5190,INV_20,2020-01-16 20:39:00,2020-01-16 22:36:00,117,False Positive
5191,INV_5,2020-01-16 20:32:00,2020-01-16 23:14:00,162,Fraud
5192,INV_7,2020-01-16 22:10:00,2020-01-17 01:00:00,170,Fraud
5193,INV_12,2020-01-16 21:05:00,2020-01-16 21:44:00,39,False Positive
5194,INV_3,2020-01-16 21:18:00,2020-01-16 23:06:00,108,Fraud
5195,INV_10,2020-01-16 21:18:00,2020-01-16 21:44:00,26,False Positive
5196,INV_5,2020-01-16 22:31:00,2020-01-16 23:38:00,67,Fraud
5197,INV_5,2020-01-16 23:38:00,2020-01-17 01:03:00,85,False Positive
5198,INV_21,2020-01-16 23:03:00,2020-01-17 01:17:00,134,Fraud
5199,INV_14,2020-01-16 22:13:00,2020-01-17 00:15:00,122,Fraud
5200,INV_16,2020-01-16 22:29:00,2020-01-17 00:16:00,107,Fraud
5201,INV_20,2020-01-16 22:12:00,2020-01-17 00:53:00,161,Fraud
5202,INV_16,2020-01-16 23:31:00,2020-01-17 01:35:00,124,Fraud
5203,INV_6,2020-01-16 22:45:00,2020-01-16 23:38:00,53,Fraud
5204,INV_8,2020-01-17 00:06:00,2020-01-17 01:21:00,75,Fraud
5205,INV_14,2020-01-17 00:03:00,2020-01-17 01:20:00,77,False Positive
5206,INV_21,2020-01-17 00:46:00,2020-01-17 01:13:00,27,False Positive
5207,INV_10,2020-01-16 23:29:00,2020-01-17 01:49:00,140,Fraud
5208,INV_15,2020-01-17 00:57:00,2020-01-17 03:32:00,155,False Positive
5209,INV_3,2020-01-17 00:16:00,2020-01-17 03:08:00,172,False Positive
5210,INV_17,2020-01-16 23:24:00,2020-01-17 02:14:00,170,Fraud
5211,INV_15,2020-01-17 00:23:00,2020-01-17 02:17:00,114,Fraud
5212,INV_16,2020-01-16 23:14:00,2020-01-17 00:41:00,87,False Positive
5213,INV_16,2020-01-16 23:36:00,2020-01-17 01:52:00,136,Fraud
5214,INV_23,2020-01-17 00:56:00,2020-01-17 03:14:00,138,False Positive
5215,INV_14,2020-01-16 23:19:00,2020-01-17 00:47:00,88,Fraud
5216,INV_25,2020-01-16 23:49:00,2020-01-17 00:17:00,28,False Positive
5217,INV_4,2020-01-17 00:47:00,2020-01-17 02:33:00,106,False Positive
5218,INV_8,2020-01-17 00:20:00,2020-01-17 02:49:00,149,False Positive
5219,INV_13,2020-01-17 00:10:00,2020-01-17 01:56:00,106,Fraud
5220,INV_14,2020-01-17 00:28:00,2020-01-17 03:07:00,159,False Positive
5221,INV_24,2020-01-17 01:08:00,2020-01-17 02:17:00,69,Fraud
5222,INV_6,2020-01-17 01:59:00,2020-01-17 03:19:00,80,Fraud
5223,INV_25,2020-01-17 01:45:00,2020-01-17 03:08:00,83,Fraud
5224,INV_23,2020-01-17 01:40:00,2020-01-17 01:57:00,17,Fraud
5225,INV_16,2020-01-17 01:44:00,2020-01-17 02:08:00,24,False Positive
5226,INV_6,2020-01-17 02:07:00,2020-01-17 03:16:00,69,False Positive
5227,INV_24,2020-01-17 02:41:00,2020-01-17 04:25:00,104,Fraud
5228,INV_5,2020-01-17 01:27:00,2020-01-17 02:06:00,39,Fraud
5229,INV_11,2020-01-17 01:15:00,2020-01-17 04:01:00,166,Fraud
5230,INV_7,2020-01-17 02:18:00,2020-01-17 04:47:00,149,False Positive
5231,INV_22,2020-01-17 01:12:00,2020-01-17 04:02:00,170,Fraud
5232,INV_17,2020-01-17 02:27:00,2020-01-17 03:26:00,59,Fraud
5233,INV_22,2020-01-17 02:11:00,2020-01-17 03:57:00,106,Fraud
5234,INV_14,2020-01-17 02:45:00,2020-01-17 02:57:00,12,False Positive
5235,INV_10,2020-01-17 03:50:00,2020-01-17 04:39:00,49,False Positive
5236,INV_24,2020-01-17 02:10:00,2020-01-17 02:34:00,24,Fraud
5237,INV_22,2020-01-17 03:36:00,2020-01-17 06:18:00,162,Fraud
5238,INV_17,2020-01-17 02:13:00,2020-01-17 02:28:00,15,Fraud
5239,INV_11,2020-01-17 02:30:00,2020-01-17 03:22:00,52,Fraud
5240,INV_18,2020-01-17 03:07:00,2020-01-17 05:21:00,134,False Positive
5241,INV_10,2020-01-17 03:19:00,2020-01-17 04:42:00,83,Fraud
5242,INV_21,2020-01-17 03:57:00,2020-01-17 05:08:00,71,False Positive
5243,INV_12,2020-01-17 03:17:00,2020-01-17 04:51:00,94,False Positive
5244,INV_22,2020-01-17 02:24:00,2020-01-17 03:05:00,41,Fraud
5245,INV_3,2020-01-17 02:58:00,2020-01-17 03:45:00,47,Fraud
5246,INV_9,2020-01-17 03:14:00,2020-01-17 04:52:00,98,Fraud
5247,INV_19,2020-01-17 02:30:00,2020-01-17 03:03:00,33,Fraud
5248,INV_16,2020-01-17 04:56:00,2020-01-17 05:24:00,28,False Positive
5249,INV_17,2020-01-17 03:50:00,2020-01-17 05:37:00,107,False Positive
5250,INV_17,2020-01-17 04:17:00,2020-01-17 05:20:00,63,Fraud
5251,INV_12,2020-01-17 03:19:00,2020-01-17 06:03:00,164,Fraud
5252,INV_14,2020-01-17 03:11:00,2020-01-17 05:55:00,164,Fraud
5253,INV_6,2020-01-17 04:19:00,2020-01-17 05:11:00,52,False Positive
5254,INV_21,2020-01-17 04:09:00,2020-01-17 04:21:00,12,False Positive
5255,INV_18,2020-01-17 03:13:00,2020-01-17 05:19:00,126,Fraud
5256,INV_15,2020-01-17 03:06:00,2020-01-17 04:56:00,110,False Positive
5257,INV_12,2020-01-17 03:21:00,2020-01-17 05:45:00,144,False Positive
5258,INV_20,2020-01-17 03:14:00,2020-01-17 06:00:00,166,False Positive
5259,INV_16,2020-01-17 04:01:00,2020-01-17 05:05:00,64,False Positive
5260,INV_9,2020-01-17 03:36:00,2020-01-17 03:50:00,14,False Positive
5261,INV_8,2020-01-17 03:28:00,2020-01-17 05:45:00,137,Fraud
5262,INV_23,2020-01-17 03:10:00,2020-01-17 04:19:00,69,Fraud
5263,INV_12,2020-01-17 03:50:00,2020-01-17 05:07:00,77,Fraud
5264,INV_12,2020-01-17 04:48:00,2020-01-17 07:30:00,162,Fraud
5265,INV_18,2020-01-17 04:11:00,2020-01-17 06:50:00,159,False Positive
5266,INV_3,2020-01-17 04:22:00,2020-01-17 05:17:00,55,False Positive
5267,INV_20,2020-01-17 03:53:00,2020-01-17 04:42:00,49,False Positive
5268,INV_21,2020-01-17 04:08:00,2020-01-17 07:05:00,177,Fraud
5269,INV_9,2020-01-17 04:47:00,2020-01-17 05:19:00,32,Fraud
5270,INV_24,2020-01-17 03:40:00,2020-01-17 05:11:00,91,Fraud
5271,INV_10,2020-01-17 03:16:00,2020-01-17 03:37:00,21,Fraud
5272,INV_16,2020-01-17 04:37:00,2020-01-17 06:29:00,112,False Positive
5273,INV_2,2020-01-17 03:37:00,2020-01-17 05:47:00,130,False Positive
5274,INV_21,2020-01-17 03:14:00,2020-01-17 05:39:00,145,False Positive
5275,INV_20,2020-01-17 04:09:00,2020-01-17 06:13:00,124,Fraud
5276,INV_23,2020-01-17 04:35:00,2020-01-17 06:47:00,132,Fraud
5277,INV_9,2020-01-17 04:11:00,2020-01-17 06:29:00,138,Fraud
5278,INV_22,2020-01-17 04:07:00,2020-01-17 05:20:00,73,Fraud
5279,INV_17,2020-01-17 05:53:00,2020-01-17 06:24:00,31,False Positive
5280,INV_24,2020-01-17 04:40:00,2020-01-17 07:39:00,179,False Positive
5281,INV_13,2020-01-17 04:53:00,2020-01-17 07:09:00,136,Fraud
5282,INV_13,2020-01-17 05:07:00,2020-01-17 06:37:00,90,False Positive
5283,INV_22,2020-01-17 05:38:00,2020-01-17 06:11:00,33,Fraud
5284,INV_2,2020-01-17 04:44:00,2020-01-17 05:27:00,43,False Positive
5285,INV_14,2020-01-17 04:12:00,2020-01-17 06:12:00,120,False Positive
5286,INV_6,2020-01-17 04:38:00,2020-01-17 05:06:00,28,False Positive
5287,INV_17,2020-01-17 05:47:00,2020-01-17 07:45:00,118,Fraud
5288,INV_9,2020-01-17 05:50:00,2020-01-17 07:14:00,84,Fraud
5289,INV_14,2020-01-17 05:56:00,2020-01-17 07:29:00,93,Fraud
5290,INV_5,2020-01-17 04:28:00,2020-01-17 07:26:00,178,Fraud
5291,INV_15,2020-01-17 04:47:00,2020-01-17 07:19:00,152,Fraud
5292,INV_9,2020-01-17 04:34:00,2020-01-17 05:31:00,57,Fraud
5293,INV_25,2020-01-17 04:25:00,2020-01-17 05:57:00,92,False Positive
5294,INV_11,2020-01-17 05:19:00,2020-01-17 06:07:00,48,Fraud
5295,INV_21,2020-01-17 05:54:00,2020-01-17 07:03:00,69,False Positive
5296,INV_24,2020-01-17 05:07:00,2020-01-17 06:00:00,53,Fraud
5297,INV_1,2020-01-17 05:20:00,2020-01-17 07:09:00,109,Fraud
5298,INV_7,2020-01-17 06:41:00,2020-01-17 09:26:00,165,False Positive
5299,INV_18,2020-01-17 06:14:00,2020-01-17 06:27:00,13,Fraud
5300,INV_19,2020-01-17 06:54:00,2020-01-17 07:41:00,47,Fraud
5301,INV_17,2020-01-17 06:45:00,2020-01-17 07:27:00,42,Fraud
5302,INV_12,2020-01-17 06:26:00,2020-01-17 08:30:00,124,Fraud
5303,INV_20,2020-01-17 05:15:00,2020-01-17 07:51:00,156,False Positive
5304,INV_8,2020-01-17 06:55:00,2020-01-17 09:21:00,146,Fraud
5305,INV_23,2020-01-17 06:48:00,2020-01-17 07:55:00,67,Fraud
5306,INV_13,2020-01-17 06:16:00,2020-01-17 07:22:00,66,Fraud
5307,INV_4,2020-01-17 07:06:00,2020-01-17 07:32:00,26,Fraud
5308,INV_7,2020-01-17 06:37:00,2020-01-17 08:22:00,105,Fraud
5309,INV_10,2020-01-17 06:25:00,2020-01-17 08:36:00,131,Fraud
5310,INV_10,2020-01-17 06:26:00,2020-01-17 09:18:00,172,False Positive
5311,INV_13,2020-01-17 07:54:00,2020-01-17 09:30:00,96,Fraud
5312,INV_4,2020-01-17 07:09:00,2020-01-17 09:10:00,121,False Positive
5313,INV_24,2020-01-17 07:52:00,2020-01-17 08:03:00,11,Fraud
5314,INV_11,2020-01-17 06:42:00,2020-01-17 08:22:00,100,Fraud
5315,INV_18,2020-01-17 07:42:00,2020-01-17 09:51:00,129,False Positive
5316,INV_11,2020-01-17 08:16:00,2020-01-17 10:01:00,105,Fraud
5317,INV_16,2020-01-17 07:40:00,2020-01-17 10:27:00,167,Fraud
5318,INV_6,2020-01-17 07:18:00,2020-01-17 09:12:00,114,False Positive
5319,INV_14,2020-01-17 08:15:00,2020-01-17 10:57:00,162,False Positive
5320,INV_7,2020-01-17 07:09:00,2020-01-17 09:52:00,163,False Positive
5321,INV_2,2020-01-17 07:56:00,2020-01-17 10:09:00,133,Fraud
5322,INV_21,2020-01-17 08:05:00,2020-01-17 09:43:00,98,False Positive
5323,INV_18,2020-01-17 07:07:00,2020-01-17 07:49:00,42,Fraud
5324,INV_4,2020-01-17 07:45:00,2020-01-17 10:14:00,149,Fraud
5325,INV_17,2020-01-17 07:33:00,2020-01-17 08:30:00,57,Fraud
5326,INV_10,2020-01-17 08:12:00,2020-01-17 11:02:00,170,False Positive
5327,INV_9,2020-01-17 08:46:00,2020-01-17 10:39:00,113,Fraud
5328,INV_18,2020-01-17 09:09:00,2020-01-17 10:04:00,55,Fraud
5329,INV_17,2020-01-17 09:50:00,2020-01-17 11:54:00,124,Fraud
5330,INV_12,2020-01-17 09:11:00,2020-01-17 10:59:00,108,Fraud
5331,INV_6,2020-01-17 09:47:00,2020-01-17 12:17:00,150,False Positive
5332,INV_11,2020-01-17 09:28:00,2020-01-17 11:44:00,136,False Positive
5333,INV_21,2020-01-17 08:17:00,2020-01-17 08:56:00,39,Fraud
5334,INV_22,2020-01-17 08:47:00,2020-01-17 09:10:00,23,Fraud
5335,INV_15,2020-01-17 09:58:00,2020-01-17 12:56:00,178,False Positive
5336,INV_2,2020-01-17 09:19:00,2020-01-17 10:05:00,46,False Positive
5337,INV_13,2020-01-17 09:53:00,2020-01-17 12:07:00,134,False Positive
5338,INV_13,2020-01-17 10:49:00,2020-01-17 13:35:00,166,Fraud
5339,INV_21,2020-01-17 09:36:00,2020-01-17 10:40:00,64,False Positive
5340,INV_6,2020-01-17 09:16:00,2020-01-17 09:30:00,14,Fraud
5341,INV_7,2020-01-17 09:09:00,2020-01-17 11:51:00,162,False Positive
5342,INV_4,2020-01-17 11:20:00,2020-01-17 11:54:00,34,Fraud
5343,INV_4,2020-01-17 11:49:00,2020-01-17 13:28:00,99,Fraud
5344,INV_20,2020-01-17 10:14:00,2020-01-17 13:06:00,172,Fraud
5345,INV_25,2020-01-17 10:47:00,2020-01-17 13:14:00,147,False Positive
5346,INV_25,2020-01-17 10:09:00,2020-01-17 12:40:00,151,Fraud
5347,INV_2,2020-01-17 10:36:00,2020-01-17 13:07:00,151,Fraud
5348,INV_16,2020-01-17 10:33:00,2020-01-17 13:29:00,176,Fraud
5349,INV_16,2020-01-17 11:15:00,2020-01-17 11:25:00,10,Fraud
5350,INV_10,2020-01-17 11:42:00,2020-01-17 12:50:00,68,False Positive
5351,INV_16,2020-01-17 11:07:00,2020-01-17 11:33:00,26,Fraud
5352,INV_22,2020-01-17 11:35:00,2020-01-17 13:28:00,113,Fraud
5353,INV_5,2020-01-17 12:40:00,2020-01-17 12:52:00,12,Fraud
5354,INV_5,2020-01-17 12:28:00,2020-01-17 13:37:00,69,False Positive
5355,INV_13,2020-01-17 12:56:00,2020-01-17 14:17:00,81,Fraud
5356,INV_5,2020-01-17 11:48:00,2020-01-17 12:22:00,34,False Positive
5357,INV_12,2020-01-17 11:28:00,2020-01-17 11:58:00,30,Fraud
5358,INV_11,2020-01-17 12:40:00,2020-01-17 14:27:00,107,False Positive
5359,INV_24,2020-01-17 12:31:00,2020-01-17 14:33:00,122,Fraud
5360,INV_2,2020-01-17 13:16:00,2020-01-17 15:36:00,140,Fraud
5361,INV_25,2020-01-17 12:48:00,2020-01-17 14:49:00,121,Fraud
5362,INV_20,2020-01-17 13:36:00,2020-01-17 13:51:00,15,False Positive
5363,INV_23,2020-01-17 12:30:00,2020-01-17 14:32:00,122,Fraud
5364,INV_17,2020-01-17 12:11:00,2020-01-17 14:43:00,152,False Positive
5365,INV_3,2020-01-17 12:21:00,2020-01-17 13:40:00,79,False Positive
5366,INV_8,2020-01-17 12:19:00,2020-01-17 14:24:00,125,Fraud
5367,INV_14,2020-01-17 13:46:00,2020-01-17 16:16:00,150,Fraud
5368,INV_2,2020-01-17 14:28:00,2020-01-17 15:30:00,62,Fraud
5369,INV_24,2020-01-17 13:44:00,2020-01-17 14:50:00,66,Fraud
5370,INV_8,2020-01-17 13:14:00,2020-01-17 14:51:00,97,False Positive
5371,INV_20,2020-01-17 13:30:00,2020-01-17 14:23:00,53,False Positive
5372,INV_21,2020-01-17 13:27:00,2020-01-17 14:21:00,54,Fraud
5373,INV_25,2020-01-17 13:24:00,2020-01-17 14:55:00,91,False Positive
5374,INV_10,2020-01-17 13:24:00,2020-01-17 15:53:00,149,Fraud
5375,INV_13,2020-01-17 14:14:00,2020-01-17 15:13:00,59,Fraud
5376,INV_15,2020-01-17 13:34:00,2020-01-17 16:04:00,150,Fraud
5377,INV_21,2020-01-17 13:13:00,2020-01-17 15:07:00,114,False Positive
5378,INV_6,2020-01-17 15:52:00,2020-01-17 18:33:00,161,False Positive
5379,INV_13,2020-01-17 15:36:00,2020-01-17 17:03:00,87,Fraud
5380,INV_14,2020-01-17 14:50:00,2020-01-17 15:59:00,69,Fraud
5381,INV_25,2020-01-17 15:27:00,2020-01-17 18:10:00,163,Fraud
5382,INV_22,2020-01-17 15:32:00,2020-01-17 16:43:00,71,False Positive
5383,INV_5,2020-01-17 15:32:00,2020-01-17 17:09:00,97,Fraud
5384,INV_21,2020-01-17 14:47:00,2020-01-17 15:20:00,33,False Positive
5385,INV_3,2020-01-17 14:46:00,2020-01-17 17:04:00,138,Fraud
5386,INV_25,2020-01-17 15:41:00,2020-01-17 16:45:00,64,False Positive
5387,INV_2,2020-01-17 15:37:00,2020-01-17 17:47:00,130,False Positive
5388,INV_21,2020-01-17 15:02:00,2020-01-17 16:17:00,75,Fraud
5389,INV_13,2020-01-17 15:21:00,2020-01-17 16:43:00,82,Fraud
5390,INV_22,2020-01-17 14:27:00,2020-01-17 16:11:00,104,Fraud
5391,INV_6,2020-01-17 15:08:00,2020-01-17 16:46:00,98,Fraud
5392,INV_23,2020-01-17 14:15:00,2020-01-17 16:45:00,150,False Positive
5393,INV_10,2020-01-17 14:32:00,2020-01-17 17:28:00,176,Fraud
5394,INV_7,2020-01-17 14:20:00,2020-01-17 14:32:00,12,False Positive
5395,INV_17,2020-01-17 14:55:00,2020-01-17 15:52:00,57,False Positive
5396,INV_21,2020-01-17 14:31:00,2020-01-17 16:29:00,118,Fraud
5397,INV_11,2020-01-17 15:18:00,2020-01-17 17:17:00,119,Fraud
5398,INV_19,2020-01-17 14:37:00,2020-01-17 16:49:00,132,False Positive
5399,INV_14,2020-01-17 15:19:00,2020-01-17 16:23:00,64,False Positive
5400,INV_25,2020-01-17 15:54:00,2020-01-17 17:36:00,102,Fraud
5401,INV_17,2020-01-17 15:34:00,2020-01-17 17:32:00,118,False Positive
5402,INV_15,2020-01-17 14:40:00,2020-01-17 15:08:00,28,Fraud
5403,INV_19,2020-01-17 14:39:00,2020-01-17 17:21:00,162,False Positive
5404,INV_2,2020-01-17 16:33:00,2020-01-17 16:57:00,24,False Positive
5405,INV_8,2020-01-17 16:19:00,2020-01-17 18:47:00,148,False Positive
5406,INV_5,2020-01-17 15:12:00,2020-01-17 16:32:00,80,Fraud
5407,INV_7,2020-01-17 15:26:00,2020-01-17 17:27:00,121,Fraud
5408,INV_7,2020-01-17 15:39:00,2020-01-17 16:28:00,49,False Positive
5409,INV_14,2020-01-17 15:38:00,2020-01-17 17:37:00,119,Fraud
5410,INV_24,2020-01-17 15:41:00,2020-01-17 16:44:00,63,Fraud
5411,INV_11,2020-01-17 16:54:00,2020-01-17 19:13:00,139,False Positive
5412,INV_5,2020-01-17 15:54:00,2020-01-17 18:48:00,174,False Positive
5413,INV_7,2020-01-17 15:48:00,2020-01-17 16:52:00,64,Fraud
5414,INV_6,2020-01-17 16:22:00,2020-01-17 18:27:00,125,False Positive
5415,INV_24,2020-01-17 16:04:00,2020-01-17 18:44:00,160,False Positive
5416,INV_16,2020-01-17 16:21:00,2020-01-17 17:24:00,63,False Positive
5417,INV_11,2020-01-17 17:26:00,2020-01-17 18:08:00,42,Fraud
5418,INV_5,2020-01-17 17:39:00,2020-01-17 17:53:00,14,Fraud
5419,INV_8,2020-01-17 17:57:00,2020-01-17 18:14:00,17,Fraud
5420,INV_2,2020-01-17 16:13:00,2020-01-17 17:01:00,48,Fraud
5421,INV_25,2020-01-17 16:05:00,2020-01-17 17:31:00,86,Fraud
5422,INV_8,2020-01-17 17:50:00,2020-01-17 19:20:00,90,Fraud
5423,INV_13,2020-01-17 16:51:00,2020-01-17 18:26:00,95,Fraud
5424,INV_1,2020-01-17 17:52:00,2020-01-17 19:08:00,76,False Positive
5425,INV_2,2020-01-17 17:18:00,2020-01-17 17:39:00,21,False Positive
5426,INV_4,2020-01-17 17:47:00,2020-01-17 20:17:00,150,False Positive
5427,INV_17,2020-01-17 16:38:00,2020-01-17 18:00:00,82,Fraud
5428,INV_1,2020-01-17 16:20:00,2020-01-17 18:15:00,115,False Positive
5429,INV_11,2020-01-17 16:16:00,2020-01-17 17:48:00,92,Fraud
5430,INV_20,2020-01-17 16:26:00,2020-01-17 19:19:00,173,False Positive
5431,INV_11,2020-01-17 17:02:00,2020-01-17 19:00:00,118,Fraud
5432,INV_21,2020-01-17 18:48:00,2020-01-17 19:17:00,29,False Positive
5433,INV_8,2020-01-17 18:31:00,2020-01-17 21:21:00,170,False Positive
5434,INV_23,2020-01-17 17:17:00,2020-01-17 17:28:00,11,Fraud
5435,INV_19,2020-01-17 17:15:00,2020-01-17 20:08:00,173,False Positive
5436,INV_21,2020-01-17 17:39:00,2020-01-17 18:39:00,60,Fraud
5437,INV_20,2020-01-17 17:40:00,2020-01-17 20:32:00,172,False Positive
5438,INV_11,2020-01-17 18:27:00,2020-01-17 20:23:00,116,False Positive
5439,INV_4,2020-01-17 18:04:00,2020-01-17 19:42:00,98,Fraud
5440,INV_11,2020-01-17 17:33:00,2020-01-17 19:26:00,113,Fraud
5441,INV_12,2020-01-17 17:18:00,2020-01-17 18:38:00,80,False Positive
5442,INV_11,2020-01-17 18:14:00,2020-01-17 20:58:00,164,False Positive
5443,INV_23,2020-01-17 18:51:00,2020-01-17 19:36:00,45,Fraud
5444,INV_21,2020-01-17 17:48:00,2020-01-17 20:28:00,160,Fraud
5445,INV_25,2020-01-17 17:33:00,2020-01-17 19:54:00,141,False Positive
5446,INV_2,2020-01-17 18:09:00,2020-01-17 18:19:00,10,Fraud
5447,INV_24,2020-01-17 17:27:00,2020-01-17 17:59:00,32,Fraud
5448,INV_8,2020-01-17 19:13:00,2020-01-17 20:02:00,49,Fraud
5449,INV_13,2020-01-17 18:53:00,2020-01-17 21:03:00,130,Fraud
5450,INV_18,2020-01-17 18:36:00,2020-01-17 19:11:00,35,False Positive
5451,INV_5,2020-01-17 18:12:00,2020-01-17 20:47:00,155,Fraud
5452,INV_24,2020-01-17 18:36:00,2020-01-17 21:26:00,170,False Positive
5453,INV_16,2020-01-17 18:13:00,2020-01-17 19:23:00,70,False Positive
5454,INV_7,2020-01-17 19:43:00,2020-01-17 20:36:00,53,False Positive
5455,INV_22,2020-01-17 18:51:00,2020-01-17 20:28:00,97,False Positive
5456,INV_22,2020-01-17 19:21:00,2020-01-17 22:15:00,174,Fraud
5457,INV_19,2020-01-17 19:13:00,2020-01-17 19:29:00,16,Fraud
5458,INV_12,2020-01-17 18:19:00,2020-01-17 20:49:00,150,Fraud
5459,INV_8,2020-01-17 18:24:00,2020-01-17 18:40:00,16,False Positive
5460,INV_15,2020-01-17 19:34:00,2020-01-17 20:42:00,68,Fraud
5461,INV_7,2020-01-17 20:37:00,2020-01-17 23:28:00,171,Fraud
5462,INV_25,2020-01-17 20:19:00,2020-01-17 20:59:00,40,Fraud
5463,INV_13,2020-01-17 20:32:00,2020-01-17 21:15:00,43,Fraud
5464,INV_16,2020-01-17 20:00:00,2020-01-17 21:53:00,113,Fraud
5465,INV_16,2020-01-17 20:26:00,2020-01-17 21:54:00,88,False Positive
5466,INV_21,2020-01-17 20:56:00,2020-01-17 21:58:00,62,Fraud
5467,INV_18,2020-01-17 19:45:00,2020-01-17 22:34:00,169,Fraud
5468,INV_7,2020-01-17 20:44:00,2020-01-17 23:33:00,169,False Positive
5469,INV_1,2020-01-17 19:30:00,2020-01-17 22:13:00,163,Fraud
5470,INV_17,2020-01-17 20:33:00,2020-01-17 20:55:00,22,Fraud
5471,INV_9,2020-01-17 20:26:00,2020-01-17 21:19:00,53,False Positive
5472,INV_3,2020-01-17 20:49:00,2020-01-17 22:30:00,101,False Positive
5473,INV_8,2020-01-17 20:59:00,2020-01-17 23:09:00,130,Fraud
5474,INV_22,2020-01-17 20:30:00,2020-01-17 22:21:00,111,Fraud
5475,INV_11,2020-01-17 19:42:00,2020-01-17 22:27:00,165,False Positive
5476,INV_14,2020-01-17 20:12:00,2020-01-17 22:43:00,151,Fraud
5477,INV_19,2020-01-17 21:46:00,2020-01-17 22:19:00,33,False Positive
5478,INV_20,2020-01-17 21:20:00,2020-01-17 23:17:00,117,Fraud
5479,INV_3,2020-01-17 21:27:00,2020-01-17 22:58:00,91,False Positive
5480,INV_3,2020-01-17 20:43:00,2020-01-17 23:25:00,162,Fraud
5481,INV_11,2020-01-17 20:26:00,2020-01-17 22:39:00,133,False Positive
5482,INV_10,2020-01-17 20:38:00,2020-01-17 21:32:00,54,Fraud
5483,INV_7,2020-01-17 21:46:00,2020-01-17 22:32:00,46,False Positive
5484,INV_7,2020-01-17 21:14:00,2020-01-17 22:09:00,55,Fraud
5485,INV_23,2020-01-17 21:45:00,2020-01-17 23:02:00,77,Fraud
5486,INV_12,2020-01-17 21:47:00,2020-01-18 00:33:00,166,Fraud
5487,INV_1,2020-01-17 20:33:00,2020-01-17 23:21:00,168,Fraud
5488,INV_17,2020-01-17 21:32:00,2020-01-17 23:36:00,124,False Positive
5489,INV_3,2020-01-17 21:15:00,2020-01-17 22:08:00,53,False Positive
5490,INV_8,2020-01-17 20:34:00,2020-01-17 21:39:00,65,Fraud
5491,INV_8,2020-01-17 21:15:00,2020-01-18 00:02:00,167,Fraud
5492,INV_13,2020-01-17 20:34:00,2020-01-17 23:29:00,175,False Positive
5493,INV_24,2020-01-17 20:17:00,2020-01-17 22:01:00,104,Fraud
5494,INV_9,2020-01-17 22:50:00,2020-01-18 00:17:00,87,Fraud
5495,INV_10,2020-01-17 21:58:00,2020-01-18 00:20:00,142,Fraud
5496,INV_14,2020-01-17 22:13:00,2020-01-17 23:45:00,92,Fraud
5497,INV_21,2020-01-17 21:15:00,2020-01-17 22:44:00,89,False Positive
5498,INV_17,2020-01-17 22:59:00,2020-01-18 01:42:00,163,Fraud
5499,INV_15,2020-01-17 21:12:00,2020-01-17 22:53:00,101,Fraud
5500,INV_15,2020-01-17 21:26:00,2020-01-17 23:39:00,133,Fraud
5501,INV_23,2020-01-17 21:06:00,2020-01-17 21:34:00,28,False Positive
5502,INV_9,2020-01-17 21:32:00,2020-01-17 23:07:00,95,Fraud
5503,INV_14,2020-01-17 22:41:00,2020-01-18 00:56:00,135,False Positive
5504,INV_6,2020-01-17 22:26:00,2020-01-18 00:45:00,139,Fraud
5505,INV_8,2020-01-17 23:07:00,2020-01-18 01:04:00,117,Fraud
5506,INV_15,2020-01-17 23:18:00,2020-01-18 00:40:00,82,False Positive
5507,INV_22,2020-01-17 23:27:00,2020-01-17 23:37:00,10,Fraud
5508,INV_20,2020-01-17 22:20:00,2020-01-18 01:07:00,167,Fraud
5509,INV_12,2020-01-17 23:06:00,2020-01-17 23:33:00,27,Fraud
5510,INV_13,2020-01-17 23:45:00,2020-01-18 02:34:00,169,False Positive
5511,INV_5,2020-01-17 22:24:00,2020-01-17 23:38:00,74,False Positive
5512,INV_9,2020-01-17 22:49:00,2020-01-17 23:21:00,32,Fraud
5513,INV_4,2020-01-17 22:07:00,2020-01-18 00:02:00,115,Fraud
5514,INV_13,2020-01-17 22:10:00,2020-01-17 23:47:00,97,Fraud
5515,INV_14,2020-01-17 22:51:00,2020-01-18 00:02:00,71,Fraud
5516,INV_21,2020-01-17 23:20:00,2020-01-18 00:07:00,47,Fraud
5517,INV_3,2020-01-17 22:37:00,2020-01-17 23:54:00,77,Fraud
5518,INV_1,2020-01-17 23:56:00,2020-01-18 00:15:00,19,Fraud
5519,INV_9,2020-01-17 22:23:00,2020-01-17 23:40:00,77,False Positive
5520,INV_16,2020-01-17 23:47:00,2020-01-18 00:34:00,47,False Positive
5521,INV_15,2020-01-17 23:10:00,2020-01-18 01:52:00,162,Fraud
5522,INV_24,2020-01-17 23:56:00,2020-01-18 00:25:00,29,Fraud
5523,INV_22,2020-01-17 22:18:00,2020-01-18 00:36:00,138,Fraud
5524,INV_13,2020-01-17 23:38:00,2020-01-18 01:26:00,108,False Positive
5525,INV_19,2020-01-17 22:37:00,2020-01-17 22:50:00,13,Fraud
5526,INV_2,2020-01-17 23:01:00,2020-01-17 23:17:00,16,Fraud
5527,INV_22,2020-01-17 22:39:00,2020-01-18 00:37:00,118,False Positive
5528,INV_18,2020-01-18 00:01:00,2020-01-18 02:19:00,138,False Positive
5529,INV_7,2020-01-17 23:19:00,2020-01-17 23:55:00,36,Fraud
5530,INV_25,2020-01-17 23:50:00,2020-01-18 02:07:00,137,Fraud
5531,INV_1,2020-01-17 23:32:00,2020-01-18 01:07:00,95,False Positive
5532,INV_22,2020-01-18 00:34:00,2020-01-18 03:00:00,146,False Positive
5533,INV_11,2020-01-17 23:55:00,2020-01-18 00:05:00,10,Fraud
5534,INV_2,2020-01-18 00:45:00,2020-01-18 02:12:00,87,Fraud
5535,INV_12,2020-01-18 01:45:00,2020-01-18 03:32:00,107,False Positive
5536,INV_16,2020-01-18 01:15:00,2020-01-18 03:05:00,110,Fraud
5537,INV_18,2020-01-18 01:06:00,2020-01-18 03:08:00,122,Fraud
5538,INV_23,2020-01-18 01:19:00,2020-01-18 03:32:00,133,False Positive
5539,INV_14,2020-01-18 00:44:00,2020-01-18 02:23:00,99,False Positive
5540,INV_25,2020-01-18 01:54:00,2020-01-18 04:08:00,134,False Positive
5541,INV_18,2020-01-18 01:05:00,2020-01-18 01:51:00,46,Fraud
5542,INV_24,2020-01-18 01:52:00,2020-01-18 02:46:00,54,Fraud
5543,INV_24,2020-01-18 01:38:00,2020-01-18 04:01:00,143,False Positive
5544,INV_21,2020-01-18 02:56:00,2020-01-18 04:38:00,102,Fraud
5545,INV_12,2020-01-18 01:33:00,2020-01-18 02:13:00,40,False Positive
5546,INV_22,2020-01-18 02:28:00,2020-01-18 04:27:00,119,False Positive
5547,INV_4,2020-01-18 01:51:00,2020-01-18 02:43:00,52,False Positive
5548,INV_19,2020-01-18 01:25:00,2020-01-18 01:39:00,14,False Positive
5549,INV_15,2020-01-18 01:30:00,2020-01-18 02:49:00,79,Fraud
5550,INV_16,2020-01-18 01:27:00,2020-01-18 03:46:00,139,False Positive
5551,INV_16,2020-01-18 01:16:00,2020-01-18 04:10:00,174,Fraud
5552,INV_5,2020-01-18 02:38:00,2020-01-18 04:12:00,94,False Positive
5553,INV_1,2020-01-18 02:01:00,2020-01-18 04:23:00,142,Fraud
5554,INV_16,2020-01-18 02:53:00,2020-01-18 05:23:00,150,Fraud
5555,INV_12,2020-01-18 02:51:00,2020-01-18 04:06:00,75,Fraud
5556,INV_1,2020-01-18 01:34:00,2020-01-18 04:01:00,147,False Positive
5557,INV_2,2020-01-18 01:25:00,2020-01-18 04:16:00,171,False Positive
5558,INV_2,2020-01-18 02:41:00,2020-01-18 04:01:00,80,Fraud
5559,INV_11,2020-01-18 02:40:00,2020-01-18 05:31:00,171,Fraud
5560,INV_16,2020-01-18 02:07:00,2020-01-18 02:34:00,27,False Positive
5561,INV_5,2020-01-18 01:52:00,2020-01-18 03:04:00,72,Fraud
5562,INV_3,2020-01-18 02:55:00,2020-01-18 04:22:00,87,False Positive
5563,INV_23,2020-01-18 02:59:00,2020-01-18 03:21:00,22,False Positive
5564,INV_24,2020-01-18 03:39:00,2020-01-18 05:01:00,82,False Positive
5565,INV_24,2020-01-18 02:16:00,2020-01-18 04:36:00,140,Fraud
5566,INV_23,2020-01-18 03:15:00,2020-01-18 04:38:00,83,Fraud
5567,INV_9,2020-01-18 03:21:00,2020-01-18 04:08:00,47,False Positive
5568,INV_20,2020-01-18 03:09:00,2020-01-18 05:24:00,135,Fraud
5569,INV_13,2020-01-18 03:53:00,2020-01-18 06:03:00,130,False Positive
5570,INV_6,2020-01-18 03:24:00,2020-01-18 06:23:00,179,Fraud
5571,INV_23,2020-01-18 02:29:00,2020-01-18 03:21:00,52,Fraud
5572,INV_19,2020-01-18 03:41:00,2020-01-18 03:56:00,15,Fraud
5573,INV_9,2020-01-18 03:16:00,2020-01-18 04:25:00,69,Fraud
5574,INV_17,2020-01-18 03:06:00,2020-01-18 03:16:00,10,Fraud
5575,INV_25,2020-01-18 02:41:00,2020-01-18 05:08:00,147,False Positive
5576,INV_6,2020-01-18 03:34:00,2020-01-18 05:51:00,137,Fraud
5577,INV_13,2020-01-18 02:28:00,2020-01-18 05:25:00,177,Fraud
5578,INV_9,2020-01-18 03:34:00,2020-01-18 04:11:00,37,Fraud
5579,INV_7,2020-01-18 03:18:00,2020-01-18 05:08:00,110,Fraud
5580,INV_3,2020-01-18 03:43:00,2020-01-18 04:12:00,29,Fraud
5581,INV_6,2020-01-18 03:36:00,2020-01-18 05:41:00,125,Fraud
5582,INV_20,2020-01-18 03:38:00,2020-01-18 06:13:00,155,Fraud
5583,INV_10,2020-01-18 02:51:00,2020-01-18 05:45:00,174,Fraud
5584,INV_2,2020-01-18 03:54:00,2020-01-18 05:58:00,124,Fraud
5585,INV_3,2020-01-18 04:09:00,2020-01-18 05:32:00,83,Fraud
5586,INV_13,2020-01-18 03:56:00,2020-01-18 05:57:00,121,Fraud
5587,INV_16,2020-01-18 04:08:00,2020-01-18 06:08:00,120,Fraud
5588,INV_17,2020-01-18 04:13:00,2020-01-18 05:25:00,72,False Positive
5589,INV_17,2020-01-18 03:22:00,2020-01-18 03:45:00,23,False Positive
5590,INV_3,2020-01-18 04:12:00,2020-01-18 06:27:00,135,Fraud
5591,INV_17,2020-01-18 03:14:00,2020-01-18 05:37:00,143,Fraud
5592,INV_24,2020-01-18 03:44:00,2020-01-18 04:04:00,20,False Positive
5593,INV_16,2020-01-18 03:20:00,2020-01-18 04:43:00,83,Fraud
5594,INV_12,2020-01-18 04:10:00,2020-01-18 05:06:00,56,Fraud
5595,INV_22,2020-01-18 03:50:00,2020-01-18 04:18:00,28,False Positive
5596,INV_9,2020-01-18 04:27:00,2020-01-18 07:20:00,173,False Positive
5597,INV_24,2020-01-18 04:25:00,2020-01-18 04:51:00,26,False Positive
5598,INV_9,2020-01-18 03:25:00,2020-01-18 05:49:00,144,Fraud
5599,INV_17,2020-01-18 03:14:00,2020-01-18 05:58:00,164,Fraud
5600,INV_21,2020-01-18 04:18:00,2020-01-18 05:04:00,46,False Positive
5601,INV_17,2020-01-18 05:40:00,2020-01-18 07:39:00,119,False Positive
5602,INV_2,2020-01-18 04:50:00,2020-01-18 06:47:00,117,False Positive
5603,INV_13,2020-01-18 05:40:00,2020-01-18 07:31:00,111,Fraud
5604,INV_7,2020-01-18 04:51:00,2020-01-18 07:00:00,129,Fraud
5605,INV_5,2020-01-18 04:10:00,2020-01-18 05:40:00,90,False Positive
5606,INV_9,2020-01-18 04:23:00,2020-01-18 06:12:00,109,Fraud
5607,INV_23,2020-01-18 04:08:00,2020-01-18 04:50:00,42,Fraud
5608,INV_6,2020-01-18 05:19:00,2020-01-18 07:12:00,113,False Positive
5609,INV_4,2020-01-18 06:07:00,2020-01-18 08:48:00,161,False Positive
5610,INV_10,2020-01-18 06:26:00,2020-01-18 07:46:00,80,Fraud
5611,INV_21,2020-01-18 06:05:00,2020-01-18 06:57:00,52,False Positive
5612,INV_25,2020-01-18 05:09:00,2020-01-18 07:45:00,156,Fraud
5613,INV_10,2020-01-18 06:25:00,2020-01-18 09:10:00,165,Fraud
5614,INV_10,2020-01-18 06:08:00,2020-01-18 08:50:00,162,Fraud
5615,INV_24,2020-01-18 05:40:00,2020-01-18 06:58:00,78,Fraud
5616,INV_24,2020-01-18 06:39:00,2020-01-18 07:07:00,28,False Positive
5617,INV_15,2020-01-18 06:05:00,2020-01-18 07:40:00,95,False Positive
5618,INV_4,2020-01-18 06:31:00,2020-01-18 08:44:00,133,False Positive
5619,INV_24,2020-01-18 05:49:00,2020-01-18 08:05:00,136,Fraud
5620,INV_2,2020-01-18 06:01:00,2020-01-18 06:45:00,44,Fraud
5621,INV_1,2020-01-18 06:09:00,2020-01-18 08:19:00,130,False Positive
5622,INV_17,2020-01-18 06:16:00,2020-01-18 06:59:00,43,False Positive
5623,INV_6,2020-01-18 07:16:00,2020-01-18 09:51:00,155,False Positive
5624,INV_10,2020-01-18 06:09:00,2020-01-18 07:34:00,85,False Positive
5625,INV_8,2020-01-18 07:50:00,2020-01-18 09:42:00,112,Fraud
5626,INV_21,2020-01-18 07:05:00,2020-01-18 07:53:00,48,False Positive
5627,INV_2,2020-01-18 06:50:00,2020-01-18 07:03:00,13,False Positive
5628,INV_13,2020-01-18 06:33:00,2020-01-18 07:07:00,34,Fraud
5629,INV_13,2020-01-18 06:57:00,2020-01-18 07:40:00,43,False Positive
5630,INV_13,2020-01-18 07:43:00,2020-01-18 10:09:00,146,Fraud
5631,INV_8,2020-01-18 07:59:00,2020-01-18 09:10:00,71,False Positive
5632,INV_2,2020-01-18 07:13:00,2020-01-18 09:48:00,155,Fraud
5633,INV_18,2020-01-18 07:38:00,2020-01-18 08:12:00,34,Fraud
5634,INV_7,2020-01-18 06:10:00,2020-01-18 08:02:00,112,Fraud
5635,INV_24,2020-01-18 06:06:00,2020-01-18 07:53:00,107,Fraud
5636,INV_20,2020-01-18 07:41:00,2020-01-18 07:55:00,14,False Positive
5637,INV_11,2020-01-18 06:37:00,2020-01-18 06:56:00,19,Fraud
5638,INV_16,2020-01-18 07:44:00,2020-01-18 08:47:00,63,False Positive
5639,INV_2,2020-01-18 08:38:00,2020-01-18 09:03:00,25,False Positive
5640,INV_17,2020-01-18 07:05:00,2020-01-18 08:09:00,64,Fraud
5641,INV_10,2020-01-18 08:53:00,2020-01-18 11:08:00,135,Fraud
5642,INV_16,2020-01-18 07:39:00,2020-01-18 10:35:00,176,Fraud
5643,INV_17,2020-01-18 07:23:00,2020-01-18 09:33:00,130,False Positive
5644,INV_19,2020-01-18 08:05:00,2020-01-18 08:50:00,45,Fraud
5645,INV_17,2020-01-18 07:41:00,2020-01-18 09:16:00,95,False Positive
5646,INV_7,2020-01-18 07:44:00,2020-01-18 10:17:00,153,Fraud
5647,INV_14,2020-01-18 07:55:00,2020-01-18 09:35:00,100,Fraud
5648,INV_9,2020-01-18 07:59:00,2020-01-18 09:28:00,89,Fraud
5649,INV_12,2020-01-18 07:55:00,2020-01-18 08:35:00,40,False Positive
5650,INV_20,2020-01-18 08:44:00,2020-01-18 09:57:00,73,Fraud
5651,INV_8,2020-01-18 08:54:00,2020-01-18 11:26:00,152,Fraud
5652,INV_24,2020-01-18 07:24:00,2020-01-18 10:14:00,170,False Positive
5653,INV_5,2020-01-18 08:10:00,2020-01-18 08:30:00,20,False Positive
5654,INV_11,2020-01-18 08:11:00,2020-01-18 10:16:00,125,False Positive
5655,INV_18,2020-01-18 08:53:00,2020-01-18 11:50:00,177,False Positive
5656,INV_2,2020-01-18 08:48:00,2020-01-18 10:11:00,83,Fraud
5657,INV_7,2020-01-18 08:05:00,2020-01-18 10:07:00,122,Fraud
5658,INV_20,2020-01-18 09:22:00,2020-01-18 09:50:00,28,False Positive
5659,INV_25,2020-01-18 09:06:00,2020-01-18 10:16:00,70,False Positive
5660,INV_2,2020-01-18 08:17:00,2020-01-18 08:52:00,35,Fraud
5661,INV_25,2020-01-18 08:53:00,2020-01-18 10:31:00,98,False Positive
5662,INV_25,2020-01-18 10:35:00,2020-01-18 13:06:00,151,False Positive
5663,INV_2,2020-01-18 09:14:00,2020-01-18 10:17:00,63,Fraud
5664,INV_2,2020-01-18 09:17:00,2020-01-18 10:03:00,46,Fraud
5665,INV_23,2020-01-18 09:37:00,2020-01-18 10:14:00,37,False Positive
5666,INV_22,2020-01-18 09:20:00,2020-01-18 09:39:00,19,False Positive
5667,INV_4,2020-01-18 09:35:00,2020-01-18 09:58:00,23,Fraud
5668,INV_10,2020-01-18 11:14:00,2020-01-18 13:19:00,125,False Positive
5669,INV_18,2020-01-18 10:31:00,2020-01-18 11:54:00,83,False Positive
5670,INV_2,2020-01-18 11:50:00,2020-01-18 14:31:00,161,False Positive
5671,INV_1,2020-01-18 10:38:00,2020-01-18 13:01:00,143,False Positive
5672,INV_7,2020-01-18 11:46:00,2020-01-18 14:20:00,154,Fraud
5673,INV_16,2020-01-18 11:35:00,2020-01-18 13:22:00,107,Fraud
5674,INV_21,2020-01-18 11:10:00,2020-01-18 12:37:00,87,False Positive
5675,INV_9,2020-01-18 12:09:00,2020-01-18 13:42:00,93,Fraud
5676,INV_19,2020-01-18 11:36:00,2020-01-18 12:19:00,43,False Positive
5677,INV_24,2020-01-18 11:41:00,2020-01-18 13:25:00,104,False Positive
5678,INV_21,2020-01-18 11:55:00,2020-01-18 13:29:00,94,Fraud
5679,INV_22,2020-01-18 12:02:00,2020-01-18 12:37:00,35,False Positive
5680,INV_19,2020-01-18 11:23:00,2020-01-18 14:15:00,172,Fraud
5681,INV_20,2020-01-18 11:38:00,2020-01-18 12:22:00,44,Fraud
5682,INV_18,2020-01-18 12:14:00,2020-01-18 13:34:00,80,Fraud
5683,INV_16,2020-01-18 12:45:00,2020-01-18 13:29:00,44,Fraud
5684,INV_11,2020-01-18 12:20:00,2020-01-18 13:28:00,68,False Positive
5685,INV_12,2020-01-18 13:50:00,2020-01-18 14:36:00,46,Fraud
5686,INV_18,2020-01-18 12:49:00,2020-01-18 15:05:00,136,False Positive
5687,INV_1,2020-01-18 13:49:00,2020-01-18 16:24:00,155,False Positive
5688,INV_7,2020-01-18 12:52:00,2020-01-18 14:19:00,87,Fraud
5689,INV_13,2020-01-18 13:28:00,2020-01-18 14:07:00,39,Fraud
5690,INV_24,2020-01-18 12:52:00,2020-01-18 15:27:00,155,Fraud
5691,INV_16,2020-01-18 13:54:00,2020-01-18 14:20:00,26,False Positive
5692,INV_22,2020-01-18 12:37:00,2020-01-18 15:25:00,168,Fraud
5693,INV_1,2020-01-18 12:50:00,2020-01-18 15:16:00,146,False Positive
5694,INV_2,2020-01-18 12:19:00,2020-01-18 15:18:00,179,Fraud
5695,INV_5,2020-01-18 13:56:00,2020-01-18 15:49:00,113,False Positive
5696,INV_18,2020-01-18 13:24:00,2020-01-18 14:36:00,72,Fraud
5697,INV_14,2020-01-18 14:52:00,2020-01-18 16:48:00,116,Fraud
5698,INV_12,2020-01-18 14:14:00,2020-01-18 15:58:00,104,False Positive
5699,INV_4,2020-01-18 14:01:00,2020-01-18 16:26:00,145,Fraud
5700,INV_24,2020-01-18 14:49:00,2020-01-18 17:41:00,172,False Positive
5701,INV_6,2020-01-18 13:36:00,2020-01-18 15:56:00,140,Fraud
5702,INV_17,2020-01-18 13:29:00,2020-01-18 13:45:00,16,Fraud
5703,INV_24,2020-01-18 13:47:00,2020-01-18 15:16:00,89,Fraud
5704,INV_25,2020-01-18 14:18:00,2020-01-18 16:18:00,120,Fraud
5705,INV_19,2020-01-18 13:25:00,2020-01-18 14:12:00,47,Fraud
5706,INV_24,2020-01-18 14:50:00,2020-01-18 16:35:00,105,Fraud
5707,INV_23,2020-01-18 14:20:00,2020-01-18 16:30:00,130,Fraud
5708,INV_8,2020-01-18 14:31:00,2020-01-18 14:54:00,23,Fraud
5709,INV_7,2020-01-18 13:10:00,2020-01-18 14:41:00,91,False Positive
5710,INV_14,2020-01-18 15:02:00,2020-01-18 16:05:00,63,False Positive
5711,INV_3,2020-01-18 15:05:00,2020-01-18 17:12:00,127,False Positive
5712,INV_9,2020-01-18 14:41:00,2020-01-18 17:33:00,172,False Positive
5713,INV_3,2020-01-18 15:18:00,2020-01-18 18:08:00,170,False Positive
5714,INV_14,2020-01-18 14:32:00,2020-01-18 15:05:00,33,False Positive
5715,INV_25,2020-01-18 14:47:00,2020-01-18 16:15:00,88,False Positive
5716,INV_24,2020-01-18 15:02:00,2020-01-18 15:13:00,11,False Positive
5717,INV_13,2020-01-18 15:34:00,2020-01-18 16:29:00,55,False Positive
5718,INV_14,2020-01-18 14:59:00,2020-01-18 17:57:00,178,Fraud
5719,INV_11,2020-01-18 14:44:00,2020-01-18 16:22:00,98,Fraud
5720,INV_25,2020-01-18 15:18:00,2020-01-18 17:44:00,146,Fraud
5721,INV_1,2020-01-18 15:57:00,2020-01-18 18:13:00,136,Fraud
5722,INV_2,2020-01-18 15:56:00,2020-01-18 18:28:00,152,Fraud
5723,INV_17,2020-01-18 15:23:00,2020-01-18 15:44:00,21,Fraud
5724,INV_20,2020-01-18 16:43:00,2020-01-18 17:49:00,66,Fraud
5725,INV_25,2020-01-18 15:44:00,2020-01-18 16:20:00,36,False Positive
5726,INV_15,2020-01-18 16:50:00,2020-01-18 19:49:00,179,Fraud
5727,INV_13,2020-01-18 16:38:00,2020-01-18 19:25:00,167,Fraud
5728,INV_25,2020-01-18 16:07:00,2020-01-18 17:10:00,63,Fraud
5729,INV_25,2020-01-18 17:03:00,2020-01-18 19:36:00,153,Fraud
5730,INV_25,2020-01-18 17:18:00,2020-01-18 18:01:00,43,Fraud
5731,INV_7,2020-01-18 16:29:00,2020-01-18 17:01:00,32,Fraud
5732,INV_18,2020-01-18 16:53:00,2020-01-18 18:29:00,96,False Positive
5733,INV_17,2020-01-18 17:23:00,2020-01-18 18:03:00,40,False Positive
5734,INV_13,2020-01-18 16:05:00,2020-01-18 18:50:00,165,False Positive
5735,INV_12,2020-01-18 17:32:00,2020-01-18 19:43:00,131,False Positive
5736,INV_7,2020-01-18 17:14:00,2020-01-18 19:33:00,139,Fraud
5737,INV_25,2020-01-18 17:17:00,2020-01-18 17:58:00,41,Fraud
5738,INV_19,2020-01-18 16:13:00,2020-01-18 18:37:00,144,Fraud
5739,INV_2,2020-01-18 17:21:00,2020-01-18 18:56:00,95,Fraud
5740,INV_2,2020-01-18 18:13:00,2020-01-18 18:59:00,46,Fraud
5741,INV_4,2020-01-18 17:42:00,2020-01-18 18:05:00,23,False Positive
5742,INV_11,2020-01-18 17:19:00,2020-01-18 19:50:00,151,Fraud
5743,INV_6,2020-01-18 17:45:00,2020-01-18 19:34:00,109,Fraud
5744,INV_23,2020-01-18 17:16:00,2020-01-18 19:11:00,115,Fraud
5745,INV_9,2020-01-18 18:58:00,2020-01-18 19:30:00,32,Fraud
5746,INV_23,2020-01-18 17:29:00,2020-01-18 19:23:00,114,Fraud
5747,INV_5,2020-01-18 18:21:00,2020-01-18 19:09:00,48,Fraud
5748,INV_18,2020-01-18 17:38:00,2020-01-18 19:11:00,93,False Positive
5749,INV_5,2020-01-18 17:46:00,2020-01-18 20:13:00,147,Fraud
5750,INV_6,2020-01-18 17:22:00,2020-01-18 19:02:00,100,Fraud
5751,INV_13,2020-01-18 18:37:00,2020-01-18 19:54:00,77,Fraud
5752,INV_25,2020-01-18 18:16:00,2020-01-18 18:27:00,11,Fraud
5753,INV_22,2020-01-18 18:09:00,2020-01-18 18:22:00,13,False Positive
5754,INV_12,2020-01-18 18:06:00,2020-01-18 20:13:00,127,Fraud
5755,INV_3,2020-01-18 17:31:00,2020-01-18 20:26:00,175,False Positive
5756,INV_13,2020-01-18 17:59:00,2020-01-18 20:13:00,134,Fraud
5757,INV_19,2020-01-18 18:09:00,2020-01-18 18:53:00,44,Fraud
5758,INV_17,2020-01-18 18:07:00,2020-01-18 18:48:00,41,Fraud
5759,INV_10,2020-01-18 17:36:00,2020-01-18 19:30:00,114,False Positive
5760,INV_16,2020-01-18 18:49:00,2020-01-18 20:53:00,124,False Positive
5761,INV_8,2020-01-18 18:15:00,2020-01-18 21:06:00,171,Fraud
5762,INV_12,2020-01-18 18:54:00,2020-01-18 19:09:00,15,Fraud
5763,INV_19,2020-01-18 17:58:00,2020-01-18 19:55:00,117,False Positive
5764,INV_20,2020-01-18 18:25:00,2020-01-18 19:50:00,85,False Positive
5765,INV_23,2020-01-18 17:42:00,2020-01-18 20:17:00,155,Fraud
5766,INV_7,2020-01-18 18:07:00,2020-01-18 19:05:00,58,False Positive
5767,INV_3,2020-01-18 18:48:00,2020-01-18 19:00:00,12,False Positive
5768,INV_5,2020-01-18 18:56:00,2020-01-18 19:09:00,13,Fraud
5769,INV_11,2020-01-18 18:21:00,2020-01-18 20:04:00,103,False Positive
5770,INV_9,2020-01-18 20:37:00,2020-01-18 21:55:00,78,Fraud
5771,INV_17,2020-01-18 19:33:00,2020-01-18 20:17:00,44,False Positive
5772,INV_15,2020-01-18 19:29:00,2020-01-18 21:16:00,107,Fraud
5773,INV_1,2020-01-18 20:26:00,2020-01-18 21:45:00,79,Fraud
5774,INV_4,2020-01-18 19:13:00,2020-01-18 20:20:00,67,False Positive
5775,INV_3,2020-01-18 20:31:00,2020-01-18 21:04:00,33,False Positive
5776,INV_11,2020-01-18 19:39:00,2020-01-18 20:43:00,64,Fraud
5777,INV_14,2020-01-18 19:58:00,2020-01-18 21:53:00,115,False Positive
5778,INV_15,2020-01-18 20:57:00,2020-01-18 21:40:00,43,Fraud
5779,INV_3,2020-01-18 20:16:00,2020-01-18 20:46:00,30,False Positive
5780,INV_14,2020-01-18 20:31:00,2020-01-18 23:18:00,167,False Positive
5781,INV_16,2020-01-18 20:27:00,2020-01-18 21:33:00,66,Fraud
5782,INV_2,2020-01-18 19:24:00,2020-01-18 21:00:00,96,False Positive
5783,INV_17,2020-01-18 20:41:00,2020-01-18 22:46:00,125,Fraud
5784,INV_9,2020-01-18 20:57:00,2020-01-18 23:46:00,169,False Positive
5785,INV_12,2020-01-18 21:13:00,2020-01-19 00:03:00,170,Fraud
5786,INV_8,2020-01-18 21:32:00,2020-01-18 21:57:00,25,Fraud
5787,INV_4,2020-01-18 21:19:00,2020-01-18 23:35:00,136,Fraud
5788,INV_12,2020-01-18 21:29:00,2020-01-19 00:14:00,165,Fraud
5789,INV_8,2020-01-18 21:16:00,2020-01-18 21:36:00,20,Fraud
5790,INV_15,2020-01-18 21:23:00,2020-01-18 22:27:00,64,Fraud
5791,INV_1,2020-01-18 22:52:00,2020-01-19 00:19:00,87,Fraud
5792,INV_22,2020-01-18 22:48:00,2020-01-19 01:27:00,159,False Positive
5793,INV_21,2020-01-18 22:56:00,2020-01-19 00:12:00,76,False Positive
5794,INV_5,2020-01-18 22:05:00,2020-01-19 00:50:00,165,False Positive
5795,INV_11,2020-01-18 23:17:00,2020-01-19 01:56:00,159,False Positive
5796,INV_3,2020-01-18 22:37:00,2020-01-19 00:38:00,121,False Positive
5797,INV_7,2020-01-18 23:43:00,2020-01-19 00:29:00,46,Fraud
5798,INV_7,2020-01-18 22:24:00,2020-01-18 23:33:00,69,False Positive
5799,INV_6,2020-01-18 22:08:00,2020-01-18 23:41:00,93,Fraud
5800,INV_14,2020-01-18 22:29:00,2020-01-19 00:52:00,143,False Positive
5801,INV_2,2020-01-18 22:08:00,2020-01-19 00:25:00,137,False Positive
5802,INV_20,2020-01-19 00:16:00,2020-01-19 02:46:00,150,False Positive
5803,INV_9,2020-01-19 00:06:00,2020-01-19 00:16:00,10,Fraud
5804,INV_12,2020-01-19 00:47:00,2020-01-19 03:26:00,159,Fraud
5805,INV_5,2020-01-19 00:58:00,2020-01-19 01:14:00,16,False Positive
5806,INV_23,2020-01-19 00:19:00,2020-01-19 03:12:00,173,Fraud
5807,INV_5,2020-01-18 23:15:00,2020-01-19 00:16:00,61,False Positive
5808,INV_7,2020-01-19 01:55:00,2020-01-19 04:24:00,149,Fraud
5809,INV_12,2020-01-19 01:20:00,2020-01-19 02:05:00,45,Fraud
5810,INV_1,2020-01-19 00:48:00,2020-01-19 02:02:00,74,False Positive
5811,INV_21,2020-01-19 00:33:00,2020-01-19 02:56:00,143,False Positive
5812,INV_2,2020-01-19 02:45:00,2020-01-19 05:11:00,146,False Positive
5813,INV_23,2020-01-19 01:22:00,2020-01-19 03:08:00,106,False Positive
5814,INV_1,2020-01-19 01:54:00,2020-01-19 04:52:00,178,Fraud
5815,INV_14,2020-01-19 02:20:00,2020-01-19 03:59:00,99,False Positive
5816,INV_6,2020-01-19 02:01:00,2020-01-19 03:03:00,62,Fraud
5817,INV_19,2020-01-19 02:09:00,2020-01-19 03:13:00,64,Fraud
5818,INV_18,2020-01-19 02:15:00,2020-01-19 03:07:00,52,Fraud
5819,INV_22,2020-01-19 03:08:00,2020-01-19 04:25:00,77,Fraud
5820,INV_9,2020-01-19 02:31:00,2020-01-19 04:52:00,141,Fraud
5821,INV_6,2020-01-19 03:31:00,2020-01-19 06:06:00,155,Fraud
5822,INV_20,2020-01-19 02:07:00,2020-01-19 04:11:00,124,Fraud
5823,INV_18,2020-01-19 03:56:00,2020-01-19 04:30:00,34,Fraud
5824,INV_12,2020-01-19 02:32:00,2020-01-19 02:56:00,24,Fraud
5825,INV_17,2020-01-19 02:49:00,2020-01-19 03:50:00,61,Fraud
5826,INV_10,2020-01-19 03:08:00,2020-01-19 05:33:00,145,Fraud
5827,INV_21,2020-01-19 04:01:00,2020-01-19 06:04:00,123,Fraud
5828,INV_7,2020-01-19 04:12:00,2020-01-19 05:41:00,89,Fraud
5829,INV_10,2020-01-19 04:24:00,2020-01-19 06:29:00,125,Fraud
5830,INV_18,2020-01-19 04:50:00,2020-01-19 05:39:00,49,Fraud
5831,INV_2,2020-01-19 05:33:00,2020-01-19 08:13:00,160,Fraud
5832,INV_14,2020-01-19 04:47:00,2020-01-19 05:29:00,42,False Positive
5833,INV_18,2020-01-19 04:12:00,2020-01-19 05:00:00,48,Fraud
5834,INV_8,2020-01-19 04:10:00,2020-01-19 04:21:00,11,False Positive
5835,INV_21,2020-01-19 04:09:00,2020-01-19 04:54:00,45,False Positive
5836,INV_17,2020-01-19 05:59:00,2020-01-19 08:02:00,123,False Positive
5837,INV_24,2020-01-19 04:13:00,2020-01-19 07:11:00,178,Fraud
5838,INV_19,2020-01-19 04:54:00,2020-01-19 05:07:00,13,False Positive
5839,INV_14,2020-01-19 04:26:00,2020-01-19 05:31:00,65,Fraud
5840,INV_14,2020-01-19 04:46:00,2020-01-19 06:07:00,81,Fraud
5841,INV_17,2020-01-19 05:12:00,2020-01-19 07:55:00,163,Fraud
5842,INV_8,2020-01-19 05:10:00,2020-01-19 05:28:00,18,Fraud
5843,INV_7,2020-01-19 05:13:00,2020-01-19 05:38:00,25,Fraud
5844,INV_2,2020-01-19 05:00:00,2020-01-19 07:50:00,170,False Positive
5845,INV_4,2020-01-19 04:06:00,2020-01-19 06:23:00,137,Fraud
5846,INV_1,2020-01-19 06:42:00,2020-01-19 08:08:00,86,False Positive
5847,INV_1,2020-01-19 05:55:00,2020-01-19 07:21:00,86,Fraud
5848,INV_20,2020-01-19 05:49:00,2020-01-19 07:00:00,71,Fraud
5849,INV_19,2020-01-19 05:36:00,2020-01-19 07:16:00,100,False Positive
5850,INV_9,2020-01-19 05:09:00,2020-01-19 07:05:00,116,False Positive
5851,INV_10,2020-01-19 05:55:00,2020-01-19 07:18:00,83,False Positive
5852,INV_20,2020-01-19 05:14:00,2020-01-19 08:10:00,176,False Positive
5853,INV_18,2020-01-19 05:57:00,2020-01-19 07:02:00,65,Fraud
5854,INV_17,2020-01-19 06:51:00,2020-01-19 09:26:00,155,Fraud
5855,INV_14,2020-01-19 05:49:00,2020-01-19 07:01:00,72,Fraud
5856,INV_2,2020-01-19 05:14:00,2020-01-19 07:49:00,155,False Positive
5857,INV_4,2020-01-19 05:42:00,2020-01-19 06:42:00,60,Fraud
5858,INV_21,2020-01-19 05:22:00,2020-01-19 06:20:00,58,False Positive
5859,INV_24,2020-01-19 06:37:00,2020-01-19 08:21:00,104,Fraud
5860,INV_22,2020-01-19 05:16:00,2020-01-19 06:15:00,59,Fraud
5861,INV_8,2020-01-19 05:16:00,2020-01-19 05:54:00,38,Fraud
5862,INV_8,2020-01-19 07:10:00,2020-01-19 07:33:00,23,Fraud
5863,INV_4,2020-01-19 07:08:00,2020-01-19 10:04:00,176,Fraud
5864,INV_19,2020-01-19 07:28:00,2020-01-19 08:19:00,51,False Positive
5865,INV_2,2020-01-19 07:32:00,2020-01-19 09:11:00,99,Fraud
5866,INV_14,2020-01-19 06:28:00,2020-01-19 06:53:00,25,False Positive
5867,INV_24,2020-01-19 06:54:00,2020-01-19 08:42:00,108,Fraud
5868,INV_20,2020-01-19 06:41:00,2020-01-19 08:02:00,81,False Positive
5869,INV_10,2020-01-19 07:48:00,2020-01-19 09:21:00,93,False Positive
5870,INV_1,2020-01-19 07:23:00,2020-01-19 08:13:00,50,False Positive
5871,INV_21,2020-01-19 06:54:00,2020-01-19 07:22:00,28,Fraud
5872,INV_4,2020-01-19 07:23:00,2020-01-19 08:04:00,41,Fraud
5873,INV_25,2020-01-19 06:47:00,2020-01-19 07:01:00,14,Fraud
5874,INV_7,2020-01-19 08:45:00,2020-01-19 09:55:00,70,Fraud
5875,INV_11,2020-01-19 07:40:00,2020-01-19 08:39:00,59,Fraud
5876,INV_23,2020-01-19 07:55:00,2020-01-19 09:42:00,107,False Positive
5877,INV_11,2020-01-19 07:13:00,2020-01-19 08:02:00,49,False Positive
5878,INV_12,2020-01-19 07:49:00,2020-01-19 08:09:00,20,Fraud
5879,INV_2,2020-01-19 08:27:00,2020-01-19 10:29:00,122,Fraud
5880,INV_5,2020-01-19 07:27:00,2020-01-19 08:43:00,76,False Positive
5881,INV_22,2020-01-19 07:49:00,2020-01-19 09:27:00,98,False Positive
5882,INV_20,2020-01-19 08:13:00,2020-01-19 08:53:00,40,Fraud
5883,INV_2,2020-01-19 07:36:00,2020-01-19 09:20:00,104,False Positive
5884,INV_13,2020-01-19 07:44:00,2020-01-19 10:03:00,139,Fraud
5885,INV_16,2020-01-19 08:23:00,2020-01-19 10:11:00,108,Fraud
5886,INV_10,2020-01-19 08:24:00,2020-01-19 11:18:00,174,False Positive
5887,INV_3,2020-01-19 08:34:00,2020-01-19 11:03:00,149,Fraud
5888,INV_21,2020-01-19 08:41:00,2020-01-19 11:34:00,173,Fraud
5889,INV_23,2020-01-19 09:56:00,2020-01-19 12:34:00,158,False Positive
5890,INV_17,2020-01-19 08:11:00,2020-01-19 09:24:00,73,False Positive
5891,INV_18,2020-01-19 08:51:00,2020-01-19 10:13:00,82,Fraud
5892,INV_19,2020-01-19 08:16:00,2020-01-19 10:13:00,117,Fraud
5893,INV_19,2020-01-19 09:35:00,2020-01-19 11:35:00,120,Fraud
5894,INV_5,2020-01-19 08:32:00,2020-01-19 09:52:00,80,False Positive
5895,INV_25,2020-01-19 09:21:00,2020-01-19 11:35:00,134,Fraud
5896,INV_7,2020-01-19 09:28:00,2020-01-19 12:16:00,168,Fraud
5897,INV_4,2020-01-19 08:57:00,2020-01-19 09:16:00,19,Fraud
5898,INV_11,2020-01-19 08:18:00,2020-01-19 08:47:00,29,Fraud
5899,INV_11,2020-01-19 09:51:00,2020-01-19 10:03:00,12,Fraud
5900,INV_19,2020-01-19 08:11:00,2020-01-19 09:49:00,98,Fraud
5901,INV_22,2020-01-19 09:09:00,2020-01-19 11:44:00,155,False Positive
5902,INV_23,2020-01-19 08:54:00,2020-01-19 09:28:00,34,Fraud
5903,INV_22,2020-01-19 08:55:00,2020-01-19 11:29:00,154,False Positive
5904,INV_5,2020-01-19 09:53:00,2020-01-19 12:01:00,128,Fraud
5905,INV_24,2020-01-19 09:07:00,2020-01-19 09:38:00,31,Fraud
5906,INV_21,2020-01-19 09:25:00,2020-01-19 10:55:00,90,False Positive
5907,INV_9,2020-01-19 09:40:00,2020-01-19 10:41:00,61,Fraud
5908,INV_17,2020-01-19 09:16:00,2020-01-19 12:02:00,166,False Positive
5909,INV_2,2020-01-19 10:33:00,2020-01-19 11:54:00,81,Fraud
5910,INV_5,2020-01-19 10:05:00,2020-01-19 12:21:00,136,Fraud
5911,INV_1,2020-01-19 09:44:00,2020-01-19 10:01:00,17,Fraud
5912,INV_22,2020-01-19 09:14:00,2020-01-19 12:02:00,168,False Positive
5913,INV_24,2020-01-19 10:54:00,2020-01-19 12:30:00,96,Fraud
5914,INV_22,2020-01-19 10:53:00,2020-01-19 13:35:00,162,False Positive
5915,INV_14,2020-01-19 11:53:00,2020-01-19 14:46:00,173,Fraud
5916,INV_15,2020-01-19 10:53:00,2020-01-19 12:59:00,126,False Positive
5917,INV_20,2020-01-19 11:37:00,2020-01-19 12:18:00,41,Fraud
5918,INV_10,2020-01-19 10:07:00,2020-01-19 12:03:00,116,False Positive
5919,INV_23,2020-01-19 10:57:00,2020-01-19 13:47:00,170,Fraud
5920,INV_18,2020-01-19 10:10:00,2020-01-19 12:40:00,150,False Positive
5921,INV_23,2020-01-19 10:48:00,2020-01-19 12:57:00,129,Fraud
5922,INV_5,2020-01-19 11:08:00,2020-01-19 11:28:00,20,False Positive
5923,INV_11,2020-01-19 10:51:00,2020-01-19 13:06:00,135,Fraud
5924,INV_24,2020-01-19 10:05:00,2020-01-19 13:02:00,177,False Positive
5925,INV_10,2020-01-19 11:00:00,2020-01-19 12:59:00,119,False Positive
5926,INV_13,2020-01-19 12:55:00,2020-01-19 15:35:00,160,Fraud
5927,INV_17,2020-01-19 12:59:00,2020-01-19 15:58:00,179,Fraud
5928,INV_17,2020-01-19 12:13:00,2020-01-19 14:39:00,146,False Positive
5929,INV_23,2020-01-19 11:35:00,2020-01-19 13:33:00,118,Fraud
5930,INV_6,2020-01-19 12:16:00,2020-01-19 13:37:00,81,False Positive
5931,INV_6,2020-01-19 12:59:00,2020-01-19 15:00:00,121,Fraud
5932,INV_15,2020-01-19 12:04:00,2020-01-19 14:09:00,125,False Positive
5933,INV_14,2020-01-19 12:03:00,2020-01-19 14:59:00,176,Fraud
5934,INV_19,2020-01-19 11:10:00,2020-01-19 13:17:00,127,Fraud
5935,INV_6,2020-01-19 12:17:00,2020-01-19 14:57:00,160,Fraud
5936,INV_4,2020-01-19 12:13:00,2020-01-19 13:39:00,86,Fraud
5937,INV_23,2020-01-19 12:44:00,2020-01-19 14:03:00,79,Fraud
5938,INV_19,2020-01-19 12:09:00,2020-01-19 13:24:00,75,False Positive
5939,INV_20,2020-01-19 13:02:00,2020-01-19 13:23:00,21,False Positive
5940,INV_6,2020-01-19 12:57:00,2020-01-19 15:21:00,144,Fraud
5941,INV_16,2020-01-19 13:41:00,2020-01-19 14:54:00,73,Fraud
5942,INV_25,2020-01-19 13:32:00,2020-01-19 14:20:00,48,Fraud
5943,INV_3,2020-01-19 13:20:00,2020-01-19 16:04:00,164,Fraud
5944,INV_22,2020-01-19 13:19:00,2020-01-19 13:31:00,12,Fraud
5945,INV_7,2020-01-19 13:26:00,2020-01-19 15:13:00,107,Fraud
5946,INV_10,2020-01-19 13:59:00,2020-01-19 14:17:00,18,Fraud
5947,INV_25,2020-01-19 13:14:00,2020-01-19 14:56:00,102,Fraud
5948,INV_6,2020-01-19 13:41:00,2020-01-19 15:47:00,126,False Positive
5949,INV_8,2020-01-19 12:50:00,2020-01-19 14:13:00,83,False Positive
5950,INV_14,2020-01-19 13:33:00,2020-01-19 16:21:00,168,False Positive
5951,INV_5,2020-01-19 12:09:00,2020-01-19 14:12:00,123,False Positive
5952,INV_1,2020-01-19 12:16:00,2020-01-19 13:55:00,99,Fraud
5953,INV_11,2020-01-19 13:27:00,2020-01-19 14:11:00,44,False Positive
5954,INV_25,2020-01-19 12:25:00,2020-01-19 13:39:00,74,Fraud
5955,INV_23,2020-01-19 12:40:00,2020-01-19 14:29:00,109,Fraud
5956,INV_18,2020-01-19 13:18:00,2020-01-19 13:54:00,36,False Positive
5957,INV_19,2020-01-19 14:29:00,2020-01-19 16:58:00,149,False Positive
5958,INV_25,2020-01-19 13:53:00,2020-01-19 15:19:00,86,Fraud
5959,INV_10,2020-01-19 14:32:00,2020-01-19 15:31:00,59,Fraud
5960,INV_4,2020-01-19 13:43:00,2020-01-19 14:08:00,25,Fraud
5961,INV_18,2020-01-19 14:50:00,2020-01-19 16:44:00,114,False Positive
5962,INV_23,2020-01-19 14:30:00,2020-01-19 16:43:00,133,Fraud
5963,INV_20,2020-01-19 15:35:00,2020-01-19 16:20:00,45,False Positive
5964,INV_9,2020-01-19 14:43:00,2020-01-19 17:04:00,141,False Positive
5965,INV_1,2020-01-19 14:34:00,2020-01-19 16:45:00,131,False Positive
5966,INV_25,2020-01-19 15:19:00,2020-01-19 16:59:00,100,Fraud
5967,INV_18,2020-01-19 14:40:00,2020-01-19 17:21:00,161,Fraud
5968,INV_2,2020-01-19 15:39:00,2020-01-19 16:50:00,71,Fraud
5969,INV_14,2020-01-19 15:40:00,2020-01-19 16:04:00,24,False Positive
5970,INV_8,2020-01-19 14:19:00,2020-01-19 16:37:00,138,Fraud
5971,INV_5,2020-01-19 14:14:00,2020-01-19 15:07:00,53,Fraud
5972,INV_10,2020-01-19 15:38:00,2020-01-19 16:11:00,33,Fraud
5973,INV_14,2020-01-19 15:39:00,2020-01-19 16:40:00,61,False Positive
5974,INV_6,2020-01-19 15:25:00,2020-01-19 17:57:00,152,Fraud
5975,INV_10,2020-01-19 15:40:00,2020-01-19 16:07:00,27,False Positive
5976,INV_23,2020-01-19 15:45:00,2020-01-19 17:39:00,114,False Positive
5977,INV_21,2020-01-19 16:15:00,2020-01-19 18:47:00,152,Fraud
5978,INV_5,2020-01-19 16:15:00,2020-01-19 17:07:00,52,False Positive
5979,INV_4,2020-01-19 15:40:00,2020-01-19 15:58:00,18,Fraud
5980,INV_11,2020-01-19 15:51:00,2020-01-19 17:58:00,127,Fraud
5981,INV_2,2020-01-19 15:10:00,2020-01-19 16:23:00,73,Fraud
5982,INV_4,2020-01-19 16:41:00,2020-01-19 19:17:00,156,False Positive
5983,INV_18,2020-01-19 16:25:00,2020-01-19 18:18:00,113,Fraud
5984,INV_1,2020-01-19 16:06:00,2020-01-19 17:44:00,98,Fraud
5985,INV_9,2020-01-19 17:47:00,2020-01-19 18:58:00,71,Fraud
5986,INV_18,2020-01-19 17:35:00,2020-01-19 17:53:00,18,False Positive
5987,INV_23,2020-01-19 17:37:00,2020-01-19 19:29:00,112,False Positive
5988,INV_22,2020-01-19 16:42:00,2020-01-19 17:05:00,23,False Positive
5989,INV_15,2020-01-19 17:56:00,2020-01-19 18:12:00,16,Fraud
5990,INV_4,2020-01-19 17:23:00,2020-01-19 19:15:00,112,Fraud
5991,INV_5,2020-01-19 18:38:00,2020-01-19 21:11:00,153,Fraud
5992,INV_16,2020-01-19 17:26:00,2020-01-19 19:26:00,120,Fraud
5993,INV_22,2020-01-19 17:53:00,2020-01-19 18:13:00,20,Fraud
5994,INV_3,2020-01-19 17:13:00,2020-01-19 17:50:00,37,Fraud
5995,INV_9,2020-01-19 17:13:00,2020-01-19 17:59:00,46,Fraud
5996,INV_13,2020-01-19 19:26:00,2020-01-19 21:08:00,102,Fraud
5997,INV_13,2020-01-19 19:21:00,2020-01-19 21:00:00,99,Fraud
5998,INV_18,2020-01-19 19:21:00,2020-01-19 20:49:00,88,False Positive
5999,INV_17,2020-01-19 18:24:00,2020-01-19 19:55:00,91,Fraud
6000,INV_7,2020-01-19 18:46:00,2020-01-19 20:21:00,95,Fraud
6001,INV_22,2020-01-19 18:28:00,2020-01-19 20:27:00,119,False Positive
6002,INV_12,2020-01-19 19:47:00,2020-01-19 19:58:00,11,False Positive
6003,INV_19,2020-01-19 19:52:00,2020-01-19 21:53:00,121,Fraud
6004,INV_20,2020-01-19 18:15:00,2020-01-19 19:40:00,85,Fraud
6005,INV_13,2020-01-19 18:15:00,2020-01-19 19:42:00,87,False Positive
6006,INV_15,2020-01-19 18:31:00,2020-01-19 19:14:00,43,Fraud
6007,INV_22,2020-01-19 19:04:00,2020-01-19 20:24:00,80,Fraud
6008,INV_23,2020-01-19 18:11:00,2020-01-19 19:27:00,76,Fraud
6009,INV_23,2020-01-19 19:53:00,2020-01-19 21:10:00,77,False Positive
6010,INV_15,2020-01-19 18:50:00,2020-01-19 19:31:00,41,Fraud
6011,INV_12,2020-01-19 19:34:00,2020-01-19 22:30:00,176,Fraud
6012,INV_25,2020-01-19 20:44:00,2020-01-19 21:43:00,59,Fraud
6013,INV_19,2020-01-19 19:33:00,2020-01-19 19:59:00,26,Fraud
6014,INV_22,2020-01-19 19:43:00,2020-01-19 21:09:00,86,Fraud
6015,INV_1,2020-01-19 19:06:00,2020-01-19 20:21:00,75,False Positive
6016,INV_9,2020-01-19 20:39:00,2020-01-19 22:37:00,118,Fraud
6017,INV_12,2020-01-19 20:06:00,2020-01-19 22:43:00,157,Fraud
6018,INV_14,2020-01-19 20:48:00,2020-01-19 21:56:00,68,False Positive
6019,INV_9,2020-01-19 21:21:00,2020-01-19 23:39:00,138,Fraud
6020,INV_8,2020-01-19 20:18:00,2020-01-19 21:48:00,90,False Positive
6021,INV_17,2020-01-19 20:51:00,2020-01-19 21:51:00,60,Fraud
6022,INV_7,2020-01-19 20:41:00,2020-01-19 21:50:00,69,Fraud
6023,INV_23,2020-01-19 20:58:00,2020-01-19 23:10:00,132,Fraud
6024,INV_21,2020-01-19 21:41:00,2020-01-19 22:38:00,57,Fraud
6025,INV_25,2020-01-19 20:12:00,2020-01-19 22:09:00,117,False Positive
6026,INV_10,2020-01-19 22:41:00,2020-01-19 23:49:00,68,False Positive
6027,INV_24,2020-01-19 21:55:00,2020-01-19 22:30:00,35,False Positive
6028,INV_20,2020-01-19 21:15:00,2020-01-19 22:21:00,66,Fraud
6029,INV_2,2020-01-19 22:06:00,2020-01-19 23:39:00,93,Fraud
6030,INV_21,2020-01-19 22:36:00,2020-01-19 23:10:00,34,False Positive
6031,INV_7,2020-01-19 22:54:00,2020-01-20 00:24:00,90,Fraud
6032,INV_6,2020-01-19 21:40:00,2020-01-20 00:21:00,161,False Positive
6033,INV_22,2020-01-19 21:23:00,2020-01-19 21:58:00,35,False Positive
6034,INV_6,2020-01-19 22:49:00,2020-01-20 01:23:00,154,Fraud
6035,INV_19,2020-01-19 23:50:00,2020-01-20 01:56:00,126,Fraud
6036,INV_6,2020-01-19 23:21:00,2020-01-20 01:49:00,148,False Positive
6037,INV_1,2020-01-19 22:23:00,2020-01-20 01:01:00,158,Fraud
6038,INV_11,2020-01-19 22:29:00,2020-01-20 00:08:00,99,Fraud
6039,INV_16,2020-01-19 23:41:00,2020-01-20 00:01:00,20,False Positive
6040,INV_2,2020-01-19 23:16:00,2020-01-20 01:30:00,134,Fraud
6041,INV_10,2020-01-19 23:36:00,2020-01-19 23:52:00,16,Fraud
6042,INV_20,2020-01-20 00:10:00,2020-01-20 01:49:00,99,Fraud
6043,INV_7,2020-01-19 23:39:00,2020-01-20 00:25:00,46,Fraud
6044,INV_5,2020-01-19 23:52:00,2020-01-20 02:36:00,164,Fraud
6045,INV_4,2020-01-19 23:39:00,2020-01-20 01:18:00,99,Fraud
6046,INV_12,2020-01-19 23:57:00,2020-01-20 01:56:00,119,False Positive
6047,INV_11,2020-01-19 23:17:00,2020-01-20 01:03:00,106,False Positive
6048,INV_20,2020-01-19 23:48:00,2020-01-20 00:07:00,19,Fraud
6049,INV_15,2020-01-20 00:59:00,2020-01-20 02:13:00,74,Fraud
6050,INV_19,2020-01-20 01:04:00,2020-01-20 01:29:00,25,False Positive
6051,INV_1,2020-01-20 00:08:00,2020-01-20 00:41:00,33,False Positive
6052,INV_18,2020-01-20 00:59:00,2020-01-20 01:56:00,57,False Positive
6053,INV_13,2020-01-20 00:18:00,2020-01-20 00:37:00,19,False Positive
6054,INV_16,2020-01-20 00:06:00,2020-01-20 01:56:00,110,Fraud
6055,INV_25,2020-01-20 00:21:00,2020-01-20 02:03:00,102,Fraud
6056,INV_19,2020-01-20 01:11:00,2020-01-20 02:11:00,60,False Positive
6057,INV_6,2020-01-20 00:29:00,2020-01-20 00:55:00,26,Fraud
6058,INV_15,2020-01-20 00:13:00,2020-01-20 02:08:00,115,False Positive
6059,INV_25,2020-01-20 00:30:00,2020-01-20 01:18:00,48,Fraud
6060,INV_10,2020-01-20 00:30:00,2020-01-20 03:22:00,172,Fraud
6061,INV_8,2020-01-20 01:25:00,2020-01-20 02:52:00,87,False Positive
6062,INV_16,2020-01-20 01:22:00,2020-01-20 03:25:00,123,Fraud
6063,INV_3,2020-01-20 01:08:00,2020-01-20 03:35:00,147,Fraud
6064,INV_25,2020-01-20 00:35:00,2020-01-20 02:06:00,91,Fraud
6065,INV_23,2020-01-20 01:20:00,2020-01-20 03:10:00,110,Fraud
6066,INV_3,2020-01-20 01:24:00,2020-01-20 02:43:00,79,Fraud
6067,INV_18,2020-01-20 01:42:00,2020-01-20 03:26:00,104,Fraud
6068,INV_12,2020-01-20 01:50:00,2020-01-20 03:48:00,118,Fraud
6069,INV_14,2020-01-20 01:53:00,2020-01-20 02:59:00,66,Fraud
6070,INV_5,2020-01-20 02:12:00,2020-01-20 03:58:00,106,False Positive
6071,INV_2,2020-01-20 01:20:00,2020-01-20 04:05:00,165,False Positive
6072,INV_16,2020-01-20 01:12:00,2020-01-20 02:21:00,69,False Positive
6073,INV_23,2020-01-20 01:08:00,2020-01-20 02:37:00,89,Fraud
6074,INV_1,2020-01-20 02:59:00,2020-01-20 05:49:00,170,False Positive
6075,INV_13,2020-01-20 01:22:00,2020-01-20 03:32:00,130,Fraud
6076,INV_18,2020-01-20 01:36:00,2020-01-20 03:14:00,98,Fraud
6077,INV_15,2020-01-20 02:09:00,2020-01-20 04:05:00,116,False Positive
6078,INV_18,2020-01-20 03:17:00,2020-01-20 04:50:00,93,False Positive
6079,INV_11,2020-01-20 02:28:00,2020-01-20 03:21:00,53,Fraud
6080,INV_11,2020-01-20 02:27:00,2020-01-20 04:38:00,131,Fraud
6081,INV_4,2020-01-20 03:47:00,2020-01-20 04:51:00,64,False Positive
6082,INV_3,2020-01-20 03:10:00,2020-01-20 03:29:00,19,False Positive
6083,INV_15,2020-01-20 02:29:00,2020-01-20 04:12:00,103,Fraud
6084,INV_18,2020-01-20 04:55:00,2020-01-20 06:41:00,106,False Positive
6085,INV_6,2020-01-20 04:52:00,2020-01-20 05:05:00,13,Fraud
6086,INV_6,2020-01-20 04:37:00,2020-01-20 06:20:00,103,False Positive
6087,INV_14,2020-01-20 03:20:00,2020-01-20 05:20:00,120,False Positive
6088,INV_9,2020-01-20 04:42:00,2020-01-20 07:23:00,161,Fraud
6089,INV_9,2020-01-20 03:45:00,2020-01-20 05:11:00,86,Fraud
6090,INV_16,2020-01-20 04:50:00,2020-01-20 06:13:00,83,Fraud
6091,INV_17,2020-01-20 03:07:00,2020-01-20 05:02:00,115,Fraud
6092,INV_7,2020-01-20 05:44:00,2020-01-20 07:02:00,78,False Positive
6093,INV_14,2020-01-20 05:41:00,2020-01-20 06:14:00,33,Fraud
6094,INV_20,2020-01-20 05:16:00,2020-01-20 06:14:00,58,Fraud
6095,INV_14,2020-01-20 05:36:00,2020-01-20 07:40:00,124,False Positive
6096,INV_13,2020-01-20 05:07:00,2020-01-20 05:59:00,52,Fraud
6097,INV_2,2020-01-20 04:19:00,2020-01-20 06:43:00,144,False Positive
6098,INV_24,2020-01-20 04:27:00,2020-01-20 06:30:00,123,Fraud
6099,INV_4,2020-01-20 05:35:00,2020-01-20 06:10:00,35,Fraud
6100,INV_12,2020-01-20 05:02:00,2020-01-20 06:31:00,89,False Positive
6101,INV_25,2020-01-20 04:34:00,2020-01-20 06:09:00,95,False Positive
6102,INV_3,2020-01-20 05:10:00,2020-01-20 07:25:00,135,False Positive
6103,INV_19,2020-01-20 05:13:00,2020-01-20 06:57:00,104,Fraud
6104,INV_15,2020-01-20 04:50:00,2020-01-20 05:43:00,53,False Positive
6105,INV_20,2020-01-20 05:11:00,2020-01-20 07:32:00,141,False Positive
6106,INV_1,2020-01-20 04:36:00,2020-01-20 05:32:00,56,False Positive
6107,INV_6,2020-01-20 04:17:00,2020-01-20 05:26:00,69,Fraud
6108,INV_7,2020-01-20 05:23:00,2020-01-20 08:03:00,160,False Positive
6109,INV_8,2020-01-20 06:06:00,2020-01-20 08:11:00,125,Fraud
6110,INV_1,2020-01-20 06:22:00,2020-01-20 08:47:00,145,Fraud
6111,INV_6,2020-01-20 06:47:00,2020-01-20 06:57:00,10,Fraud
6112,INV_16,2020-01-20 05:47:00,2020-01-20 07:45:00,118,False Positive
6113,INV_14,2020-01-20 05:46:00,2020-01-20 08:32:00,166,Fraud
6114,INV_6,2020-01-20 06:24:00,2020-01-20 08:13:00,109,Fraud
6115,INV_11,2020-01-20 06:52:00,2020-01-20 07:37:00,45,Fraud
6116,INV_3,2020-01-20 06:43:00,2020-01-20 08:25:00,102,False Positive
6117,INV_22,2020-01-20 05:49:00,2020-01-20 07:15:00,86,False Positive
6118,INV_12,2020-01-20 06:00:00,2020-01-20 06:34:00,34,False Positive
6119,INV_10,2020-01-20 06:43:00,2020-01-20 08:40:00,117,Fraud
6120,INV_25,2020-01-20 06:51:00,2020-01-20 08:50:00,119,Fraud
6121,INV_9,2020-01-20 05:15:00,2020-01-20 07:38:00,143,Fraud
6122,INV_9,2020-01-20 06:55:00,2020-01-20 09:40:00,165,Fraud
6123,INV_7,2020-01-20 05:25:00,2020-01-20 06:52:00,87,False Positive
6124,INV_23,2020-01-20 06:12:00,2020-01-20 08:18:00,126,False Positive
6125,INV_2,2020-01-20 07:57:00,2020-01-20 10:10:00,133,False Positive
6126,INV_1,2020-01-20 07:29:00,2020-01-20 10:11:00,162,Fraud
6127,INV_23,2020-01-20 06:46:00,2020-01-20 09:39:00,173,Fraud
6128,INV_8,2020-01-20 07:27:00,2020-01-20 08:35:00,68,False Positive
6129,INV_21,2020-01-20 06:26:00,2020-01-20 08:57:00,151,Fraud
6130,INV_12,2020-01-20 07:32:00,2020-01-20 09:02:00,90,Fraud
6131,INV_12,2020-01-20 07:19:00,2020-01-20 09:56:00,157,False Positive
6132,INV_24,2020-01-20 07:11:00,2020-01-20 10:08:00,177,Fraud
6133,INV_4,2020-01-20 07:59:00,2020-01-20 09:21:00,82,Fraud
6134,INV_11,2020-01-20 07:45:00,2020-01-20 10:16:00,151,Fraud
6135,INV_9,2020-01-20 07:27:00,2020-01-20 08:08:00,41,Fraud
6136,INV_2,2020-01-20 07:58:00,2020-01-20 09:02:00,64,Fraud
6137,INV_12,2020-01-20 07:44:00,2020-01-20 08:46:00,62,Fraud
6138,INV_18,2020-01-20 07:33:00,2020-01-20 10:06:00,153,Fraud
6139,INV_5,2020-01-20 06:54:00,2020-01-20 07:11:00,17,False Positive
6140,INV_10,2020-01-20 08:01:00,2020-01-20 10:45:00,164,Fraud
6141,INV_10,2020-01-20 08:37:00,2020-01-20 10:43:00,126,False Positive
6142,INV_24,2020-01-20 08:33:00,2020-01-20 10:46:00,133,False Positive
6143,INV_22,2020-01-20 08:50:00,2020-01-20 10:27:00,97,Fraud
6144,INV_8,2020-01-20 07:23:00,2020-01-20 08:21:00,58,False Positive
6145,INV_8,2020-01-20 08:49:00,2020-01-20 10:07:00,78,Fraud
6146,INV_8,2020-01-20 08:34:00,2020-01-20 09:08:00,34,Fraud
6147,INV_23,2020-01-20 08:52:00,2020-01-20 09:58:00,66,False Positive
6148,INV_16,2020-01-20 08:21:00,2020-01-20 08:59:00,38,Fraud
6149,INV_24,2020-01-20 08:34:00,2020-01-20 10:44:00,130,Fraud
6150,INV_1,2020-01-20 09:14:00,2020-01-20 09:25:00,11,Fraud
6151,INV_2,2020-01-20 09:49:00,2020-01-20 11:40:00,111,Fraud
6152,INV_5,2020-01-20 08:30:00,2020-01-20 09:54:00,84,False Positive
6153,INV_8,2020-01-20 08:57:00,2020-01-20 10:59:00,122,Fraud
6154,INV_21,2020-01-20 08:25:00,2020-01-20 09:40:00,75,Fraud
6155,INV_17,2020-01-20 09:30:00,2020-01-20 10:28:00,58,False Positive
6156,INV_1,2020-01-20 09:38:00,2020-01-20 10:11:00,33,Fraud
6157,INV_8,2020-01-20 09:26:00,2020-01-20 11:57:00,151,Fraud
6158,INV_22,2020-01-20 09:45:00,2020-01-20 10:02:00,17,Fraud
6159,INV_22,2020-01-20 09:08:00,2020-01-20 09:38:00,30,False Positive
6160,INV_10,2020-01-20 09:15:00,2020-01-20 09:29:00,14,Fraud
6161,INV_7,2020-01-20 09:00:00,2020-01-20 11:36:00,156,Fraud
6162,INV_13,2020-01-20 09:24:00,2020-01-20 11:08:00,104,False Positive
6163,INV_5,2020-01-20 08:07:00,2020-01-20 11:01:00,174,Fraud
6164,INV_20,2020-01-20 08:38:00,2020-01-20 10:36:00,118,False Positive
6165,INV_16,2020-01-20 09:02:00,2020-01-20 09:36:00,34,False Positive
6166,INV_7,2020-01-20 09:17:00,2020-01-20 09:40:00,23,Fraud
6167,INV_14,2020-01-20 09:36:00,2020-01-20 12:17:00,161,Fraud
6168,INV_24,2020-01-20 09:48:00,2020-01-20 12:45:00,177,False Positive
6169,INV_9,2020-01-20 10:43:00,2020-01-20 11:08:00,25,False Positive
6170,INV_10,2020-01-20 10:40:00,2020-01-20 10:56:00,16,False Positive
6171,INV_17,2020-01-20 09:56:00,2020-01-20 12:07:00,131,Fraud
6172,INV_22,2020-01-20 10:55:00,2020-01-20 13:36:00,161,Fraud
6173,INV_20,2020-01-20 10:30:00,2020-01-20 11:34:00,64,False Positive
6174,INV_5,2020-01-20 10:26:00,2020-01-20 11:13:00,47,Fraud
6175,INV_2,2020-01-20 10:10:00,2020-01-20 11:53:00,103,False Positive
6176,INV_12,2020-01-20 09:28:00,2020-01-20 12:14:00,166,False Positive
6177,INV_10,2020-01-20 10:22:00,2020-01-20 12:51:00,149,False Positive
6178,INV_24,2020-01-20 10:22:00,2020-01-20 12:50:00,148,False Positive
6179,INV_11,2020-01-20 10:44:00,2020-01-20 12:43:00,119,False Positive
6180,INV_3,2020-01-20 11:17:00,2020-01-20 13:31:00,134,False Positive
6181,INV_7,2020-01-20 11:14:00,2020-01-20 14:03:00,169,Fraud
6182,INV_1,2020-01-20 11:14:00,2020-01-20 13:42:00,148,Fraud
6183,INV_9,2020-01-20 11:28:00,2020-01-20 14:15:00,167,Fraud
6184,INV_1,2020-01-20 12:37:00,2020-01-20 15:18:00,161,False Positive
6185,INV_22,2020-01-20 12:47:00,2020-01-20 13:35:00,48,False Positive
6186,INV_6,2020-01-20 11:17:00,2020-01-20 11:50:00,33,Fraud
6187,INV_2,2020-01-20 12:52:00,2020-01-20 14:55:00,123,Fraud
6188,INV_11,2020-01-20 12:00:00,2020-01-20 12:58:00,58,Fraud
6189,INV_2,2020-01-20 12:16:00,2020-01-20 15:05:00,169,False Positive
6190,INV_14,2020-01-20 11:05:00,2020-01-20 11:16:00,11,Fraud
6191,INV_22,2020-01-20 12:06:00,2020-01-20 14:42:00,156,False Positive
6192,INV_6,2020-01-20 12:22:00,2020-01-20 14:39:00,137,False Positive
6193,INV_25,2020-01-20 11:43:00,2020-01-20 13:07:00,84,Fraud
6194,INV_21,2020-01-20 11:29:00,2020-01-20 11:39:00,10,Fraud
6195,INV_9,2020-01-20 11:57:00,2020-01-20 14:26:00,149,Fraud
6196,INV_3,2020-01-20 12:53:00,2020-01-20 13:04:00,11,False Positive
6197,INV_6,2020-01-20 12:14:00,2020-01-20 13:01:00,47,False Positive
6198,INV_23,2020-01-20 12:26:00,2020-01-20 13:16:00,50,False Positive
6199,INV_19,2020-01-20 13:37:00,2020-01-20 14:56:00,79,False Positive
6200,INV_9,2020-01-20 13:29:00,2020-01-20 15:58:00,149,Fraud
6201,INV_13,2020-01-20 13:56:00,2020-01-20 14:21:00,25,False Positive
6202,INV_20,2020-01-20 13:16:00,2020-01-20 16:06:00,170,Fraud
6203,INV_13,2020-01-20 13:12:00,2020-01-20 13:49:00,37,Fraud
6204,INV_24,2020-01-20 12:25:00,2020-01-20 14:06:00,101,False Positive
6205,INV_10,2020-01-20 13:38:00,2020-01-20 15:39:00,121,Fraud
6206,INV_3,2020-01-20 13:25:00,2020-01-20 13:45:00,20,Fraud
6207,INV_19,2020-01-20 13:08:00,2020-01-20 14:18:00,70,Fraud
6208,INV_4,2020-01-20 14:49:00,2020-01-20 15:42:00,53,Fraud
6209,INV_21,2020-01-20 13:28:00,2020-01-20 15:59:00,151,False Positive
6210,INV_20,2020-01-20 13:06:00,2020-01-20 15:12:00,126,Fraud
6211,INV_1,2020-01-20 14:04:00,2020-01-20 16:03:00,119,Fraud
6212,INV_16,2020-01-20 13:25:00,2020-01-20 13:50:00,25,Fraud
6213,INV_20,2020-01-20 13:34:00,2020-01-20 14:35:00,61,False Positive
6214,INV_1,2020-01-20 14:34:00,2020-01-20 16:45:00,131,False Positive
6215,INV_5,2020-01-20 13:30:00,2020-01-20 15:17:00,107,Fraud
6216,INV_12,2020-01-20 15:21:00,2020-01-20 18:16:00,175,Fraud
6217,INV_11,2020-01-20 14:09:00,2020-01-20 16:57:00,168,False Positive
6218,INV_4,2020-01-20 14:22:00,2020-01-20 14:44:00,22,Fraud
6219,INV_24,2020-01-20 15:02:00,2020-01-20 15:17:00,15,Fraud
6220,INV_13,2020-01-20 14:17:00,2020-01-20 16:24:00,127,False Positive
6221,INV_5,2020-01-20 14:16:00,2020-01-20 15:11:00,55,False Positive
6222,INV_1,2020-01-20 14:13:00,2020-01-20 16:48:00,155,Fraud
6223,INV_3,2020-01-20 14:14:00,2020-01-20 14:44:00,30,Fraud
6224,INV_1,2020-01-20 15:49:00,2020-01-20 18:09:00,140,False Positive
6225,INV_12,2020-01-20 14:30:00,2020-01-20 16:20:00,110,Fraud
6226,INV_15,2020-01-20 15:18:00,2020-01-20 18:17:00,179,Fraud
6227,INV_8,2020-01-20 15:16:00,2020-01-20 17:50:00,154,False Positive
6228,INV_11,2020-01-20 16:13:00,2020-01-20 18:32:00,139,Fraud
6229,INV_12,2020-01-20 16:01:00,2020-01-20 16:57:00,56,Fraud
6230,INV_19,2020-01-20 16:56:00,2020-01-20 19:31:00,155,False Positive
6231,INV_24,2020-01-20 16:11:00,2020-01-20 16:23:00,12,False Positive
6232,INV_7,2020-01-20 17:45:00,2020-01-20 19:48:00,123,Fraud
6233,INV_24,2020-01-20 17:43:00,2020-01-20 20:18:00,155,Fraud
6234,INV_25,2020-01-20 17:53:00,2020-01-20 19:50:00,117,Fraud
6235,INV_22,2020-01-20 16:52:00,2020-01-20 17:40:00,48,False Positive
6236,INV_14,2020-01-20 16:18:00,2020-01-20 17:04:00,46,Fraud
6237,INV_8,2020-01-20 16:23:00,2020-01-20 16:34:00,11,Fraud
6238,INV_24,2020-01-20 18:12:00,2020-01-20 19:36:00,84,Fraud
6239,INV_6,2020-01-20 18:52:00,2020-01-20 19:50:00,58,Fraud
6240,INV_22,2020-01-20 17:16:00,2020-01-20 18:52:00,96,False Positive
6241,INV_17,2020-01-20 18:20:00,2020-01-20 20:31:00,131,Fraud
6242,INV_11,2020-01-20 17:29:00,2020-01-20 17:47:00,18,Fraud
6243,INV_3,2020-01-20 17:57:00,2020-01-20 18:17:00,20,Fraud
6244,INV_1,2020-01-20 18:08:00,2020-01-20 19:18:00,70,Fraud
6245,INV_1,2020-01-20 18:32:00,2020-01-20 19:41:00,69,Fraud
6246,INV_16,2020-01-20 17:34:00,2020-01-20 20:19:00,165,Fraud
6247,INV_9,2020-01-20 17:38:00,2020-01-20 20:08:00,150,Fraud
6248,INV_13,2020-01-20 19:10:00,2020-01-20 21:50:00,160,Fraud
6249,INV_8,2020-01-20 18:37:00,2020-01-20 20:39:00,122,Fraud
6250,INV_25,2020-01-20 18:42:00,2020-01-20 20:05:00,83,Fraud
6251,INV_22,2020-01-20 19:35:00,2020-01-20 20:22:00,47,False Positive
6252,INV_15,2020-01-20 19:03:00,2020-01-20 20:47:00,104,Fraud
6253,INV_5,2020-01-20 19:06:00,2020-01-20 19:38:00,32,False Positive
6254,INV_7,2020-01-20 19:59:00,2020-01-20 22:04:00,125,Fraud
6255,INV_14,2020-01-20 19:07:00,2020-01-20 20:58:00,111,False Positive
6256,INV_13,2020-01-20 19:37:00,2020-01-20 19:55:00,18,False Positive
6257,INV_24,2020-01-20 19:07:00,2020-01-20 21:07:00,120,False Positive
6258,INV_3,2020-01-20 19:13:00,2020-01-20 19:54:00,41,Fraud
6259,INV_6,2020-01-20 19:43:00,2020-01-20 20:52:00,69,Fraud
6260,INV_22,2020-01-20 19:52:00,2020-01-20 21:03:00,71,False Positive
6261,INV_6,2020-01-20 19:46:00,2020-01-20 22:31:00,165,Fraud
6262,INV_12,2020-01-20 20:50:00,2020-01-20 22:12:00,82,False Positive
6263,INV_11,2020-01-20 19:07:00,2020-01-20 20:41:00,94,False Positive
6264,INV_10,2020-01-20 20:02:00,2020-01-20 21:05:00,63,False Positive
6265,INV_12,2020-01-20 20:46:00,2020-01-20 22:00:00,74,Fraud
6266,INV_2,2020-01-20 19:38:00,2020-01-20 21:04:00,86,False Positive
6267,INV_15,2020-01-20 19:30:00,2020-01-20 20:03:00,33,False Positive
6268,INV_10,2020-01-20 19:23:00,2020-01-20 21:27:00,124,False Positive
6269,INV_22,2020-01-20 19:05:00,2020-01-20 21:39:00,154,Fraud
6270,INV_22,2020-01-20 20:24:00,2020-01-20 22:52:00,148,Fraud
6271,INV_2,2020-01-20 21:50:00,2020-01-20 23:42:00,112,Fraud
6272,INV_13,2020-01-20 21:25:00,2020-01-20 22:52:00,87,Fraud
6273,INV_2,2020-01-20 20:43:00,2020-01-20 22:19:00,96,Fraud
6274,INV_7,2020-01-20 20:58:00,2020-01-20 22:31:00,93,Fraud
6275,INV_2,2020-01-20 21:10:00,2020-01-20 23:35:00,145,False Positive
6276,INV_2,2020-01-20 21:34:00,2020-01-21 00:30:00,176,Fraud
6277,INV_7,2020-01-20 20:46:00,2020-01-20 22:35:00,109,Fraud
6278,INV_20,2020-01-20 22:41:00,2020-01-21 01:35:00,174,Fraud
6279,INV_7,2020-01-20 21:55:00,2020-01-21 00:15:00,140,Fraud
6280,INV_10,2020-01-20 21:08:00,2020-01-20 22:48:00,100,False Positive
6281,INV_19,2020-01-20 21:05:00,2020-01-20 22:47:00,102,Fraud
6282,INV_3,2020-01-20 22:46:00,2020-01-21 01:36:00,170,Fraud
6283,INV_16,2020-01-20 22:43:00,2020-01-21 01:35:00,172,Fraud
6284,INV_24,2020-01-20 21:57:00,2020-01-20 22:08:00,11,Fraud
6285,INV_4,2020-01-20 21:32:00,2020-01-20 22:17:00,45,Fraud
6286,INV_20,2020-01-20 21:47:00,2020-01-21 00:29:00,162,False Positive
6287,INV_14,2020-01-20 21:50:00,2020-01-20 22:29:00,39,Fraud
6288,INV_3,2020-01-20 23:34:00,2020-01-21 01:18:00,104,False Positive
6289,INV_5,2020-01-20 23:48:00,2020-01-21 00:30:00,42,Fraud
6290,INV_2,2020-01-20 22:46:00,2020-01-21 00:37:00,111,False Positive
6291,INV_12,2020-01-20 23:50:00,2020-01-21 00:29:00,39,Fraud
6292,INV_17,2020-01-20 23:31:00,2020-01-21 01:28:00,117,False Positive
6293,INV_18,2020-01-20 23:24:00,2020-01-21 01:55:00,151,Fraud
6294,INV_10,2020-01-20 23:12:00,2020-01-21 00:48:00,96,False Positive
6295,INV_5,2020-01-21 00:25:00,2020-01-21 01:07:00,42,False Positive
6296,INV_24,2020-01-20 23:46:00,2020-01-21 02:44:00,178,False Positive
6297,INV_13,2020-01-20 23:58:00,2020-01-21 00:32:00,34,Fraud
6298,INV_9,2020-01-21 00:07:00,2020-01-21 00:21:00,14,False Positive
6299,INV_2,2020-01-21 01:08:00,2020-01-21 02:07:00,59,Fraud
6300,INV_11,2020-01-21 00:19:00,2020-01-21 02:51:00,152,Fraud
6301,INV_20,2020-01-21 00:10:00,2020-01-21 00:47:00,37,False Positive
6302,INV_6,2020-01-21 00:57:00,2020-01-21 02:30:00,93,Fraud
6303,INV_6,2020-01-21 00:37:00,2020-01-21 03:14:00,157,False Positive
6304,INV_7,2020-01-21 02:01:00,2020-01-21 03:06:00,65,False Positive
6305,INV_6,2020-01-21 01:29:00,2020-01-21 03:29:00,120,False Positive
6306,INV_24,2020-01-21 02:07:00,2020-01-21 03:46:00,99,Fraud
6307,INV_10,2020-01-21 02:44:00,2020-01-21 04:26:00,102,Fraud
6308,INV_5,2020-01-21 02:38:00,2020-01-21 05:33:00,175,Fraud
6309,INV_12,2020-01-21 01:56:00,2020-01-21 02:08:00,12,Fraud
6310,INV_22,2020-01-21 02:55:00,2020-01-21 05:22:00,147,Fraud
6311,INV_2,2020-01-21 02:59:00,2020-01-21 04:03:00,64,False Positive
6312,INV_11,2020-01-21 01:45:00,2020-01-21 03:49:00,124,False Positive
6313,INV_11,2020-01-21 01:12:00,2020-01-21 03:41:00,149,Fraud
6314,INV_14,2020-01-21 01:11:00,2020-01-21 01:37:00,26,False Positive
6315,INV_6,2020-01-21 02:02:00,2020-01-21 03:07:00,65,Fraud
6316,INV_12,2020-01-21 01:12:00,2020-01-21 03:09:00,117,Fraud
6317,INV_6,2020-01-21 01:20:00,2020-01-21 03:45:00,145,Fraud
6318,INV_6,2020-01-21 02:29:00,2020-01-21 03:07:00,38,Fraud
6319,INV_18,2020-01-21 03:43:00,2020-01-21 06:38:00,175,False Positive
6320,INV_4,2020-01-21 02:21:00,2020-01-21 03:21:00,60,False Positive
6321,INV_5,2020-01-21 02:49:00,2020-01-21 05:29:00,160,Fraud
6322,INV_13,2020-01-21 03:27:00,2020-01-21 05:39:00,132,False Positive
6323,INV_15,2020-01-21 03:28:00,2020-01-21 04:08:00,40,False Positive
6324,INV_4,2020-01-21 02:56:00,2020-01-21 04:30:00,94,False Positive
6325,INV_7,2020-01-21 02:26:00,2020-01-21 04:35:00,129,False Positive
6326,INV_24,2020-01-21 03:50:00,2020-01-21 04:54:00,64,Fraud
6327,INV_9,2020-01-21 03:47:00,2020-01-21 05:47:00,120,Fraud
6328,INV_23,2020-01-21 03:03:00,2020-01-21 04:35:00,92,Fraud
6329,INV_21,2020-01-21 03:10:00,2020-01-21 03:44:00,34,Fraud
6330,INV_23,2020-01-21 03:18:00,2020-01-21 05:25:00,127,Fraud
6331,INV_22,2020-01-21 02:25:00,2020-01-21 04:30:00,125,False Positive
6332,INV_12,2020-01-21 03:21:00,2020-01-21 04:32:00,71,Fraud
6333,INV_22,2020-01-21 03:33:00,2020-01-21 06:16:00,163,False Positive
6334,INV_14,2020-01-21 03:21:00,2020-01-21 04:56:00,95,False Positive
6335,INV_17,2020-01-21 04:33:00,2020-01-21 07:29:00,176,Fraud
6336,INV_24,2020-01-21 04:21:00,2020-01-21 06:15:00,114,False Positive
6337,INV_18,2020-01-21 04:27:00,2020-01-21 07:13:00,166,Fraud
6338,INV_19,2020-01-21 03:29:00,2020-01-21 04:34:00,65,False Positive
6339,INV_18,2020-01-21 04:58:00,2020-01-21 06:33:00,95,False Positive
6340,INV_19,2020-01-21 03:15:00,2020-01-21 03:27:00,12,Fraud
6341,INV_5,2020-01-21 03:23:00,2020-01-21 04:38:00,75,False Positive
6342,INV_20,2020-01-21 04:29:00,2020-01-21 06:19:00,110,False Positive
6343,INV_23,2020-01-21 04:20:00,2020-01-21 05:19:00,59,Fraud
6344,INV_24,2020-01-21 05:44:00,2020-01-21 08:37:00,173,False Positive
6345,INV_7,2020-01-21 05:56:00,2020-01-21 07:19:00,83,False Positive
6346,INV_20,2020-01-21 05:11:00,2020-01-21 07:13:00,122,Fraud
6347,INV_24,2020-01-21 05:49:00,2020-01-21 06:40:00,51,Fraud
6348,INV_7,2020-01-21 06:15:00,2020-01-21 08:04:00,109,Fraud
6349,INV_10,2020-01-21 05:27:00,2020-01-21 05:40:00,13,False Positive
6350,INV_23,2020-01-21 05:19:00,2020-01-21 07:42:00,143,False Positive
6351,INV_2,2020-01-21 05:38:00,2020-01-21 06:20:00,42,False Positive
6352,INV_8,2020-01-21 05:10:00,2020-01-21 06:54:00,104,Fraud
6353,INV_14,2020-01-21 05:56:00,2020-01-21 06:51:00,55,Fraud
6354,INV_13,2020-01-21 05:33:00,2020-01-21 06:43:00,70,False Positive
6355,INV_18,2020-01-21 06:09:00,2020-01-21 09:08:00,179,Fraud
6356,INV_20,2020-01-21 06:44:00,2020-01-21 08:46:00,122,False Positive
6357,INV_18,2020-01-21 06:03:00,2020-01-21 06:28:00,25,False Positive
6358,INV_23,2020-01-21 05:30:00,2020-01-21 06:43:00,73,False Positive
6359,INV_12,2020-01-21 05:22:00,2020-01-21 06:36:00,74,False Positive
6360,INV_24,2020-01-21 07:02:00,2020-01-21 09:16:00,134,False Positive
6361,INV_9,2020-01-21 06:21:00,2020-01-21 08:39:00,138,False Positive
6362,INV_21,2020-01-21 06:43:00,2020-01-21 09:28:00,165,Fraud
6363,INV_24,2020-01-21 07:56:00,2020-01-21 08:51:00,55,False Positive
6364,INV_17,2020-01-21 06:52:00,2020-01-21 08:38:00,106,Fraud
6365,INV_13,2020-01-21 07:08:00,2020-01-21 08:52:00,104,Fraud
6366,INV_19,2020-01-21 06:58:00,2020-01-21 07:31:00,33,False Positive
6367,INV_19,2020-01-21 07:12:00,2020-01-21 08:08:00,56,Fraud
6368,INV_21,2020-01-21 07:19:00,2020-01-21 10:09:00,170,False Positive
6369,INV_6,2020-01-21 08:12:00,2020-01-21 09:38:00,86,False Positive
6370,INV_18,2020-01-21 07:07:00,2020-01-21 09:26:00,139,Fraud
6371,INV_17,2020-01-21 07:50:00,2020-01-21 09:11:00,81,Fraud
6372,INV_14,2020-01-21 07:20:00,2020-01-21 07:33:00,13,Fraud
6373,INV_4,2020-01-21 08:54:00,2020-01-21 11:12:00,138,Fraud
6374,INV_14,2020-01-21 07:55:00,2020-01-21 09:40:00,105,False Positive
6375,INV_3,2020-01-21 08:19:00,2020-01-21 10:01:00,102,Fraud
6376,INV_5,2020-01-21 07:34:00,2020-01-21 09:02:00,88,False Positive
6377,INV_22,2020-01-21 08:42:00,2020-01-21 11:35:00,173,False Positive
6378,INV_2,2020-01-21 08:34:00,2020-01-21 10:42:00,128,Fraud
6379,INV_12,2020-01-21 07:16:00,2020-01-21 10:15:00,179,Fraud
6380,INV_2,2020-01-21 08:55:00,2020-01-21 11:30:00,155,Fraud
6381,INV_11,2020-01-21 08:02:00,2020-01-21 09:05:00,63,False Positive
6382,INV_7,2020-01-21 09:18:00,2020-01-21 12:10:00,172,Fraud
6383,INV_6,2020-01-21 09:23:00,2020-01-21 09:50:00,27,Fraud
6384,INV_11,2020-01-21 08:45:00,2020-01-21 10:53:00,128,False Positive
6385,INV_14,2020-01-21 09:48:00,2020-01-21 12:00:00,132,False Positive
6386,INV_10,2020-01-21 09:25:00,2020-01-21 11:45:00,140,False Positive
6387,INV_25,2020-01-21 09:43:00,2020-01-21 12:17:00,154,False Positive
6388,INV_8,2020-01-21 08:44:00,2020-01-21 09:50:00,66,False Positive
6389,INV_15,2020-01-21 09:04:00,2020-01-21 09:14:00,10,Fraud
6390,INV_5,2020-01-21 10:45:00,2020-01-21 12:19:00,94,False Positive
6391,INV_24,2020-01-21 10:52:00,2020-01-21 12:48:00,116,Fraud
6392,INV_18,2020-01-21 10:44:00,2020-01-21 11:28:00,44,False Positive
6393,INV_25,2020-01-21 10:55:00,2020-01-21 12:52:00,117,False Positive
6394,INV_4,2020-01-21 09:38:00,2020-01-21 10:02:00,24,False Positive
6395,INV_4,2020-01-21 10:10:00,2020-01-21 11:20:00,70,False Positive
6396,INV_19,2020-01-21 10:21:00,2020-01-21 12:28:00,127,Fraud
6397,INV_9,2020-01-21 09:20:00,2020-01-21 12:10:00,170,Fraud
6398,INV_7,2020-01-21 10:33:00,2020-01-21 11:40:00,67,False Positive
6399,INV_3,2020-01-21 09:26:00,2020-01-21 11:02:00,96,False Positive
6400,INV_20,2020-01-21 10:41:00,2020-01-21 12:22:00,101,Fraud
6401,INV_13,2020-01-21 09:41:00,2020-01-21 11:23:00,102,Fraud
6402,INV_8,2020-01-21 09:07:00,2020-01-21 12:05:00,178,Fraud
6403,INV_15,2020-01-21 09:49:00,2020-01-21 10:07:00,18,False Positive
6404,INV_19,2020-01-21 10:29:00,2020-01-21 13:28:00,179,Fraud
6405,INV_11,2020-01-21 11:11:00,2020-01-21 13:54:00,163,False Positive
6406,INV_18,2020-01-21 11:07:00,2020-01-21 12:41:00,94,Fraud
6407,INV_4,2020-01-21 10:10:00,2020-01-21 12:02:00,112,False Positive
6408,INV_24,2020-01-21 11:57:00,2020-01-21 12:19:00,22,False Positive
6409,INV_14,2020-01-21 10:56:00,2020-01-21 11:23:00,27,False Positive
6410,INV_3,2020-01-21 11:07:00,2020-01-21 13:29:00,142,Fraud
6411,INV_22,2020-01-21 10:17:00,2020-01-21 11:44:00,87,Fraud
6412,INV_17,2020-01-21 10:28:00,2020-01-21 12:40:00,132,False Positive
6413,INV_19,2020-01-21 10:37:00,2020-01-21 12:47:00,130,Fraud
6414,INV_8,2020-01-21 12:04:00,2020-01-21 13:26:00,82,False Positive
6415,INV_13,2020-01-21 11:23:00,2020-01-21 13:17:00,114,Fraud
6416,INV_7,2020-01-21 12:37:00,2020-01-21 15:23:00,166,False Positive
6417,INV_17,2020-01-21 12:22:00,2020-01-21 13:23:00,61,Fraud
6418,INV_16,2020-01-21 11:33:00,2020-01-21 13:48:00,135,False Positive
6419,INV_6,2020-01-21 12:11:00,2020-01-21 15:10:00,179,Fraud
6420,INV_15,2020-01-21 11:20:00,2020-01-21 13:04:00,104,Fraud
6421,INV_1,2020-01-21 11:17:00,2020-01-21 13:08:00,111,Fraud
6422,INV_13,2020-01-21 11:18:00,2020-01-21 13:06:00,108,False Positive
6423,INV_1,2020-01-21 11:45:00,2020-01-21 12:58:00,73,Fraud
6424,INV_5,2020-01-21 12:40:00,2020-01-21 14:53:00,133,False Positive
6425,INV_7,2020-01-21 11:55:00,2020-01-21 13:57:00,122,Fraud
6426,INV_8,2020-01-21 13:08:00,2020-01-21 13:36:00,28,Fraud
6427,INV_10,2020-01-21 13:58:00,2020-01-21 14:52:00,54,Fraud
6428,INV_9,2020-01-21 13:11:00,2020-01-21 15:06:00,115,Fraud
6429,INV_16,2020-01-21 13:29:00,2020-01-21 14:25:00,56,False Positive
6430,INV_22,2020-01-21 13:37:00,2020-01-21 15:02:00,85,False Positive
6431,INV_24,2020-01-21 13:50:00,2020-01-21 14:55:00,65,False Positive
6432,INV_20,2020-01-21 14:05:00,2020-01-21 15:51:00,106,False Positive
6433,INV_23,2020-01-21 14:18:00,2020-01-21 16:15:00,117,Fraud
6434,INV_1,2020-01-21 13:43:00,2020-01-21 15:33:00,110,Fraud
6435,INV_6,2020-01-21 14:33:00,2020-01-21 14:48:00,15,False Positive
6436,INV_5,2020-01-21 13:31:00,2020-01-21 16:29:00,178,Fraud
6437,INV_23,2020-01-21 14:47:00,2020-01-21 15:17:00,30,False Positive
6438,INV_25,2020-01-21 14:27:00,2020-01-21 16:26:00,119,Fraud
6439,INV_25,2020-01-21 13:31:00,2020-01-21 14:36:00,65,False Positive
6440,INV_22,2020-01-21 14:49:00,2020-01-21 15:49:00,60,False Positive
6441,INV_17,2020-01-21 14:08:00,2020-01-21 16:26:00,138,False Positive
6442,INV_9,2020-01-21 15:42:00,2020-01-21 17:41:00,119,Fraud
6443,INV_21,2020-01-21 14:43:00,2020-01-21 17:00:00,137,False Positive
6444,INV_9,2020-01-21 14:45:00,2020-01-21 16:33:00,108,False Positive
6445,INV_17,2020-01-21 15:58:00,2020-01-21 17:28:00,90,Fraud
6446,INV_10,2020-01-21 14:46:00,2020-01-21 15:56:00,70,False Positive
6447,INV_5,2020-01-21 14:49:00,2020-01-21 16:51:00,122,Fraud
6448,INV_21,2020-01-21 16:36:00,2020-01-21 18:11:00,95,Fraud
6449,INV_9,2020-01-21 16:45:00,2020-01-21 17:32:00,47,False Positive
6450,INV_18,2020-01-21 16:26:00,2020-01-21 16:36:00,10,Fraud
6451,INV_9,2020-01-21 15:21:00,2020-01-21 16:10:00,49,False Positive
6452,INV_7,2020-01-21 15:14:00,2020-01-21 17:46:00,152,Fraud
6453,INV_12,2020-01-21 15:51:00,2020-01-21 17:20:00,89,False Positive
6454,INV_17,2020-01-21 15:22:00,2020-01-21 17:47:00,145,False Positive
6455,INV_15,2020-01-21 15:40:00,2020-01-21 17:37:00,117,False Positive
6456,INV_5,2020-01-21 15:57:00,2020-01-21 17:31:00,94,False Positive
6457,INV_14,2020-01-21 15:53:00,2020-01-21 17:24:00,91,Fraud
6458,INV_11,2020-01-21 15:43:00,2020-01-21 16:59:00,76,Fraud
6459,INV_2,2020-01-21 16:36:00,2020-01-21 17:16:00,40,Fraud
6460,INV_3,2020-01-21 16:26:00,2020-01-21 19:11:00,165,False Positive
6461,INV_21,2020-01-21 15:49:00,2020-01-21 17:15:00,86,Fraud
6462,INV_13,2020-01-21 15:24:00,2020-01-21 17:13:00,109,Fraud
6463,INV_12,2020-01-21 15:20:00,2020-01-21 15:55:00,35,False Positive
6464,INV_17,2020-01-21 17:51:00,2020-01-21 18:58:00,67,Fraud
6465,INV_23,2020-01-21 17:32:00,2020-01-21 19:24:00,112,False Positive
6466,INV_11,2020-01-21 17:19:00,2020-01-21 17:52:00,33,False Positive
6467,INV_18,2020-01-21 16:07:00,2020-01-21 18:43:00,156,False Positive
6468,INV_11,2020-01-21 17:46:00,2020-01-21 19:40:00,114,Fraud
6469,INV_8,2020-01-21 16:57:00,2020-01-21 17:47:00,50,False Positive
6470,INV_19,2020-01-21 18:33:00,2020-01-21 20:21:00,108,False Positive
6471,INV_7,2020-01-21 17:59:00,2020-01-21 20:10:00,131,False Positive
6472,INV_11,2020-01-21 18:25:00,2020-01-21 19:56:00,91,False Positive
6473,INV_24,2020-01-21 17:38:00,2020-01-21 18:34:00,56,Fraud
6474,INV_21,2020-01-21 17:30:00,2020-01-21 18:42:00,72,Fraud
6475,INV_11,2020-01-21 18:44:00,2020-01-21 19:17:00,33,Fraud
6476,INV_6,2020-01-21 18:27:00,2020-01-21 21:00:00,153,False Positive
6477,INV_3,2020-01-21 17:25:00,2020-01-21 17:48:00,23,Fraud
6478,INV_5,2020-01-21 17:06:00,2020-01-21 19:35:00,149,False Positive
6479,INV_6,2020-01-21 17:28:00,2020-01-21 18:48:00,80,False Positive
6480,INV_21,2020-01-21 17:53:00,2020-01-21 18:13:00,20,Fraud
6481,INV_22,2020-01-21 18:05:00,2020-01-21 18:35:00,30,Fraud
6482,INV_7,2020-01-21 18:11:00,2020-01-21 19:42:00,91,Fraud
6483,INV_5,2020-01-21 18:22:00,2020-01-21 21:10:00,168,Fraud
6484,INV_5,2020-01-21 17:18:00,2020-01-21 17:47:00,29,False Positive
6485,INV_3,2020-01-21 17:56:00,2020-01-21 19:55:00,119,Fraud
6486,INV_10,2020-01-21 17:43:00,2020-01-21 18:11:00,28,Fraud
6487,INV_25,2020-01-21 18:45:00,2020-01-21 21:21:00,156,False Positive
6488,INV_2,2020-01-21 17:34:00,2020-01-21 18:35:00,61,Fraud
6489,INV_2,2020-01-21 18:03:00,2020-01-21 18:33:00,30,Fraud
6490,INV_25,2020-01-21 19:08:00,2020-01-21 19:46:00,38,Fraud
6491,INV_9,2020-01-21 18:41:00,2020-01-21 20:02:00,81,False Positive
6492,INV_18,2020-01-21 19:27:00,2020-01-21 20:15:00,48,Fraud
6493,INV_17,2020-01-21 19:07:00,2020-01-21 20:04:00,57,False Positive
6494,INV_19,2020-01-21 19:21:00,2020-01-21 21:26:00,125,False Positive
6495,INV_16,2020-01-21 19:24:00,2020-01-21 22:13:00,169,Fraud
6496,INV_22,2020-01-21 18:44:00,2020-01-21 20:08:00,84,False Positive
6497,INV_21,2020-01-21 19:53:00,2020-01-21 22:28:00,155,Fraud
6498,INV_12,2020-01-21 18:25:00,2020-01-21 20:20:00,115,Fraud
6499,INV_9,2020-01-21 18:19:00,2020-01-21 20:08:00,109,False Positive
6500,INV_4,2020-01-21 19:19:00,2020-01-21 21:43:00,144,Fraud
6501,INV_12,2020-01-21 19:58:00,2020-01-21 21:19:00,81,False Positive
6502,INV_2,2020-01-21 19:50:00,2020-01-21 21:14:00,84,Fraud
6503,INV_21,2020-01-21 19:11:00,2020-01-21 20:01:00,50,Fraud
6504,INV_10,2020-01-21 20:30:00,2020-01-21 22:08:00,98,False Positive
6505,INV_20,2020-01-21 20:37:00,2020-01-21 22:16:00,99,Fraud
6506,INV_6,2020-01-21 19:15:00,2020-01-21 19:48:00,33,Fraud
6507,INV_11,2020-01-21 20:38:00,2020-01-21 21:36:00,58,False Positive
6508,INV_16,2020-01-21 19:14:00,2020-01-21 20:50:00,96,Fraud
6509,INV_3,2020-01-21 20:43:00,2020-01-21 23:19:00,156,Fraud
6510,INV_4,2020-01-21 20:32:00,2020-01-21 22:51:00,139,Fraud
6511,INV_18,2020-01-21 19:17:00,2020-01-21 20:34:00,77,Fraud
6512,INV_13,2020-01-21 21:18:00,2020-01-21 22:54:00,96,Fraud
6513,INV_18,2020-01-21 20:41:00,2020-01-21 21:59:00,78,Fraud
6514,INV_17,2020-01-21 20:24:00,2020-01-21 22:04:00,100,False Positive
6515,INV_17,2020-01-21 21:33:00,2020-01-21 23:16:00,103,Fraud
6516,INV_19,2020-01-21 22:44:00,2020-01-22 01:12:00,148,False Positive
6517,INV_24,2020-01-21 22:51:00,2020-01-21 23:05:00,14,Fraud
6518,INV_20,2020-01-21 22:33:00,2020-01-21 23:10:00,37,Fraud
6519,INV_17,2020-01-21 22:40:00,2020-01-22 01:23:00,163,False Positive
6520,INV_5,2020-01-21 21:51:00,2020-01-22 00:47:00,176,Fraud
6521,INV_20,2020-01-21 22:45:00,2020-01-21 23:06:00,21,False Positive
6522,INV_22,2020-01-21 22:59:00,2020-01-22 01:36:00,157,False Positive
6523,INV_14,2020-01-21 21:28:00,2020-01-21 23:01:00,93,Fraud
6524,INV_13,2020-01-21 22:28:00,2020-01-22 00:54:00,146,Fraud
6525,INV_12,2020-01-21 21:22:00,2020-01-21 22:51:00,89,Fraud
6526,INV_4,2020-01-21 21:37:00,2020-01-21 22:33:00,56,False Positive
6527,INV_16,2020-01-21 21:59:00,2020-01-21 23:29:00,90,False Positive
6528,INV_1,2020-01-21 22:20:00,2020-01-22 00:13:00,113,False Positive
6529,INV_15,2020-01-21 21:17:00,2020-01-21 23:41:00,144,Fraud
6530,INV_19,2020-01-21 21:25:00,2020-01-21 22:37:00,72,Fraud
6531,INV_16,2020-01-21 22:51:00,2020-01-22 00:21:00,90,False Positive
6532,INV_11,2020-01-21 22:35:00,2020-01-22 00:10:00,95,False Positive
6533,INV_7,2020-01-21 21:21:00,2020-01-21 23:20:00,119,Fraud
6534,INV_16,2020-01-21 22:26:00,2020-01-21 23:17:00,51,Fraud
6535,INV_22,2020-01-21 22:10:00,2020-01-21 23:17:00,67,False Positive
6536,INV_12,2020-01-21 21:08:00,2020-01-21 23:26:00,138,False Positive
6537,INV_4,2020-01-21 22:07:00,2020-01-21 23:15:00,68,Fraud
6538,INV_15,2020-01-21 22:14:00,2020-01-21 23:47:00,93,False Positive
6539,INV_23,2020-01-21 21:35:00,2020-01-21 22:37:00,62,Fraud
6540,INV_9,2020-01-21 21:15:00,2020-01-21 22:40:00,85,Fraud
6541,INV_25,2020-01-21 22:17:00,2020-01-21 22:31:00,14,Fraud
6542,INV_6,2020-01-21 21:45:00,2020-01-21 22:19:00,34,False Positive
6543,INV_14,2020-01-21 22:49:00,2020-01-22 01:08:00,139,Fraud
6544,INV_6,2020-01-21 23:48:00,2020-01-22 00:05:00,17,Fraud
6545,INV_20,2020-01-21 22:20:00,2020-01-22 00:55:00,155,Fraud
6546,INV_10,2020-01-21 22:39:00,2020-01-22 00:16:00,97,Fraud
6547,INV_20,2020-01-21 23:31:00,2020-01-22 00:39:00,68,Fraud
6548,INV_1,2020-01-21 23:42:00,2020-01-22 00:26:00,44,Fraud
6549,INV_23,2020-01-21 23:47:00,2020-01-22 02:26:00,159,False Positive
6550,INV_18,2020-01-21 22:52:00,2020-01-21 23:41:00,49,False Positive
6551,INV_11,2020-01-21 22:47:00,2020-01-22 00:54:00,127,Fraud
6552,INV_18,2020-01-21 23:59:00,2020-01-22 01:12:00,73,False Positive
6553,INV_2,2020-01-21 22:19:00,2020-01-21 22:52:00,33,False Positive
6554,INV_8,2020-01-21 23:44:00,2020-01-22 02:09:00,145,False Positive
6555,INV_19,2020-01-21 22:29:00,2020-01-22 01:22:00,173,False Positive
6556,INV_25,2020-01-22 00:59:00,2020-01-22 02:57:00,118,Fraud
6557,INV_14,2020-01-22 00:42:00,2020-01-22 00:53:00,11,False Positive
6558,INV_8,2020-01-21 23:52:00,2020-01-22 01:31:00,99,Fraud
6559,INV_24,2020-01-21 23:59:00,2020-01-22 00:37:00,38,Fraud
6560,INV_7,2020-01-22 00:43:00,2020-01-22 00:58:00,15,Fraud
6561,INV_22,2020-01-22 00:25:00,2020-01-22 00:43:00,18,False Positive
6562,INV_14,2020-01-22 00:22:00,2020-01-22 02:17:00,115,Fraud
6563,INV_15,2020-01-22 00:48:00,2020-01-22 02:00:00,72,Fraud
6564,INV_21,2020-01-21 23:52:00,2020-01-22 02:42:00,170,Fraud
6565,INV_10,2020-01-22 00:07:00,2020-01-22 00:34:00,27,False Positive
6566,INV_1,2020-01-22 01:29:00,2020-01-22 02:04:00,35,Fraud
6567,INV_16,2020-01-22 00:33:00,2020-01-22 00:52:00,19,False Positive
6568,INV_11,2020-01-22 01:50:00,2020-01-22 02:24:00,34,Fraud
6569,INV_20,2020-01-22 00:17:00,2020-01-22 00:40:00,23,Fraud
6570,INV_2,2020-01-22 01:52:00,2020-01-22 04:15:00,143,Fraud
6571,INV_1,2020-01-22 01:29:00,2020-01-22 03:00:00,91,Fraud
6572,INV_23,2020-01-22 00:38:00,2020-01-22 03:19:00,161,Fraud
6573,INV_11,2020-01-22 01:15:00,2020-01-22 03:16:00,121,False Positive
6574,INV_22,2020-01-22 01:47:00,2020-01-22 03:09:00,82,Fraud
6575,INV_1,2020-01-22 00:31:00,2020-01-22 03:14:00,163,Fraud
6576,INV_1,2020-01-22 02:57:00,2020-01-22 04:42:00,105,False Positive
6577,INV_13,2020-01-22 01:21:00,2020-01-22 04:13:00,172,Fraud
6578,INV_14,2020-01-22 02:40:00,2020-01-22 05:04:00,144,False Positive
6579,INV_10,2020-01-22 02:28:00,2020-01-22 05:13:00,165,False Positive
6580,INV_8,2020-01-22 02:52:00,2020-01-22 03:36:00,44,Fraud
6581,INV_7,2020-01-22 02:57:00,2020-01-22 04:56:00,119,False Positive
6582,INV_16,2020-01-22 02:53:00,2020-01-22 03:17:00,24,Fraud
6583,INV_19,2020-01-22 01:38:00,2020-01-22 03:57:00,139,Fraud
6584,INV_12,2020-01-22 02:13:00,2020-01-22 04:59:00,166,Fraud
6585,INV_14,2020-01-22 02:05:00,2020-01-22 04:02:00,117,False Positive
6586,INV_14,2020-01-22 03:33:00,2020-01-22 06:11:00,158,Fraud
6587,INV_16,2020-01-22 03:47:00,2020-01-22 05:54:00,127,False Positive
6588,INV_23,2020-01-22 03:28:00,2020-01-22 05:03:00,95,Fraud
6589,INV_16,2020-01-22 02:44:00,2020-01-22 05:11:00,147,False Positive
6590,INV_1,2020-01-22 03:22:00,2020-01-22 04:58:00,96,False Positive
6591,INV_9,2020-01-22 02:57:00,2020-01-22 05:24:00,147,False Positive
6592,INV_25,2020-01-22 03:57:00,2020-01-22 05:47:00,110,Fraud
6593,INV_8,2020-01-22 03:57:00,2020-01-22 04:29:00,32,False Positive
6594,INV_5,2020-01-22 04:07:00,2020-01-22 07:05:00,178,False Positive
6595,INV_12,2020-01-22 03:18:00,2020-01-22 06:00:00,162,Fraud
6596,INV_6,2020-01-22 04:16:00,2020-01-22 05:14:00,58,Fraud
6597,INV_14,2020-01-22 03:25:00,2020-01-22 05:17:00,112,Fraud
6598,INV_5,2020-01-22 04:15:00,2020-01-22 06:25:00,130,Fraud
6599,INV_15,2020-01-22 04:27:00,2020-01-22 06:55:00,148,False Positive
6600,INV_5,2020-01-22 04:44:00,2020-01-22 06:17:00,93,False Positive
6601,INV_17,2020-01-22 04:20:00,2020-01-22 04:46:00,26,False Positive
6602,INV_18,2020-01-22 04:35:00,2020-01-22 07:34:00,179,False Positive
6603,INV_22,2020-01-22 03:39:00,2020-01-22 04:54:00,75,Fraud
6604,INV_18,2020-01-22 03:58:00,2020-01-22 05:29:00,91,Fraud
6605,INV_19,2020-01-22 04:35:00,2020-01-22 06:26:00,111,False Positive
6606,INV_16,2020-01-22 04:22:00,2020-01-22 07:11:00,169,Fraud
6607,INV_3,2020-01-22 05:28:00,2020-01-22 07:59:00,151,False Positive
6608,INV_19,2020-01-22 04:26:00,2020-01-22 05:57:00,91,Fraud
6609,INV_6,2020-01-22 04:43:00,2020-01-22 05:58:00,75,Fraud
6610,INV_4,2020-01-22 05:47:00,2020-01-22 07:06:00,79,False Positive
6611,INV_13,2020-01-22 04:40:00,2020-01-22 06:56:00,136,Fraud
6612,INV_11,2020-01-22 05:21:00,2020-01-22 07:24:00,123,Fraud
6613,INV_20,2020-01-22 05:57:00,2020-01-22 06:57:00,60,Fraud
6614,INV_7,2020-01-22 06:03:00,2020-01-22 08:28:00,145,Fraud
6615,INV_22,2020-01-22 05:41:00,2020-01-22 06:17:00,36,False Positive
6616,INV_1,2020-01-22 06:38:00,2020-01-22 07:35:00,57,Fraud
6617,INV_10,2020-01-22 06:50:00,2020-01-22 07:47:00,57,False Positive
6618,INV_19,2020-01-22 06:53:00,2020-01-22 07:11:00,18,Fraud
6619,INV_11,2020-01-22 05:23:00,2020-01-22 06:40:00,77,Fraud
6620,INV_1,2020-01-22 06:17:00,2020-01-22 09:10:00,173,Fraud
6621,INV_12,2020-01-22 06:46:00,2020-01-22 09:09:00,143,False Positive
6622,INV_9,2020-01-22 05:55:00,2020-01-22 06:09:00,14,Fraud
6623,INV_23,2020-01-22 06:39:00,2020-01-22 07:01:00,22,Fraud
6624,INV_6,2020-01-22 05:36:00,2020-01-22 06:30:00,54,Fraud
6625,INV_20,2020-01-22 06:05:00,2020-01-22 08:08:00,123,Fraud
6626,INV_10,2020-01-22 06:33:00,2020-01-22 07:56:00,83,Fraud
6627,INV_17,2020-01-22 07:47:00,2020-01-22 09:04:00,77,False Positive
6628,INV_4,2020-01-22 06:09:00,2020-01-22 08:12:00,123,False Positive
6629,INV_9,2020-01-22 07:43:00,2020-01-22 10:40:00,177,Fraud
6630,INV_18,2020-01-22 06:31:00,2020-01-22 06:50:00,19,False Positive
6631,INV_8,2020-01-22 06:30:00,2020-01-22 07:26:00,56,Fraud
6632,INV_19,2020-01-22 07:53:00,2020-01-22 09:12:00,79,Fraud
6633,INV_21,2020-01-22 06:59:00,2020-01-22 07:38:00,39,Fraud
6634,INV_22,2020-01-22 06:16:00,2020-01-22 08:45:00,149,False Positive
6635,INV_6,2020-01-22 07:56:00,2020-01-22 09:19:00,83,Fraud
6636,INV_6,2020-01-22 07:56:00,2020-01-22 09:56:00,120,Fraud
6637,INV_16,2020-01-22 07:18:00,2020-01-22 08:39:00,81,Fraud
6638,INV_22,2020-01-22 08:26:00,2020-01-22 09:25:00,59,False Positive
6639,INV_21,2020-01-22 08:33:00,2020-01-22 09:16:00,43,Fraud
6640,INV_18,2020-01-22 08:58:00,2020-01-22 11:19:00,141,False Positive
6641,INV_2,2020-01-22 07:26:00,2020-01-22 09:26:00,120,False Positive
6642,INV_12,2020-01-22 08:12:00,2020-01-22 09:29:00,77,Fraud
6643,INV_15,2020-01-22 09:18:00,2020-01-22 10:21:00,63,False Positive
6644,INV_21,2020-01-22 09:12:00,2020-01-22 09:52:00,40,Fraud
6645,INV_12,2020-01-22 08:47:00,2020-01-22 10:39:00,112,False Positive
6646,INV_13,2020-01-22 09:52:00,2020-01-22 10:47:00,55,False Positive
6647,INV_22,2020-01-22 09:24:00,2020-01-22 10:06:00,42,False Positive
6648,INV_17,2020-01-22 08:18:00,2020-01-22 11:13:00,175,Fraud
6649,INV_9,2020-01-22 08:53:00,2020-01-22 09:55:00,62,Fraud
6650,INV_14,2020-01-22 08:17:00,2020-01-22 11:00:00,163,Fraud
6651,INV_6,2020-01-22 09:14:00,2020-01-22 10:42:00,88,False Positive
6652,INV_8,2020-01-22 09:58:00,2020-01-22 12:26:00,148,False Positive
6653,INV_5,2020-01-22 08:07:00,2020-01-22 08:27:00,20,Fraud
6654,INV_1,2020-01-22 09:59:00,2020-01-22 11:12:00,73,Fraud
6655,INV_8,2020-01-22 09:30:00,2020-01-22 11:39:00,129,Fraud
6656,INV_10,2020-01-22 10:04:00,2020-01-22 10:24:00,20,Fraud
6657,INV_12,2020-01-22 10:23:00,2020-01-22 12:03:00,100,False Positive
6658,INV_18,2020-01-22 09:09:00,2020-01-22 09:41:00,32,Fraud
6659,INV_15,2020-01-22 10:05:00,2020-01-22 10:41:00,36,False Positive
6660,INV_6,2020-01-22 10:05:00,2020-01-22 11:56:00,111,False Positive
6661,INV_9,2020-01-22 09:53:00,2020-01-22 11:00:00,67,Fraud
6662,INV_25,2020-01-22 10:23:00,2020-01-22 12:27:00,124,False Positive
6663,INV_20,2020-01-22 10:24:00,2020-01-22 12:41:00,137,False Positive
6664,INV_15,2020-01-22 11:04:00,2020-01-22 13:51:00,167,Fraud
6665,INV_5,2020-01-22 11:02:00,2020-01-22 12:49:00,107,Fraud
6666,INV_22,2020-01-22 11:30:00,2020-01-22 12:32:00,62,Fraud
6667,INV_10,2020-01-22 11:16:00,2020-01-22 13:48:00,152,Fraud
6668,INV_10,2020-01-22 10:14:00,2020-01-22 11:23:00,69,Fraud
6669,INV_21,2020-01-22 11:31:00,2020-01-22 13:28:00,117,False Positive
6670,INV_5,2020-01-22 11:24:00,2020-01-22 13:32:00,128,False Positive
6671,INV_11,2020-01-22 11:41:00,2020-01-22 12:23:00,42,Fraud
6672,INV_2,2020-01-22 10:46:00,2020-01-22 13:14:00,148,Fraud
6673,INV_19,2020-01-22 10:11:00,2020-01-22 12:52:00,161,Fraud
6674,INV_3,2020-01-22 10:50:00,2020-01-22 12:09:00,79,False Positive
6675,INV_25,2020-01-22 11:38:00,2020-01-22 12:04:00,26,False Positive
6676,INV_8,2020-01-22 11:20:00,2020-01-22 11:40:00,20,False Positive
6677,INV_23,2020-01-22 11:41:00,2020-01-22 12:14:00,33,Fraud
6678,INV_4,2020-01-22 12:36:00,2020-01-22 15:07:00,151,False Positive
6679,INV_11,2020-01-22 11:37:00,2020-01-22 13:02:00,85,False Positive
6680,INV_25,2020-01-22 12:21:00,2020-01-22 12:40:00,19,Fraud
6681,INV_2,2020-01-22 11:38:00,2020-01-22 14:15:00,157,Fraud
6682,INV_25,2020-01-22 12:55:00,2020-01-22 14:29:00,94,False Positive
6683,INV_7,2020-01-22 11:05:00,2020-01-22 12:10:00,65,Fraud
6684,INV_11,2020-01-22 13:39:00,2020-01-22 15:39:00,120,Fraud
6685,INV_7,2020-01-22 13:27:00,2020-01-22 16:08:00,161,Fraud
6686,INV_23,2020-01-22 12:13:00,2020-01-22 13:21:00,68,Fraud
6687,INV_21,2020-01-22 12:55:00,2020-01-22 15:07:00,132,Fraud
6688,INV_16,2020-01-22 13:12:00,2020-01-22 15:10:00,118,False Positive
6689,INV_7,2020-01-22 13:16:00,2020-01-22 14:28:00,72,False Positive
6690,INV_21,2020-01-22 13:30:00,2020-01-22 16:27:00,177,Fraud
6691,INV_7,2020-01-22 13:36:00,2020-01-22 16:25:00,169,False Positive
6692,INV_14,2020-01-22 12:46:00,2020-01-22 13:59:00,73,False Positive
6693,INV_12,2020-01-22 12:30:00,2020-01-22 15:16:00,166,Fraud
6694,INV_13,2020-01-22 12:53:00,2020-01-22 14:57:00,124,Fraud
6695,INV_2,2020-01-22 13:04:00,2020-01-22 14:28:00,84,Fraud
6696,INV_6,2020-01-22 12:43:00,2020-01-22 14:38:00,115,Fraud
6697,INV_11,2020-01-22 13:16:00,2020-01-22 13:45:00,29,False Positive
6698,INV_2,2020-01-22 14:42:00,2020-01-22 15:39:00,57,Fraud
6699,INV_5,2020-01-22 13:36:00,2020-01-22 16:02:00,146,False Positive
6700,INV_24,2020-01-22 14:42:00,2020-01-22 16:31:00,109,Fraud
6701,INV_1,2020-01-22 14:11:00,2020-01-22 15:06:00,55,Fraud
6702,INV_13,2020-01-22 14:44:00,2020-01-22 15:47:00,63,Fraud
6703,INV_22,2020-01-22 14:11:00,2020-01-22 16:44:00,153,False Positive
6704,INV_24,2020-01-22 15:04:00,2020-01-22 17:35:00,151,False Positive
6705,INV_12,2020-01-22 14:28:00,2020-01-22 15:01:00,33,Fraud
6706,INV_2,2020-01-22 14:10:00,2020-01-22 15:35:00,85,Fraud
6707,INV_8,2020-01-22 14:08:00,2020-01-22 16:37:00,149,False Positive
6708,INV_1,2020-01-22 14:32:00,2020-01-22 15:33:00,61,False Positive
6709,INV_12,2020-01-22 14:06:00,2020-01-22 14:37:00,31,False Positive
6710,INV_9,2020-01-22 15:57:00,2020-01-22 17:15:00,78,Fraud
6711,INV_15,2020-01-22 15:12:00,2020-01-22 15:36:00,24,Fraud
6712,INV_9,2020-01-22 16:04:00,2020-01-22 17:06:00,62,False Positive
6713,INV_7,2020-01-22 15:39:00,2020-01-22 16:21:00,42,Fraud
6714,INV_17,2020-01-22 15:22:00,2020-01-22 16:28:00,66,Fraud
6715,INV_23,2020-01-22 15:24:00,2020-01-22 15:54:00,30,False Positive
6716,INV_21,2020-01-22 16:56:00,2020-01-22 17:54:00,58,Fraud
6717,INV_11,2020-01-22 15:28:00,2020-01-22 15:41:00,13,False Positive
6718,INV_20,2020-01-22 15:57:00,2020-01-22 16:59:00,62,Fraud
6719,INV_24,2020-01-22 15:44:00,2020-01-22 16:23:00,39,False Positive
6720,INV_16,2020-01-22 15:36:00,2020-01-22 16:29:00,53,Fraud
6721,INV_8,2020-01-22 16:19:00,2020-01-22 17:27:00,68,False Positive
6722,INV_3,2020-01-22 16:13:00,2020-01-22 16:57:00,44,False Positive
6723,INV_23,2020-01-22 16:38:00,2020-01-22 17:31:00,53,Fraud
6724,INV_6,2020-01-22 17:22:00,2020-01-22 19:08:00,106,Fraud
6725,INV_19,2020-01-22 16:30:00,2020-01-22 19:12:00,162,Fraud
6726,INV_2,2020-01-22 16:40:00,2020-01-22 18:44:00,124,Fraud
6727,INV_8,2020-01-22 16:57:00,2020-01-22 18:25:00,88,False Positive
6728,INV_9,2020-01-22 17:08:00,2020-01-22 18:32:00,84,False Positive
6729,INV_24,2020-01-22 17:33:00,2020-01-22 19:19:00,106,Fraud
6730,INV_21,2020-01-22 17:00:00,2020-01-22 19:56:00,176,Fraud
6731,INV_21,2020-01-22 17:46:00,2020-01-22 20:06:00,140,False Positive
6732,INV_11,2020-01-22 17:11:00,2020-01-22 19:56:00,165,Fraud
6733,INV_18,2020-01-22 16:29:00,2020-01-22 16:51:00,22,Fraud
6734,INV_8,2020-01-22 17:06:00,2020-01-22 18:35:00,89,Fraud
6735,INV_4,2020-01-22 17:12:00,2020-01-22 18:59:00,107,Fraud
6736,INV_7,2020-01-22 17:39:00,2020-01-22 20:29:00,170,False Positive
6737,INV_11,2020-01-22 18:09:00,2020-01-22 20:33:00,144,False Positive
6738,INV_24,2020-01-22 18:59:00,2020-01-22 20:03:00,64,Fraud
6739,INV_19,2020-01-22 18:16:00,2020-01-22 21:07:00,171,Fraud
6740,INV_20,2020-01-22 18:10:00,2020-01-22 19:28:00,78,Fraud
6741,INV_10,2020-01-22 17:43:00,2020-01-22 17:56:00,13,False Positive
6742,INV_20,2020-01-22 18:24:00,2020-01-22 20:52:00,148,Fraud
6743,INV_9,2020-01-22 17:05:00,2020-01-22 18:56:00,111,Fraud
6744,INV_21,2020-01-22 18:01:00,2020-01-22 19:39:00,98,Fraud
6745,INV_11,2020-01-22 17:25:00,2020-01-22 20:02:00,157,False Positive
6746,INV_14,2020-01-22 17:44:00,2020-01-22 18:28:00,44,Fraud
6747,INV_25,2020-01-22 18:39:00,2020-01-22 21:34:00,175,Fraud
6748,INV_16,2020-01-22 17:31:00,2020-01-22 19:56:00,145,False Positive
6749,INV_12,2020-01-22 18:20:00,2020-01-22 20:41:00,141,False Positive
6750,INV_20,2020-01-22 19:15:00,2020-01-22 20:03:00,48,Fraud
6751,INV_4,2020-01-22 19:15:00,2020-01-22 21:08:00,113,Fraud
6752,INV_3,2020-01-22 18:11:00,2020-01-22 19:25:00,74,Fraud
6753,INV_5,2020-01-22 18:57:00,2020-01-22 20:52:00,115,False Positive
6754,INV_5,2020-01-22 18:21:00,2020-01-22 21:20:00,179,False Positive
6755,INV_20,2020-01-22 19:32:00,2020-01-22 20:32:00,60,False Positive
6756,INV_13,2020-01-22 19:26:00,2020-01-22 21:03:00,97,Fraud
6757,INV_10,2020-01-22 19:58:00,2020-01-22 22:26:00,148,False Positive
6758,INV_24,2020-01-22 18:52:00,2020-01-22 20:16:00,84,False Positive
6759,INV_17,2020-01-22 18:18:00,2020-01-22 19:03:00,45,Fraud
6760,INV_2,2020-01-22 18:08:00,2020-01-22 19:15:00,67,Fraud
6761,INV_13,2020-01-22 19:43:00,2020-01-22 21:00:00,77,False Positive
6762,INV_8,2020-01-22 18:18:00,2020-01-22 20:34:00,136,Fraud
6763,INV_15,2020-01-22 18:53:00,2020-01-22 19:25:00,32,Fraud
6764,INV_18,2020-01-22 19:39:00,2020-01-22 21:10:00,91,Fraud
6765,INV_24,2020-01-22 19:51:00,2020-01-22 20:59:00,68,False Positive
6766,INV_1,2020-01-22 20:21:00,2020-01-22 21:46:00,85,Fraud
6767,INV_16,2020-01-22 20:54:00,2020-01-22 22:06:00,72,False Positive
6768,INV_7,2020-01-22 20:32:00,2020-01-22 22:14:00,102,Fraud
6769,INV_9,2020-01-22 19:35:00,2020-01-22 22:11:00,156,Fraud
6770,INV_13,2020-01-22 19:59:00,2020-01-22 22:49:00,170,Fraud
6771,INV_4,2020-01-22 19:47:00,2020-01-22 21:54:00,127,Fraud
6772,INV_21,2020-01-22 20:12:00,2020-01-22 21:01:00,49,False Positive
6773,INV_4,2020-01-22 20:55:00,2020-01-22 21:46:00,51,Fraud
6774,INV_8,2020-01-22 20:35:00,2020-01-22 21:53:00,78,False Positive
6775,INV_12,2020-01-22 20:04:00,2020-01-22 21:59:00,115,Fraud
6776,INV_10,2020-01-22 20:26:00,2020-01-22 21:27:00,61,False Positive
6777,INV_4,2020-01-22 19:23:00,2020-01-22 21:39:00,136,Fraud
6778,INV_12,2020-01-22 19:41:00,2020-01-22 21:25:00,104,Fraud
6779,INV_2,2020-01-22 20:20:00,2020-01-22 21:04:00,44,Fraud
6780,INV_8,2020-01-22 19:36:00,2020-01-22 19:46:00,10,False Positive
6781,INV_6,2020-01-22 19:05:00,2020-01-22 21:07:00,122,False Positive
6782,INV_9,2020-01-22 20:20:00,2020-01-22 21:51:00,91,False Positive
6783,INV_6,2020-01-22 20:48:00,2020-01-22 22:30:00,102,Fraud
6784,INV_15,2020-01-22 20:41:00,2020-01-22 22:35:00,114,Fraud
6785,INV_1,2020-01-22 20:42:00,2020-01-22 23:14:00,152,Fraud
6786,INV_8,2020-01-22 20:33:00,2020-01-22 22:14:00,101,Fraud
6787,INV_11,2020-01-22 19:56:00,2020-01-22 22:53:00,177,Fraud
6788,INV_25,2020-01-22 20:25:00,2020-01-22 20:35:00,10,Fraud
6789,INV_12,2020-01-22 20:35:00,2020-01-22 23:14:00,159,Fraud
6790,INV_23,2020-01-22 19:30:00,2020-01-22 21:48:00,138,False Positive
6791,INV_8,2020-01-22 20:45:00,2020-01-22 22:47:00,122,Fraud
6792,INV_14,2020-01-22 20:12:00,2020-01-22 21:02:00,50,False Positive
6793,INV_17,2020-01-22 20:55:00,2020-01-22 21:18:00,23,False Positive
6794,INV_8,2020-01-22 21:06:00,2020-01-22 21:18:00,12,Fraud
6795,INV_25,2020-01-22 20:37:00,2020-01-22 22:47:00,130,Fraud
6796,INV_10,2020-01-22 20:34:00,2020-01-22 22:09:00,95,Fraud
6797,INV_14,2020-01-22 20:22:00,2020-01-22 20:32:00,10,Fraud
6798,INV_14,2020-01-22 21:40:00,2020-01-22 22:35:00,55,Fraud
6799,INV_24,2020-01-22 21:24:00,2020-01-22 22:19:00,55,False Positive
6800,INV_23,2020-01-22 23:46:00,2020-01-23 00:04:00,18,False Positive
6801,INV_19,2020-01-22 22:33:00,2020-01-23 01:23:00,170,Fraud
6802,INV_7,2020-01-22 23:48:00,2020-01-23 02:36:00,168,Fraud
6803,INV_13,2020-01-22 22:10:00,2020-01-22 23:51:00,101,Fraud
6804,INV_8,2020-01-22 22:14:00,2020-01-22 22:51:00,37,Fraud
6805,INV_2,2020-01-22 22:17:00,2020-01-22 23:15:00,58,Fraud
6806,INV_24,2020-01-22 22:37:00,2020-01-23 01:23:00,166,Fraud
6807,INV_2,2020-01-22 23:09:00,2020-01-23 00:49:00,100,Fraud
6808,INV_14,2020-01-22 23:56:00,2020-01-23 01:19:00,83,Fraud
6809,INV_7,2020-01-22 23:51:00,2020-01-23 00:18:00,27,Fraud
6810,INV_24,2020-01-22 22:05:00,2020-01-22 23:02:00,57,False Positive
6811,INV_2,2020-01-22 22:16:00,2020-01-23 00:40:00,144,False Positive
6812,INV_6,2020-01-23 00:24:00,2020-01-23 01:15:00,51,Fraud
6813,INV_19,2020-01-22 23:31:00,2020-01-23 01:56:00,145,Fraud
6814,INV_25,2020-01-22 23:42:00,2020-01-23 01:51:00,129,False Positive
6815,INV_23,2020-01-22 23:34:00,2020-01-22 23:55:00,21,Fraud
6816,INV_11,2020-01-22 23:27:00,2020-01-23 00:11:00,44,False Positive
6817,INV_11,2020-01-22 23:40:00,2020-01-23 02:37:00,177,False Positive
6818,INV_7,2020-01-23 01:22:00,2020-01-23 02:25:00,63,Fraud
6819,INV_6,2020-01-23 00:11:00,2020-01-23 00:49:00,38,Fraud
6820,INV_11,2020-01-23 01:27:00,2020-01-23 04:12:00,165,Fraud
6821,INV_24,2020-01-23 01:00:00,2020-01-23 02:42:00,102,Fraud
6822,INV_11,2020-01-23 00:49:00,2020-01-23 02:25:00,96,False Positive
6823,INV_4,2020-01-23 00:57:00,2020-01-23 01:29:00,32,False Positive
6824,INV_18,2020-01-23 01:47:00,2020-01-23 03:39:00,112,Fraud
6825,INV_9,2020-01-23 01:10:00,2020-01-23 02:46:00,96,False Positive
6826,INV_19,2020-01-23 01:49:00,2020-01-23 04:48:00,179,Fraud
6827,INV_10,2020-01-23 00:22:00,2020-01-23 02:35:00,133,False Positive
6828,INV_4,2020-01-23 01:24:00,2020-01-23 02:07:00,43,Fraud
6829,INV_10,2020-01-23 00:31:00,2020-01-23 02:35:00,124,Fraud
6830,INV_9,2020-01-23 00:50:00,2020-01-23 01:44:00,54,Fraud
6831,INV_3,2020-01-23 01:17:00,2020-01-23 01:41:00,24,Fraud
6832,INV_7,2020-01-23 01:45:00,2020-01-23 02:12:00,27,Fraud
6833,INV_22,2020-01-23 01:44:00,2020-01-23 02:54:00,70,False Positive
6834,INV_17,2020-01-23 01:38:00,2020-01-23 04:30:00,172,False Positive
6835,INV_16,2020-01-23 01:38:00,2020-01-23 02:59:00,81,False Positive
6836,INV_20,2020-01-23 02:37:00,2020-01-23 03:23:00,46,False Positive
6837,INV_10,2020-01-23 01:52:00,2020-01-23 03:16:00,84,Fraud
6838,INV_1,2020-01-23 02:50:00,2020-01-23 04:40:00,110,False Positive
6839,INV_16,2020-01-23 02:21:00,2020-01-23 02:43:00,22,False Positive
6840,INV_14,2020-01-23 02:08:00,2020-01-23 03:41:00,93,False Positive
6841,INV_3,2020-01-23 03:59:00,2020-01-23 05:39:00,100,Fraud
6842,INV_8,2020-01-23 03:40:00,2020-01-23 05:38:00,118,False Positive
6843,INV_2,2020-01-23 03:34:00,2020-01-23 04:47:00,73,False Positive
6844,INV_21,2020-01-23 02:41:00,2020-01-23 03:00:00,19,Fraud
6845,INV_17,2020-01-23 03:55:00,2020-01-23 05:07:00,72,Fraud
6846,INV_25,2020-01-23 03:20:00,2020-01-23 04:30:00,70,Fraud
6847,INV_18,2020-01-23 04:12:00,2020-01-23 04:36:00,24,Fraud
6848,INV_22,2020-01-23 03:36:00,2020-01-23 06:29:00,173,Fraud
6849,INV_23,2020-01-23 04:33:00,2020-01-23 05:22:00,49,False Positive
6850,INV_22,2020-01-23 03:09:00,2020-01-23 03:25:00,16,Fraud
6851,INV_24,2020-01-23 03:14:00,2020-01-23 04:28:00,74,False Positive
6852,INV_9,2020-01-23 03:29:00,2020-01-23 06:04:00,155,False Positive
6853,INV_10,2020-01-23 03:21:00,2020-01-23 06:15:00,174,Fraud
6854,INV_19,2020-01-23 04:10:00,2020-01-23 06:50:00,160,Fraud
6855,INV_6,2020-01-23 04:29:00,2020-01-23 06:11:00,102,Fraud
6856,INV_25,2020-01-23 03:24:00,2020-01-23 03:53:00,29,Fraud
6857,INV_13,2020-01-23 03:31:00,2020-01-23 04:24:00,53,Fraud
6858,INV_17,2020-01-23 03:27:00,2020-01-23 05:21:00,114,Fraud
6859,INV_1,2020-01-23 04:17:00,2020-01-23 06:17:00,120,Fraud
6860,INV_8,2020-01-23 04:15:00,2020-01-23 06:38:00,143,Fraud
6861,INV_11,2020-01-23 05:24:00,2020-01-23 06:28:00,64,False Positive
6862,INV_15,2020-01-23 04:48:00,2020-01-23 05:15:00,27,Fraud
6863,INV_15,2020-01-23 04:08:00,2020-01-23 04:58:00,50,Fraud
6864,INV_18,2020-01-23 05:55:00,2020-01-23 07:15:00,80,Fraud
6865,INV_1,2020-01-23 05:44:00,2020-01-23 06:17:00,33,Fraud
6866,INV_2,2020-01-23 06:32:00,2020-01-23 09:28:00,176,False Positive
6867,INV_8,2020-01-23 05:19:00,2020-01-23 06:48:00,89,Fraud
6868,INV_12,2020-01-23 05:22:00,2020-01-23 07:53:00,151,False Positive
6869,INV_25,2020-01-23 06:22:00,2020-01-23 08:09:00,107,Fraud
6870,INV_13,2020-01-23 06:41:00,2020-01-23 06:57:00,16,False Positive
6871,INV_1,2020-01-23 06:58:00,2020-01-23 08:14:00,76,Fraud
6872,INV_6,2020-01-23 05:07:00,2020-01-23 06:58:00,111,False Positive
6873,INV_8,2020-01-23 06:32:00,2020-01-23 09:30:00,178,Fraud
6874,INV_15,2020-01-23 05:57:00,2020-01-23 08:47:00,170,Fraud
6875,INV_4,2020-01-23 05:29:00,2020-01-23 07:06:00,97,False Positive
6876,INV_23,2020-01-23 06:55:00,2020-01-23 07:49:00,54,Fraud
6877,INV_1,2020-01-23 05:47:00,2020-01-23 06:33:00,46,Fraud
6878,INV_5,2020-01-23 07:40:00,2020-01-23 10:28:00,168,False Positive
6879,INV_15,2020-01-23 07:45:00,2020-01-23 08:07:00,22,Fraud
6880,INV_2,2020-01-23 07:56:00,2020-01-23 08:41:00,45,Fraud
6881,INV_9,2020-01-23 06:17:00,2020-01-23 08:16:00,119,Fraud
6882,INV_8,2020-01-23 06:36:00,2020-01-23 08:30:00,114,False Positive
6883,INV_19,2020-01-23 06:36:00,2020-01-23 07:46:00,70,Fraud
6884,INV_25,2020-01-23 06:21:00,2020-01-23 07:45:00,84,False Positive
6885,INV_4,2020-01-23 07:32:00,2020-01-23 08:32:00,60,Fraud
6886,INV_12,2020-01-23 06:20:00,2020-01-23 06:41:00,21,False Positive
6887,INV_17,2020-01-23 06:10:00,2020-01-23 08:39:00,149,Fraud
6888,INV_23,2020-01-23 06:42:00,2020-01-23 07:09:00,27,Fraud
6889,INV_11,2020-01-23 07:56:00,2020-01-23 08:06:00,10,Fraud
6890,INV_21,2020-01-23 08:07:00,2020-01-23 08:28:00,21,False Positive
6891,INV_1,2020-01-23 08:08:00,2020-01-23 10:46:00,158,Fraud
6892,INV_25,2020-01-23 08:24:00,2020-01-23 11:01:00,157,False Positive
6893,INV_4,2020-01-23 08:30:00,2020-01-23 09:12:00,42,Fraud
6894,INV_18,2020-01-23 07:18:00,2020-01-23 08:47:00,89,Fraud
6895,INV_23,2020-01-23 07:20:00,2020-01-23 07:37:00,17,False Positive
6896,INV_13,2020-01-23 09:41:00,2020-01-23 12:15:00,154,Fraud
6897,INV_12,2020-01-23 09:57:00,2020-01-23 11:13:00,76,Fraud
6898,INV_11,2020-01-23 08:43:00,2020-01-23 09:00:00,17,False Positive
6899,INV_16,2020-01-23 08:18:00,2020-01-23 10:06:00,108,False Positive
6900,INV_16,2020-01-23 08:15:00,2020-01-23 08:58:00,43,Fraud
6901,INV_23,2020-01-23 08:53:00,2020-01-23 09:42:00,49,Fraud
6902,INV_21,2020-01-23 09:14:00,2020-01-23 11:00:00,106,Fraud
6903,INV_6,2020-01-23 08:50:00,2020-01-23 09:20:00,30,False Positive
6904,INV_9,2020-01-23 09:40:00,2020-01-23 11:37:00,117,Fraud
6905,INV_3,2020-01-23 09:51:00,2020-01-23 12:10:00,139,Fraud
6906,INV_13,2020-01-23 09:53:00,2020-01-23 11:48:00,115,False Positive
6907,INV_4,2020-01-23 09:55:00,2020-01-23 10:53:00,58,False Positive
6908,INV_22,2020-01-23 10:51:00,2020-01-23 13:04:00,133,False Positive
6909,INV_4,2020-01-23 10:23:00,2020-01-23 13:08:00,165,Fraud
6910,INV_21,2020-01-23 09:51:00,2020-01-23 12:42:00,171,Fraud
6911,INV_23,2020-01-23 10:29:00,2020-01-23 11:18:00,49,Fraud
6912,INV_14,2020-01-23 09:24:00,2020-01-23 11:15:00,111,Fraud
6913,INV_25,2020-01-23 10:55:00,2020-01-23 13:05:00,130,False Positive
6914,INV_9,2020-01-23 09:26:00,2020-01-23 11:06:00,100,Fraud
6915,INV_7,2020-01-23 09:44:00,2020-01-23 10:32:00,48,False Positive
6916,INV_24,2020-01-23 09:50:00,2020-01-23 12:01:00,131,False Positive
6917,INV_16,2020-01-23 09:47:00,2020-01-23 12:33:00,166,False Positive
6918,INV_3,2020-01-23 10:40:00,2020-01-23 13:35:00,175,False Positive
6919,INV_1,2020-01-23 09:28:00,2020-01-23 10:57:00,89,Fraud
6920,INV_6,2020-01-23 10:21:00,2020-01-23 12:50:00,149,False Positive
6921,INV_25,2020-01-23 09:17:00,2020-01-23 09:28:00,11,False Positive
6922,INV_8,2020-01-23 10:06:00,2020-01-23 10:59:00,53,False Positive
6923,INV_5,2020-01-23 10:13:00,2020-01-23 11:29:00,76,Fraud
6924,INV_2,2020-01-23 10:59:00,2020-01-23 11:24:00,25,False Positive
6925,INV_2,2020-01-23 09:19:00,2020-01-23 09:39:00,20,Fraud
6926,INV_6,2020-01-23 10:51:00,2020-01-23 12:20:00,89,Fraud
6927,INV_1,2020-01-23 10:46:00,2020-01-23 11:52:00,66,False Positive
6928,INV_23,2020-01-23 11:38:00,2020-01-23 12:56:00,78,Fraud
6929,INV_23,2020-01-23 10:06:00,2020-01-23 11:20:00,74,False Positive
6930,INV_22,2020-01-23 10:05:00,2020-01-23 12:09:00,124,False Positive
6931,INV_8,2020-01-23 10:52:00,2020-01-23 11:12:00,20,Fraud
6932,INV_18,2020-01-23 11:32:00,2020-01-23 13:45:00,133,False Positive
6933,INV_4,2020-01-23 10:54:00,2020-01-23 12:09:00,75,Fraud
6934,INV_11,2020-01-23 10:41:00,2020-01-23 11:16:00,35,Fraud
6935,INV_12,2020-01-23 10:20:00,2020-01-23 11:25:00,65,Fraud
6936,INV_16,2020-01-23 12:43:00,2020-01-23 15:03:00,140,False Positive
6937,INV_12,2020-01-23 11:55:00,2020-01-23 12:59:00,64,Fraud
6938,INV_18,2020-01-23 12:36:00,2020-01-23 13:04:00,28,Fraud
6939,INV_1,2020-01-23 11:36:00,2020-01-23 12:34:00,58,Fraud
6940,INV_14,2020-01-23 13:36:00,2020-01-23 16:06:00,150,False Positive
6941,INV_21,2020-01-23 13:38:00,2020-01-23 14:30:00,52,Fraud
6942,INV_2,2020-01-23 13:09:00,2020-01-23 14:22:00,73,Fraud
6943,INV_13,2020-01-23 13:01:00,2020-01-23 15:40:00,159,Fraud
6944,INV_5,2020-01-23 13:47:00,2020-01-23 16:21:00,154,False Positive
6945,INV_7,2020-01-23 13:59:00,2020-01-23 14:11:00,12,False Positive
6946,INV_10,2020-01-23 13:41:00,2020-01-23 14:16:00,35,False Positive
6947,INV_11,2020-01-23 14:07:00,2020-01-23 15:06:00,59,False Positive
6948,INV_23,2020-01-23 14:14:00,2020-01-23 15:25:00,71,False Positive
6949,INV_2,2020-01-23 14:48:00,2020-01-23 15:55:00,67,Fraud
6950,INV_21,2020-01-23 14:44:00,2020-01-23 16:39:00,115,False Positive
6951,INV_2,2020-01-23 14:15:00,2020-01-23 16:34:00,139,Fraud
6952,INV_18,2020-01-23 14:45:00,2020-01-23 15:22:00,37,False Positive
6953,INV_17,2020-01-23 14:16:00,2020-01-23 15:30:00,74,False Positive
6954,INV_14,2020-01-23 14:54:00,2020-01-23 17:44:00,170,Fraud
6955,INV_23,2020-01-23 13:13:00,2020-01-23 13:55:00,42,False Positive
6956,INV_17,2020-01-23 14:37:00,2020-01-23 15:57:00,80,False Positive
6957,INV_10,2020-01-23 14:25:00,2020-01-23 15:02:00,37,False Positive
6958,INV_19,2020-01-23 15:42:00,2020-01-23 16:55:00,73,False Positive
6959,INV_24,2020-01-23 14:46:00,2020-01-23 16:38:00,112,Fraud
6960,INV_6,2020-01-23 15:55:00,2020-01-23 16:31:00,36,Fraud
6961,INV_17,2020-01-23 14:40:00,2020-01-23 16:13:00,93,Fraud
6962,INV_15,2020-01-23 15:46:00,2020-01-23 16:57:00,71,False Positive
6963,INV_4,2020-01-23 15:26:00,2020-01-23 17:32:00,126,Fraud
6964,INV_17,2020-01-23 15:10:00,2020-01-23 16:11:00,61,Fraud
6965,INV_19,2020-01-23 14:36:00,2020-01-23 15:56:00,80,Fraud
6966,INV_22,2020-01-23 14:52:00,2020-01-23 16:04:00,72,False Positive
6967,INV_6,2020-01-23 15:08:00,2020-01-23 15:55:00,47,Fraud
6968,INV_21,2020-01-23 16:58:00,2020-01-23 19:31:00,153,Fraud
6969,INV_8,2020-01-23 16:25:00,2020-01-23 16:49:00,24,False Positive
6970,INV_3,2020-01-23 15:30:00,2020-01-23 18:15:00,165,Fraud
6971,INV_1,2020-01-23 15:14:00,2020-01-23 17:12:00,118,False Positive
6972,INV_15,2020-01-23 16:47:00,2020-01-23 18:39:00,112,Fraud
6973,INV_9,2020-01-23 16:33:00,2020-01-23 18:03:00,90,False Positive
6974,INV_11,2020-01-23 17:06:00,2020-01-23 19:51:00,165,Fraud
6975,INV_15,2020-01-23 17:45:00,2020-01-23 19:47:00,122,Fraud
6976,INV_14,2020-01-23 16:54:00,2020-01-23 17:35:00,41,False Positive
6977,INV_1,2020-01-23 16:25:00,2020-01-23 16:35:00,10,Fraud
6978,INV_23,2020-01-23 17:26:00,2020-01-23 19:36:00,130,False Positive
6979,INV_25,2020-01-23 17:00:00,2020-01-23 18:05:00,65,Fraud
6980,INV_11,2020-01-23 18:15:00,2020-01-23 19:52:00,97,False Positive
6981,INV_7,2020-01-23 18:06:00,2020-01-23 19:27:00,81,False Positive
6982,INV_8,2020-01-23 19:12:00,2020-01-23 19:33:00,21,Fraud
6983,INV_24,2020-01-23 19:45:00,2020-01-23 19:57:00,12,False Positive
6984,INV_5,2020-01-23 19:49:00,2020-01-23 20:10:00,21,False Positive
6985,INV_16,2020-01-23 18:43:00,2020-01-23 20:03:00,80,Fraud
6986,INV_4,2020-01-23 18:58:00,2020-01-23 21:29:00,151,Fraud
6987,INV_7,2020-01-23 19:32:00,2020-01-23 21:25:00,113,Fraud
6988,INV_24,2020-01-23 19:08:00,2020-01-23 20:52:00,104,Fraud
6989,INV_18,2020-01-23 19:17:00,2020-01-23 20:54:00,97,False Positive
6990,INV_19,2020-01-23 20:38:00,2020-01-23 23:19:00,161,False Positive
6991,INV_16,2020-01-23 19:33:00,2020-01-23 22:28:00,175,Fraud
6992,INV_14,2020-01-23 19:24:00,2020-01-23 20:53:00,89,Fraud
6993,INV_20,2020-01-23 19:46:00,2020-01-23 19:58:00,12,False Positive
6994,INV_12,2020-01-23 20:45:00,2020-01-23 23:30:00,165,Fraud
6995,INV_18,2020-01-23 19:09:00,2020-01-23 21:15:00,126,False Positive
6996,INV_21,2020-01-23 19:09:00,2020-01-23 21:43:00,154,False Positive
6997,INV_4,2020-01-23 19:58:00,2020-01-23 21:49:00,111,False Positive
6998,INV_23,2020-01-23 21:11:00,2020-01-23 23:35:00,144,Fraud
6999,INV_13,2020-01-23 21:38:00,2020-01-23 21:51:00,13,Fraud
7000,INV_17,2020-01-23 22:58:00,2020-01-24 00:44:00,106,Fraud
7001,INV_3,2020-01-23 22:05:00,2020-01-23 23:44:00,99,False Positive
7002,INV_13,2020-01-23 22:21:00,2020-01-24 00:28:00,127,Fraud
7003,INV_6,2020-01-23 22:35:00,2020-01-24 01:26:00,171,False Positive
7004,INV_12,2020-01-23 21:07:00,2020-01-23 21:27:00,20,Fraud
7005,INV_24,2020-01-23 22:42:00,2020-01-24 00:51:00,129,Fraud
7006,INV_15,2020-01-23 21:44:00,2020-01-24 00:26:00,162,False Positive
7007,INV_8,2020-01-23 21:13:00,2020-01-23 22:09:00,56,Fraud
7008,INV_18,2020-01-23 21:48:00,2020-01-23 23:38:00,110,Fraud
7009,INV_12,2020-01-23 22:36:00,2020-01-24 01:19:00,163,Fraud
7010,INV_12,2020-01-23 22:49:00,2020-01-23 23:44:00,55,False Positive
7011,INV_12,2020-01-23 21:36:00,2020-01-23 21:54:00,18,Fraud
7012,INV_10,2020-01-23 23:24:00,2020-01-23 23:58:00,34,Fraud
7013,INV_9,2020-01-23 23:37:00,2020-01-24 01:23:00,106,Fraud
7014,INV_21,2020-01-23 22:52:00,2020-01-23 23:22:00,30,Fraud
7015,INV_19,2020-01-23 23:23:00,2020-01-24 01:09:00,106,Fraud
7016,INV_14,2020-01-23 23:40:00,2020-01-24 01:06:00,86,Fraud
7017,INV_22,2020-01-23 23:49:00,2020-01-24 01:37:00,108,Fraud
7018,INV_6,2020-01-23 23:06:00,2020-01-24 00:12:00,66,Fraud
7019,INV_16,2020-01-23 23:01:00,2020-01-24 01:06:00,125,Fraud
7020,INV_16,2020-01-23 23:21:00,2020-01-24 01:43:00,142,False Positive
7021,INV_6,2020-01-24 00:23:00,2020-01-24 01:05:00,42,Fraud
7022,INV_16,2020-01-23 23:51:00,2020-01-24 01:51:00,120,False Positive
7023,INV_7,2020-01-23 23:24:00,2020-01-24 00:30:00,66,Fraud
7024,INV_16,2020-01-23 23:07:00,2020-01-24 00:00:00,53,False Positive
7025,INV_4,2020-01-24 00:14:00,2020-01-24 03:03:00,169,Fraud
7026,INV_7,2020-01-24 00:39:00,2020-01-24 03:22:00,163,Fraud
7027,INV_18,2020-01-23 23:22:00,2020-01-24 02:15:00,173,Fraud
7028,INV_17,2020-01-23 23:18:00,2020-01-23 23:54:00,36,Fraud
7029,INV_15,2020-01-23 23:30:00,2020-01-24 00:19:00,49,Fraud
7030,INV_8,2020-01-24 00:53:00,2020-01-24 03:01:00,128,False Positive
7031,INV_4,2020-01-24 00:36:00,2020-01-24 03:27:00,171,Fraud
7032,INV_3,2020-01-24 00:23:00,2020-01-24 00:53:00,30,False Positive
7033,INV_9,2020-01-23 23:22:00,2020-01-24 01:30:00,128,Fraud
7034,INV_25,2020-01-24 00:09:00,2020-01-24 01:57:00,108,Fraud
7035,INV_15,2020-01-23 23:16:00,2020-01-23 23:35:00,19,Fraud
7036,INV_13,2020-01-23 23:13:00,2020-01-24 01:27:00,134,Fraud
7037,INV_25,2020-01-24 00:46:00,2020-01-24 02:45:00,119,Fraud
7038,INV_15,2020-01-24 01:09:00,2020-01-24 02:48:00,99,Fraud
7039,INV_25,2020-01-24 01:39:00,2020-01-24 03:14:00,95,Fraud
7040,INV_14,2020-01-24 00:44:00,2020-01-24 02:06:00,82,Fraud
7041,INV_22,2020-01-24 01:24:00,2020-01-24 02:25:00,61,Fraud
7042,INV_21,2020-01-24 01:56:00,2020-01-24 04:46:00,170,False Positive
7043,INV_4,2020-01-24 01:46:00,2020-01-24 03:00:00,74,Fraud
7044,INV_15,2020-01-24 01:56:00,2020-01-24 04:44:00,168,Fraud
7045,INV_4,2020-01-24 00:56:00,2020-01-24 01:18:00,22,False Positive
7046,INV_17,2020-01-24 00:41:00,2020-01-24 01:07:00,26,Fraud
7047,INV_16,2020-01-24 00:34:00,2020-01-24 03:08:00,154,Fraud
7048,INV_11,2020-01-24 01:58:00,2020-01-24 03:07:00,69,False Positive
7049,INV_5,2020-01-24 02:20:00,2020-01-24 05:14:00,174,Fraud
7050,INV_4,2020-01-24 01:16:00,2020-01-24 01:46:00,30,Fraud
7051,INV_23,2020-01-24 02:23:00,2020-01-24 02:40:00,17,Fraud
7052,INV_5,2020-01-24 01:23:00,2020-01-24 04:18:00,175,Fraud
7053,INV_12,2020-01-24 02:09:00,2020-01-24 05:08:00,179,Fraud
7054,INV_8,2020-01-24 01:41:00,2020-01-24 02:23:00,42,Fraud
7055,INV_15,2020-01-24 01:28:00,2020-01-24 03:44:00,136,Fraud
7056,INV_20,2020-01-24 02:59:00,2020-01-24 04:03:00,64,False Positive
7057,INV_22,2020-01-24 03:13:00,2020-01-24 05:01:00,108,Fraud
7058,INV_13,2020-01-24 03:05:00,2020-01-24 03:23:00,18,Fraud
7059,INV_21,2020-01-24 02:59:00,2020-01-24 03:27:00,28,False Positive
7060,INV_20,2020-01-24 02:08:00,2020-01-24 03:57:00,109,Fraud
7061,INV_12,2020-01-24 03:36:00,2020-01-24 04:24:00,48,Fraud
7062,INV_1,2020-01-24 03:13:00,2020-01-24 04:59:00,106,Fraud
7063,INV_3,2020-01-24 03:46:00,2020-01-24 06:30:00,164,False Positive
7064,INV_10,2020-01-24 03:27:00,2020-01-24 05:39:00,132,False Positive
7065,INV_5,2020-01-24 02:13:00,2020-01-24 04:54:00,161,Fraud
7066,INV_6,2020-01-24 02:07:00,2020-01-24 03:41:00,94,False Positive
7067,INV_24,2020-01-24 03:00:00,2020-01-24 04:07:00,67,Fraud
7068,INV_5,2020-01-24 03:39:00,2020-01-24 04:02:00,23,Fraud
7069,INV_12,2020-01-24 02:06:00,2020-01-24 03:39:00,93,Fraud
7070,INV_13,2020-01-24 02:22:00,2020-01-24 04:29:00,127,False Positive
7071,INV_22,2020-01-24 02:19:00,2020-01-24 04:16:00,117,False Positive
7072,INV_12,2020-01-24 02:41:00,2020-01-24 02:56:00,15,Fraud
7073,INV_9,2020-01-24 02:30:00,2020-01-24 03:30:00,60,False Positive
7074,INV_25,2020-01-24 04:30:00,2020-01-24 06:03:00,93,Fraud
7075,INV_7,2020-01-24 03:38:00,2020-01-24 06:37:00,179,Fraud
7076,INV_13,2020-01-24 03:30:00,2020-01-24 05:51:00,141,Fraud
7077,INV_22,2020-01-24 04:21:00,2020-01-24 05:24:00,63,Fraud
7078,INV_18,2020-01-24 03:50:00,2020-01-24 04:53:00,63,False Positive
7079,INV_17,2020-01-24 03:58:00,2020-01-24 06:24:00,146,Fraud
7080,INV_2,2020-01-24 05:59:00,2020-01-24 07:42:00,103,Fraud
7081,INV_20,2020-01-24 05:50:00,2020-01-24 07:17:00,87,False Positive
7082,INV_3,2020-01-24 04:42:00,2020-01-24 06:35:00,113,Fraud
7083,INV_12,2020-01-24 05:57:00,2020-01-24 08:49:00,172,False Positive
7084,INV_10,2020-01-24 04:37:00,2020-01-24 06:12:00,95,False Positive
7085,INV_16,2020-01-24 05:12:00,2020-01-24 05:50:00,38,Fraud
7086,INV_25,2020-01-24 06:22:00,2020-01-24 07:45:00,83,Fraud
7087,INV_12,2020-01-24 05:29:00,2020-01-24 06:38:00,69,False Positive
7088,INV_17,2020-01-24 05:15:00,2020-01-24 06:36:00,81,Fraud
7089,INV_17,2020-01-24 05:39:00,2020-01-24 06:02:00,23,Fraud
7090,INV_9,2020-01-24 06:33:00,2020-01-24 08:26:00,113,Fraud
7091,INV_22,2020-01-24 06:16:00,2020-01-24 08:17:00,121,Fraud
7092,INV_7,2020-01-24 05:48:00,2020-01-24 06:59:00,71,False Positive
7093,INV_12,2020-01-24 06:45:00,2020-01-24 08:43:00,118,Fraud
7094,INV_4,2020-01-24 06:50:00,2020-01-24 08:26:00,96,False Positive
7095,INV_10,2020-01-24 05:37:00,2020-01-24 07:11:00,94,Fraud
7096,INV_18,2020-01-24 05:44:00,2020-01-24 08:26:00,162,Fraud
7097,INV_14,2020-01-24 06:43:00,2020-01-24 09:20:00,157,Fraud
7098,INV_15,2020-01-24 05:17:00,2020-01-24 05:29:00,12,Fraud
7099,INV_17,2020-01-24 05:29:00,2020-01-24 06:57:00,88,False Positive
7100,INV_13,2020-01-24 05:23:00,2020-01-24 07:08:00,105,Fraud
7101,INV_10,2020-01-24 06:47:00,2020-01-24 09:01:00,134,False Positive
7102,INV_21,2020-01-24 06:46:00,2020-01-24 09:32:00,166,Fraud
7103,INV_22,2020-01-24 06:21:00,2020-01-24 07:07:00,46,Fraud
7104,INV_20,2020-01-24 05:30:00,2020-01-24 06:38:00,68,Fraud
7105,INV_20,2020-01-24 05:29:00,2020-01-24 06:38:00,69,False Positive
7106,INV_22,2020-01-24 07:32:00,2020-01-24 08:16:00,44,False Positive
7107,INV_2,2020-01-24 07:29:00,2020-01-24 08:33:00,64,False Positive
7108,INV_16,2020-01-24 07:19:00,2020-01-24 08:40:00,81,Fraud
7109,INV_15,2020-01-24 06:53:00,2020-01-24 08:16:00,83,Fraud
7110,INV_17,2020-01-24 07:16:00,2020-01-24 08:05:00,49,False Positive
7111,INV_10,2020-01-24 07:59:00,2020-01-24 09:17:00,78,False Positive
7112,INV_23,2020-01-24 07:55:00,2020-01-24 08:05:00,10,Fraud
7113,INV_20,2020-01-24 06:21:00,2020-01-24 07:18:00,57,False Positive
7114,INV_24,2020-01-24 07:15:00,2020-01-24 10:08:00,173,Fraud
7115,INV_10,2020-01-24 07:59:00,2020-01-24 09:09:00,70,False Positive
7116,INV_12,2020-01-24 06:23:00,2020-01-24 06:47:00,24,Fraud
7117,INV_22,2020-01-24 07:12:00,2020-01-24 07:56:00,44,Fraud
7118,INV_3,2020-01-24 06:23:00,2020-01-24 06:57:00,34,Fraud
7119,INV_11,2020-01-24 06:35:00,2020-01-24 08:27:00,112,False Positive
7120,INV_6,2020-01-24 07:50:00,2020-01-24 09:43:00,113,Fraud
7121,INV_12,2020-01-24 08:53:00,2020-01-24 10:15:00,82,Fraud
7122,INV_17,2020-01-24 08:35:00,2020-01-24 10:05:00,90,Fraud
7123,INV_10,2020-01-24 08:31:00,2020-01-24 08:59:00,28,Fraud
7124,INV_17,2020-01-24 08:23:00,2020-01-24 10:36:00,133,Fraud
7125,INV_4,2020-01-24 08:05:00,2020-01-24 09:05:00,60,False Positive
7126,INV_16,2020-01-24 08:06:00,2020-01-24 10:48:00,162,Fraud
7127,INV_25,2020-01-24 07:49:00,2020-01-24 10:24:00,155,False Positive
7128,INV_18,2020-01-24 08:23:00,2020-01-24 09:25:00,62,Fraud
7129,INV_2,2020-01-24 08:54:00,2020-01-24 11:52:00,178,Fraud
7130,INV_4,2020-01-24 09:36:00,2020-01-24 12:22:00,166,False Positive
7131,INV_19,2020-01-24 09:01:00,2020-01-24 10:59:00,118,False Positive
7132,INV_24,2020-01-24 09:10:00,2020-01-24 09:54:00,44,Fraud
7133,INV_25,2020-01-24 08:07:00,2020-01-24 09:56:00,109,Fraud
7134,INV_10,2020-01-24 09:04:00,2020-01-24 11:46:00,162,Fraud
7135,INV_24,2020-01-24 08:26:00,2020-01-24 10:16:00,110,False Positive
7136,INV_18,2020-01-24 08:20:00,2020-01-24 11:16:00,176,Fraud
7137,INV_20,2020-01-24 09:09:00,2020-01-24 11:48:00,159,False Positive
7138,INV_14,2020-01-24 09:37:00,2020-01-24 10:00:00,23,Fraud
7139,INV_6,2020-01-24 09:34:00,2020-01-24 11:55:00,141,False Positive
7140,INV_6,2020-01-24 10:34:00,2020-01-24 11:41:00,67,Fraud
7141,INV_16,2020-01-24 09:07:00,2020-01-24 11:37:00,150,False Positive
7142,INV_3,2020-01-24 10:28:00,2020-01-24 10:44:00,16,Fraud
7143,INV_15,2020-01-24 10:28:00,2020-01-24 13:04:00,156,Fraud
7144,INV_3,2020-01-24 10:53:00,2020-01-24 11:08:00,15,False Positive
7145,INV_16,2020-01-24 09:18:00,2020-01-24 11:47:00,149,Fraud
7146,INV_4,2020-01-24 10:10:00,2020-01-24 11:44:00,94,Fraud
7147,INV_19,2020-01-24 10:21:00,2020-01-24 12:07:00,106,Fraud
7148,INV_14,2020-01-24 10:35:00,2020-01-24 12:39:00,124,Fraud
7149,INV_25,2020-01-24 09:41:00,2020-01-24 09:56:00,15,Fraud
7150,INV_11,2020-01-24 10:22:00,2020-01-24 10:34:00,12,False Positive
7151,INV_15,2020-01-24 09:34:00,2020-01-24 10:29:00,55,Fraud
7152,INV_8,2020-01-24 09:38:00,2020-01-24 10:51:00,73,Fraud
7153,INV_16,2020-01-24 09:53:00,2020-01-24 12:34:00,161,Fraud
7154,INV_17,2020-01-24 10:52:00,2020-01-24 11:40:00,48,Fraud
7155,INV_18,2020-01-24 10:19:00,2020-01-24 11:41:00,82,False Positive
7156,INV_15,2020-01-24 11:46:00,2020-01-24 12:27:00,41,Fraud
7157,INV_15,2020-01-24 10:19:00,2020-01-24 12:59:00,160,Fraud
7158,INV_21,2020-01-24 11:06:00,2020-01-24 13:59:00,173,False Positive
7159,INV_9,2020-01-24 11:53:00,2020-01-24 14:26:00,153,Fraud
7160,INV_6,2020-01-24 10:49:00,2020-01-24 12:42:00,113,Fraud
7161,INV_24,2020-01-24 11:18:00,2020-01-24 11:28:00,10,Fraud
7162,INV_11,2020-01-24 10:25:00,2020-01-24 11:25:00,60,False Positive
7163,INV_8,2020-01-24 10:31:00,2020-01-24 12:03:00,92,Fraud
7164,INV_17,2020-01-24 11:09:00,2020-01-24 12:48:00,99,Fraud
7165,INV_20,2020-01-24 10:21:00,2020-01-24 10:55:00,34,False Positive
7166,INV_18,2020-01-24 12:57:00,2020-01-24 15:22:00,145,False Positive
7167,INV_14,2020-01-24 12:13:00,2020-01-24 15:01:00,168,Fraud
7168,INV_19,2020-01-24 11:38:00,2020-01-24 13:23:00,105,Fraud
7169,INV_7,2020-01-24 12:54:00,2020-01-24 14:57:00,123,Fraud
7170,INV_19,2020-01-24 12:08:00,2020-01-24 12:44:00,36,Fraud
7171,INV_23,2020-01-24 12:42:00,2020-01-24 13:27:00,45,Fraud
7172,INV_8,2020-01-24 12:29:00,2020-01-24 14:41:00,132,Fraud
7173,INV_10,2020-01-24 12:50:00,2020-01-24 14:03:00,73,Fraud
7174,INV_20,2020-01-24 12:31:00,2020-01-24 15:02:00,151,Fraud
7175,INV_4,2020-01-24 11:35:00,2020-01-24 11:49:00,14,Fraud
7176,INV_10,2020-01-24 11:18:00,2020-01-24 13:19:00,121,Fraud
7177,INV_1,2020-01-24 11:21:00,2020-01-24 13:07:00,106,False Positive
7178,INV_23,2020-01-24 11:53:00,2020-01-24 14:27:00,154,False Positive
7179,INV_16,2020-01-24 12:14:00,2020-01-24 14:08:00,114,Fraud
7180,INV_15,2020-01-24 12:40:00,2020-01-24 15:01:00,141,False Positive
7181,INV_15,2020-01-24 12:25:00,2020-01-24 13:16:00,51,Fraud
7182,INV_16,2020-01-24 12:43:00,2020-01-24 14:32:00,109,False Positive
7183,INV_10,2020-01-24 11:22:00,2020-01-24 12:01:00,39,Fraud
7184,INV_16,2020-01-24 13:21:00,2020-01-24 16:10:00,169,False Positive
7185,INV_5,2020-01-24 13:09:00,2020-01-24 15:57:00,168,Fraud
7186,INV_7,2020-01-24 12:26:00,2020-01-24 14:59:00,153,False Positive
7187,INV_21,2020-01-24 12:53:00,2020-01-24 14:01:00,68,False Positive
7188,INV_11,2020-01-24 12:40:00,2020-01-24 14:28:00,108,Fraud
7189,INV_2,2020-01-24 13:34:00,2020-01-24 14:58:00,84,Fraud
7190,INV_25,2020-01-24 13:47:00,2020-01-24 14:25:00,38,Fraud
7191,INV_21,2020-01-24 12:24:00,2020-01-24 13:45:00,81,Fraud
7192,INV_15,2020-01-24 12:55:00,2020-01-24 15:03:00,128,Fraud
7193,INV_15,2020-01-24 12:07:00,2020-01-24 12:47:00,40,Fraud
7194,INV_11,2020-01-24 13:41:00,2020-01-24 14:11:00,30,False Positive
7195,INV_19,2020-01-24 12:08:00,2020-01-24 12:29:00,21,False Positive
7196,INV_22,2020-01-24 13:33:00,2020-01-24 14:11:00,38,Fraud
7197,INV_25,2020-01-24 13:04:00,2020-01-24 13:47:00,43,Fraud
7198,INV_6,2020-01-24 13:56:00,2020-01-24 15:50:00,114,Fraud
7199,INV_19,2020-01-24 12:06:00,2020-01-24 14:51:00,165,Fraud
7200,INV_2,2020-01-24 14:21:00,2020-01-24 15:17:00,56,False Positive
7201,INV_10,2020-01-24 13:56:00,2020-01-24 16:52:00,176,Fraud
7202,INV_24,2020-01-24 14:00:00,2020-01-24 14:48:00,48,Fraud
7203,INV_15,2020-01-24 14:56:00,2020-01-24 16:58:00,122,Fraud
7204,INV_4,2020-01-24 13:18:00,2020-01-24 15:12:00,114,False Positive
7205,INV_23,2020-01-24 13:08:00,2020-01-24 15:13:00,125,Fraud
7206,INV_25,2020-01-24 13:24:00,2020-01-24 14:28:00,64,Fraud
7207,INV_3,2020-01-24 14:11:00,2020-01-24 14:21:00,10,False Positive
7208,INV_14,2020-01-24 14:04:00,2020-01-24 15:08:00,64,Fraud
7209,INV_3,2020-01-24 14:40:00,2020-01-24 17:37:00,177,False Positive
7210,INV_22,2020-01-24 13:52:00,2020-01-24 14:33:00,41,False Positive
7211,INV_4,2020-01-24 14:29:00,2020-01-24 16:54:00,145,Fraud
7212,INV_19,2020-01-24 15:14:00,2020-01-24 16:40:00,86,Fraud
7213,INV_9,2020-01-24 15:19:00,2020-01-24 15:56:00,37,Fraud
7214,INV_19,2020-01-24 14:36:00,2020-01-24 17:06:00,150,False Positive
7215,INV_16,2020-01-24 15:05:00,2020-01-24 16:20:00,75,Fraud
7216,INV_25,2020-01-24 14:15:00,2020-01-24 17:04:00,169,Fraud
7217,INV_9,2020-01-24 14:58:00,2020-01-24 16:46:00,108,False Positive
7218,INV_9,2020-01-24 15:21:00,2020-01-24 17:44:00,143,False Positive
7219,INV_4,2020-01-24 16:55:00,2020-01-24 18:01:00,66,False Positive
7220,INV_9,2020-01-24 16:18:00,2020-01-24 16:43:00,25,False Positive
7221,INV_12,2020-01-24 16:22:00,2020-01-24 17:06:00,44,Fraud
7222,INV_23,2020-01-24 15:37:00,2020-01-24 16:15:00,38,False Positive
7223,INV_3,2020-01-24 16:15:00,2020-01-24 16:59:00,44,False Positive
7224,INV_17,2020-01-24 15:13:00,2020-01-24 16:24:00,71,Fraud
7225,INV_8,2020-01-24 16:00:00,2020-01-24 18:22:00,142,Fraud
7226,INV_1,2020-01-24 16:18:00,2020-01-24 16:44:00,26,Fraud
7227,INV_23,2020-01-24 15:25:00,2020-01-24 16:22:00,57,False Positive
7228,INV_17,2020-01-24 17:24:00,2020-01-24 18:29:00,65,Fraud
7229,INV_1,2020-01-24 16:54:00,2020-01-24 18:38:00,104,False Positive
7230,INV_3,2020-01-24 17:25:00,2020-01-24 20:19:00,174,Fraud
7231,INV_18,2020-01-24 16:07:00,2020-01-24 16:41:00,34,Fraud
7232,INV_8,2020-01-24 16:06:00,2020-01-24 18:53:00,167,False Positive
7233,INV_11,2020-01-24 16:44:00,2020-01-24 19:23:00,159,Fraud
7234,INV_5,2020-01-24 17:04:00,2020-01-24 18:21:00,77,Fraud
7235,INV_24,2020-01-24 16:28:00,2020-01-24 17:32:00,64,Fraud
7236,INV_20,2020-01-24 17:17:00,2020-01-24 19:35:00,138,Fraud
7237,INV_12,2020-01-24 16:47:00,2020-01-24 18:46:00,119,False Positive
7238,INV_15,2020-01-24 16:40:00,2020-01-24 19:18:00,158,Fraud
7239,INV_21,2020-01-24 16:13:00,2020-01-24 16:36:00,23,False Positive
7240,INV_23,2020-01-24 17:39:00,2020-01-24 19:37:00,118,False Positive
7241,INV_17,2020-01-24 17:45:00,2020-01-24 18:03:00,18,Fraud
7242,INV_24,2020-01-24 18:44:00,2020-01-24 19:40:00,56,False Positive
7243,INV_15,2020-01-24 17:31:00,2020-01-24 17:43:00,12,Fraud
7244,INV_2,2020-01-24 17:56:00,2020-01-24 20:27:00,151,Fraud
7245,INV_24,2020-01-24 17:27:00,2020-01-24 18:04:00,37,False Positive
7246,INV_20,2020-01-24 17:41:00,2020-01-24 19:36:00,115,False Positive
7247,INV_23,2020-01-24 18:55:00,2020-01-24 20:21:00,86,False Positive
7248,INV_7,2020-01-24 18:27:00,2020-01-24 20:38:00,131,Fraud
7249,INV_18,2020-01-24 17:26:00,2020-01-24 17:59:00,33,False Positive
7250,INV_10,2020-01-24 18:57:00,2020-01-24 19:29:00,32,Fraud
7251,INV_11,2020-01-24 18:23:00,2020-01-24 21:14:00,171,Fraud
7252,INV_24,2020-01-24 17:12:00,2020-01-24 17:33:00,21,Fraud
7253,INV_16,2020-01-24 17:54:00,2020-01-24 18:39:00,45,Fraud
7254,INV_13,2020-01-24 17:51:00,2020-01-24 20:28:00,157,Fraud
7255,INV_14,2020-01-24 18:59:00,2020-01-24 19:50:00,51,False Positive
7256,INV_16,2020-01-24 19:03:00,2020-01-24 20:14:00,71,Fraud
7257,INV_21,2020-01-24 19:13:00,2020-01-24 21:59:00,166,False Positive
7258,INV_4,2020-01-24 19:00:00,2020-01-24 19:41:00,41,Fraud
7259,INV_23,2020-01-24 19:08:00,2020-01-24 21:00:00,112,Fraud
7260,INV_25,2020-01-24 19:01:00,2020-01-24 20:52:00,111,Fraud
7261,INV_15,2020-01-24 18:16:00,2020-01-24 20:45:00,149,False Positive
7262,INV_25,2020-01-24 18:52:00,2020-01-24 21:20:00,148,False Positive
7263,INV_12,2020-01-24 19:43:00,2020-01-24 20:50:00,67,False Positive
7264,INV_9,2020-01-24 18:16:00,2020-01-24 18:41:00,25,Fraud
7265,INV_10,2020-01-24 18:37:00,2020-01-24 20:52:00,135,False Positive
7266,INV_14,2020-01-24 19:15:00,2020-01-24 21:55:00,160,Fraud
7267,INV_10,2020-01-24 19:14:00,2020-01-24 21:07:00,113,Fraud
7268,INV_4,2020-01-24 19:42:00,2020-01-24 22:00:00,138,False Positive
7269,INV_19,2020-01-24 19:55:00,2020-01-24 22:19:00,144,Fraud
7270,INV_25,2020-01-24 19:36:00,2020-01-24 20:48:00,72,Fraud
7271,INV_16,2020-01-24 19:30:00,2020-01-24 20:23:00,53,Fraud
7272,INV_23,2020-01-24 19:55:00,2020-01-24 22:34:00,159,Fraud
7273,INV_3,2020-01-24 19:53:00,2020-01-24 22:05:00,132,False Positive
7274,INV_22,2020-01-24 20:34:00,2020-01-24 21:48:00,74,Fraud
7275,INV_22,2020-01-24 20:07:00,2020-01-24 20:58:00,51,Fraud
7276,INV_16,2020-01-24 20:48:00,2020-01-24 22:08:00,80,Fraud
7277,INV_5,2020-01-24 21:59:00,2020-01-25 00:23:00,144,Fraud
7278,INV_10,2020-01-24 20:35:00,2020-01-24 23:15:00,160,False Positive
7279,INV_7,2020-01-24 21:18:00,2020-01-24 23:04:00,106,False Positive
7280,INV_13,2020-01-24 21:41:00,2020-01-24 22:18:00,37,False Positive
7281,INV_6,2020-01-24 20:30:00,2020-01-24 20:44:00,14,False Positive
7282,INV_23,2020-01-24 21:12:00,2020-01-24 22:47:00,95,False Positive
7283,INV_3,2020-01-24 20:35:00,2020-01-24 20:52:00,17,Fraud
7284,INV_6,2020-01-24 20:32:00,2020-01-24 22:12:00,100,Fraud
7285,INV_12,2020-01-24 21:04:00,2020-01-25 00:02:00,178,False Positive
7286,INV_2,2020-01-24 21:51:00,2020-01-24 22:40:00,49,Fraud
7287,INV_20,2020-01-24 21:52:00,2020-01-25 00:28:00,156,Fraud
7288,INV_10,2020-01-24 20:31:00,2020-01-24 21:17:00,46,Fraud
7289,INV_19,2020-01-24 20:39:00,2020-01-24 23:19:00,160,Fraud
7290,INV_7,2020-01-24 21:14:00,2020-01-24 22:52:00,98,Fraud
7291,INV_1,2020-01-24 20:24:00,2020-01-24 20:37:00,13,False Positive
7292,INV_21,2020-01-24 20:13:00,2020-01-24 21:43:00,90,Fraud
7293,INV_24,2020-01-24 21:08:00,2020-01-24 21:18:00,10,Fraud
7294,INV_17,2020-01-24 21:06:00,2020-01-24 23:46:00,160,False Positive
7295,INV_21,2020-01-24 22:28:00,2020-01-24 23:47:00,79,False Positive
7296,INV_6,2020-01-24 21:08:00,2020-01-24 23:13:00,125,False Positive
7297,INV_25,2020-01-24 21:30:00,2020-01-24 22:27:00,57,False Positive
7298,INV_4,2020-01-24 22:38:00,2020-01-25 00:48:00,130,False Positive
7299,INV_14,2020-01-24 22:08:00,2020-01-25 00:46:00,158,Fraud
7300,INV_6,2020-01-24 21:26:00,2020-01-24 22:44:00,78,Fraud
7301,INV_23,2020-01-24 21:16:00,2020-01-24 21:33:00,17,False Positive
7302,INV_14,2020-01-24 22:37:00,2020-01-25 00:01:00,84,Fraud
7303,INV_14,2020-01-24 22:21:00,2020-01-24 22:53:00,32,Fraud
7304,INV_22,2020-01-24 22:15:00,2020-01-24 23:46:00,91,Fraud
7305,INV_16,2020-01-24 23:00:00,2020-01-25 01:54:00,174,False Positive
7306,INV_6,2020-01-24 23:25:00,2020-01-24 23:42:00,17,False Positive
7307,INV_12,2020-01-25 00:39:00,2020-01-25 01:46:00,67,Fraud
7308,INV_22,2020-01-25 00:17:00,2020-01-25 03:13:00,176,False Positive
7309,INV_22,2020-01-24 23:15:00,2020-01-25 02:02:00,167,Fraud
7310,INV_9,2020-01-24 23:24:00,2020-01-25 00:52:00,88,Fraud
7311,INV_2,2020-01-24 23:49:00,2020-01-25 00:00:00,11,Fraud
7312,INV_14,2020-01-24 23:10:00,2020-01-25 00:30:00,80,Fraud
7313,INV_25,2020-01-24 23:43:00,2020-01-25 00:56:00,73,Fraud
7314,INV_8,2020-01-25 01:36:00,2020-01-25 03:29:00,113,Fraud
7315,INV_10,2020-01-25 00:37:00,2020-01-25 01:54:00,77,Fraud
7316,INV_14,2020-01-25 01:01:00,2020-01-25 01:23:00,22,Fraud
7317,INV_10,2020-01-25 00:17:00,2020-01-25 02:50:00,153,False Positive
7318,INV_20,2020-01-25 01:32:00,2020-01-25 01:50:00,18,Fraud
7319,INV_19,2020-01-25 00:07:00,2020-01-25 02:12:00,125,Fraud
7320,INV_12,2020-01-25 00:56:00,2020-01-25 01:20:00,24,False Positive
7321,INV_5,2020-01-25 00:48:00,2020-01-25 03:04:00,136,False Positive
7322,INV_25,2020-01-25 00:17:00,2020-01-25 01:36:00,79,Fraud
7323,INV_9,2020-01-25 01:07:00,2020-01-25 02:23:00,76,Fraud
7324,INV_5,2020-01-25 00:51:00,2020-01-25 02:19:00,88,Fraud
7325,INV_15,2020-01-25 01:41:00,2020-01-25 04:12:00,151,Fraud
7326,INV_9,2020-01-25 01:33:00,2020-01-25 02:05:00,32,False Positive
7327,INV_15,2020-01-25 00:34:00,2020-01-25 01:16:00,42,Fraud
7328,INV_5,2020-01-25 02:46:00,2020-01-25 04:37:00,111,False Positive
7329,INV_6,2020-01-25 01:15:00,2020-01-25 02:32:00,77,False Positive
7330,INV_23,2020-01-25 02:30:00,2020-01-25 04:55:00,145,Fraud
7331,INV_24,2020-01-25 02:56:00,2020-01-25 03:53:00,57,Fraud
7332,INV_3,2020-01-25 01:30:00,2020-01-25 01:43:00,13,False Positive
7333,INV_24,2020-01-25 02:03:00,2020-01-25 04:42:00,159,Fraud
7334,INV_11,2020-01-25 01:12:00,2020-01-25 03:50:00,158,Fraud
7335,INV_23,2020-01-25 01:47:00,2020-01-25 03:37:00,110,False Positive
7336,INV_24,2020-01-25 01:58:00,2020-01-25 04:56:00,178,Fraud
7337,INV_13,2020-01-25 02:46:00,2020-01-25 05:15:00,149,Fraud
7338,INV_12,2020-01-25 01:07:00,2020-01-25 03:32:00,145,False Positive
7339,INV_12,2020-01-25 01:37:00,2020-01-25 03:31:00,114,False Positive
7340,INV_12,2020-01-25 02:09:00,2020-01-25 04:45:00,156,Fraud
7341,INV_19,2020-01-25 02:15:00,2020-01-25 04:21:00,126,False Positive
7342,INV_10,2020-01-25 03:22:00,2020-01-25 03:43:00,21,False Positive
7343,INV_7,2020-01-25 03:08:00,2020-01-25 04:29:00,81,Fraud
7344,INV_6,2020-01-25 02:25:00,2020-01-25 03:57:00,92,Fraud
7345,INV_18,2020-01-25 02:25:00,2020-01-25 05:18:00,173,False Positive
7346,INV_5,2020-01-25 02:46:00,2020-01-25 03:05:00,19,False Positive
7347,INV_13,2020-01-25 02:55:00,2020-01-25 04:16:00,81,Fraud
7348,INV_9,2020-01-25 02:17:00,2020-01-25 03:04:00,47,False Positive
7349,INV_10,2020-01-25 03:50:00,2020-01-25 06:08:00,138,False Positive
7350,INV_19,2020-01-25 03:18:00,2020-01-25 04:11:00,53,Fraud
7351,INV_8,2020-01-25 02:28:00,2020-01-25 04:02:00,94,Fraud
7352,INV_9,2020-01-25 02:07:00,2020-01-25 04:24:00,137,False Positive
7353,INV_10,2020-01-25 02:27:00,2020-01-25 05:09:00,162,Fraud
7354,INV_6,2020-01-25 03:17:00,2020-01-25 06:15:00,178,Fraud
7355,INV_24,2020-01-25 03:01:00,2020-01-25 03:19:00,18,Fraud
7356,INV_15,2020-01-25 02:34:00,2020-01-25 03:23:00,49,Fraud
7357,INV_11,2020-01-25 02:50:00,2020-01-25 03:03:00,13,Fraud
7358,INV_23,2020-01-25 02:06:00,2020-01-25 04:43:00,157,Fraud
7359,INV_19,2020-01-25 03:19:00,2020-01-25 05:12:00,113,Fraud
7360,INV_20,2020-01-25 03:11:00,2020-01-25 04:41:00,90,Fraud
7361,INV_10,2020-01-25 03:56:00,2020-01-25 04:22:00,26,False Positive
7362,INV_5,2020-01-25 04:16:00,2020-01-25 06:45:00,149,Fraud
7363,INV_21,2020-01-25 03:18:00,2020-01-25 05:46:00,148,Fraud
7364,INV_6,2020-01-25 04:23:00,2020-01-25 06:51:00,148,False Positive
7365,INV_23,2020-01-25 04:33:00,2020-01-25 04:57:00,24,False Positive
7366,INV_17,2020-01-25 03:58:00,2020-01-25 06:11:00,133,False Positive
7367,INV_11,2020-01-25 03:43:00,2020-01-25 05:38:00,115,False Positive
7368,INV_16,2020-01-25 03:59:00,2020-01-25 05:27:00,88,False Positive
7369,INV_20,2020-01-25 04:33:00,2020-01-25 07:02:00,149,False Positive
7370,INV_16,2020-01-25 04:46:00,2020-01-25 06:23:00,97,Fraud
7371,INV_5,2020-01-25 04:28:00,2020-01-25 06:05:00,97,Fraud
7372,INV_9,2020-01-25 04:33:00,2020-01-25 07:09:00,156,Fraud
7373,INV_20,2020-01-25 04:15:00,2020-01-25 04:57:00,42,False Positive
7374,INV_5,2020-01-25 05:17:00,2020-01-25 07:32:00,135,Fraud
7375,INV_6,2020-01-25 04:28:00,2020-01-25 05:31:00,63,Fraud
7376,INV_22,2020-01-25 05:00:00,2020-01-25 06:13:00,73,False Positive
7377,INV_22,2020-01-25 05:08:00,2020-01-25 06:04:00,56,Fraud
7378,INV_13,2020-01-25 05:52:00,2020-01-25 07:28:00,96,False Positive
7379,INV_1,2020-01-25 04:52:00,2020-01-25 05:56:00,64,Fraud
7380,INV_16,2020-01-25 05:01:00,2020-01-25 07:12:00,131,False Positive
7381,INV_10,2020-01-25 04:15:00,2020-01-25 04:47:00,32,Fraud
7382,INV_7,2020-01-25 05:40:00,2020-01-25 05:54:00,14,False Positive
7383,INV_14,2020-01-25 05:41:00,2020-01-25 08:02:00,141,False Positive
7384,INV_24,2020-01-25 06:56:00,2020-01-25 08:39:00,103,Fraud
7385,INV_12,2020-01-25 06:49:00,2020-01-25 09:16:00,147,False Positive
7386,INV_1,2020-01-25 06:02:00,2020-01-25 08:54:00,172,False Positive
7387,INV_14,2020-01-25 06:53:00,2020-01-25 07:49:00,56,False Positive
7388,INV_4,2020-01-25 05:50:00,2020-01-25 08:32:00,162,Fraud
7389,INV_2,2020-01-25 05:39:00,2020-01-25 07:15:00,96,False Positive
7390,INV_8,2020-01-25 05:25:00,2020-01-25 06:24:00,59,Fraud
7391,INV_15,2020-01-25 05:21:00,2020-01-25 07:11:00,110,False Positive
7392,INV_14,2020-01-25 07:48:00,2020-01-25 08:03:00,15,False Positive
7393,INV_19,2020-01-25 07:20:00,2020-01-25 07:34:00,14,Fraud
7394,INV_14,2020-01-25 07:22:00,2020-01-25 09:06:00,104,False Positive
7395,INV_19,2020-01-25 06:07:00,2020-01-25 06:24:00,17,False Positive
7396,INV_2,2020-01-25 06:34:00,2020-01-25 06:53:00,19,Fraud
7397,INV_11,2020-01-25 07:48:00,2020-01-25 08:56:00,68,False Positive
7398,INV_21,2020-01-25 07:11:00,2020-01-25 09:43:00,152,Fraud
7399,INV_22,2020-01-25 06:22:00,2020-01-25 09:00:00,158,False Positive
7400,INV_16,2020-01-25 06:26:00,2020-01-25 09:03:00,157,Fraud
7401,INV_7,2020-01-25 07:03:00,2020-01-25 09:38:00,155,Fraud
7402,INV_11,2020-01-25 07:06:00,2020-01-25 07:46:00,40,Fraud
7403,INV_17,2020-01-25 06:44:00,2020-01-25 08:59:00,135,Fraud
7404,INV_21,2020-01-25 06:16:00,2020-01-25 06:27:00,11,Fraud
7405,INV_7,2020-01-25 06:15:00,2020-01-25 08:44:00,149,False Positive
7406,INV_18,2020-01-25 06:29:00,2020-01-25 09:09:00,160,False Positive
7407,INV_3,2020-01-25 07:16:00,2020-01-25 07:54:00,38,False Positive
7408,INV_5,2020-01-25 07:10:00,2020-01-25 10:08:00,178,False Positive
7409,INV_12,2020-01-25 07:05:00,2020-01-25 07:33:00,28,Fraud
7410,INV_19,2020-01-25 08:57:00,2020-01-25 11:18:00,141,False Positive
7411,INV_12,2020-01-25 07:46:00,2020-01-25 08:11:00,25,False Positive
7412,INV_10,2020-01-25 08:33:00,2020-01-25 09:47:00,74,False Positive
7413,INV_22,2020-01-25 07:19:00,2020-01-25 10:18:00,179,False Positive
7414,INV_24,2020-01-25 08:09:00,2020-01-25 09:50:00,101,False Positive
7415,INV_2,2020-01-25 08:41:00,2020-01-25 09:57:00,76,Fraud
7416,INV_19,2020-01-25 07:44:00,2020-01-25 09:57:00,133,Fraud
7417,INV_19,2020-01-25 07:52:00,2020-01-25 09:13:00,81,Fraud
7418,INV_7,2020-01-25 07:40:00,2020-01-25 09:10:00,90,False Positive
7419,INV_9,2020-01-25 08:17:00,2020-01-25 08:34:00,17,Fraud
7420,INV_21,2020-01-25 08:54:00,2020-01-25 11:45:00,171,Fraud
7421,INV_9,2020-01-25 08:15:00,2020-01-25 09:50:00,95,False Positive
7422,INV_9,2020-01-25 08:17:00,2020-01-25 11:01:00,164,False Positive
7423,INV_22,2020-01-25 07:52:00,2020-01-25 10:19:00,147,False Positive
7424,INV_16,2020-01-25 09:24:00,2020-01-25 10:47:00,83,False Positive
7425,INV_23,2020-01-25 09:15:00,2020-01-25 10:59:00,104,False Positive
7426,INV_10,2020-01-25 08:56:00,2020-01-25 10:12:00,76,False Positive
7427,INV_24,2020-01-25 09:23:00,2020-01-25 10:53:00,90,Fraud
7428,INV_2,2020-01-25 08:23:00,2020-01-25 10:59:00,156,False Positive
7429,INV_9,2020-01-25 08:54:00,2020-01-25 10:22:00,88,Fraud
7430,INV_12,2020-01-25 08:38:00,2020-01-25 09:21:00,43,False Positive
7431,INV_9,2020-01-25 08:08:00,2020-01-25 09:54:00,106,Fraud
7432,INV_11,2020-01-25 10:39:00,2020-01-25 13:17:00,158,Fraud
7433,INV_25,2020-01-25 09:53:00,2020-01-25 11:37:00,104,Fraud
7434,INV_7,2020-01-25 10:37:00,2020-01-25 13:11:00,154,False Positive
7435,INV_25,2020-01-25 09:07:00,2020-01-25 11:10:00,123,Fraud
7436,INV_25,2020-01-25 10:11:00,2020-01-25 11:33:00,82,Fraud
7437,INV_17,2020-01-25 10:20:00,2020-01-25 11:21:00,61,False Positive
7438,INV_16,2020-01-25 10:13:00,2020-01-25 11:33:00,80,Fraud
7439,INV_24,2020-01-25 10:36:00,2020-01-25 13:00:00,144,False Positive
7440,INV_24,2020-01-25 11:51:00,2020-01-25 12:39:00,48,Fraud
7441,INV_16,2020-01-25 11:09:00,2020-01-25 13:49:00,160,Fraud
7442,INV_17,2020-01-25 11:50:00,2020-01-25 13:23:00,93,Fraud
7443,INV_13,2020-01-25 11:19:00,2020-01-25 13:51:00,152,Fraud
7444,INV_23,2020-01-25 11:28:00,2020-01-25 13:30:00,122,Fraud
7445,INV_18,2020-01-25 10:53:00,2020-01-25 12:11:00,78,Fraud
7446,INV_5,2020-01-25 10:40:00,2020-01-25 12:31:00,111,Fraud
7447,INV_1,2020-01-25 10:19:00,2020-01-25 12:53:00,154,False Positive
7448,INV_8,2020-01-25 11:22:00,2020-01-25 11:51:00,29,Fraud
7449,INV_8,2020-01-25 10:24:00,2020-01-25 10:40:00,16,Fraud
7450,INV_7,2020-01-25 12:50:00,2020-01-25 13:10:00,20,Fraud
7451,INV_16,2020-01-25 12:43:00,2020-01-25 13:09:00,26,False Positive
7452,INV_21,2020-01-25 12:28:00,2020-01-25 14:51:00,143,Fraud
7453,INV_24,2020-01-25 11:11:00,2020-01-25 12:07:00,56,False Positive
7454,INV_9,2020-01-25 12:55:00,2020-01-25 15:38:00,163,Fraud
7455,INV_8,2020-01-25 11:53:00,2020-01-25 12:29:00,36,Fraud
7456,INV_20,2020-01-25 13:00:00,2020-01-25 14:06:00,66,False Positive
7457,INV_3,2020-01-25 13:36:00,2020-01-25 14:53:00,77,False Positive
7458,INV_15,2020-01-25 13:34:00,2020-01-25 15:32:00,118,False Positive
7459,INV_9,2020-01-25 12:08:00,2020-01-25 12:21:00,13,Fraud
7460,INV_11,2020-01-25 13:15:00,2020-01-25 15:54:00,159,Fraud
7461,INV_8,2020-01-25 12:48:00,2020-01-25 15:16:00,148,Fraud
7462,INV_21,2020-01-25 13:54:00,2020-01-25 15:30:00,96,Fraud
7463,INV_8,2020-01-25 12:06:00,2020-01-25 12:47:00,41,Fraud
7464,INV_25,2020-01-25 13:46:00,2020-01-25 15:11:00,85,Fraud
7465,INV_4,2020-01-25 13:12:00,2020-01-25 16:06:00,174,False Positive
7466,INV_21,2020-01-25 12:58:00,2020-01-25 14:11:00,73,Fraud
7467,INV_4,2020-01-25 13:35:00,2020-01-25 16:34:00,179,Fraud
7468,INV_3,2020-01-25 14:03:00,2020-01-25 15:03:00,60,False Positive
7469,INV_5,2020-01-25 14:37:00,2020-01-25 17:19:00,162,Fraud
7470,INV_16,2020-01-25 14:15:00,2020-01-25 15:07:00,52,Fraud
7471,INV_14,2020-01-25 14:19:00,2020-01-25 16:18:00,119,False Positive
7472,INV_15,2020-01-25 14:08:00,2020-01-25 15:37:00,89,Fraud
7473,INV_20,2020-01-25 15:37:00,2020-01-25 16:55:00,78,Fraud
7474,INV_4,2020-01-25 15:20:00,2020-01-25 15:39:00,19,Fraud
7475,INV_5,2020-01-25 14:09:00,2020-01-25 14:23:00,14,False Positive
7476,INV_12,2020-01-25 15:25:00,2020-01-25 15:55:00,30,Fraud
7477,INV_3,2020-01-25 15:33:00,2020-01-25 17:24:00,111,Fraud
7478,INV_15,2020-01-25 16:08:00,2020-01-25 18:02:00,114,False Positive
7479,INV_11,2020-01-25 16:04:00,2020-01-25 18:17:00,133,Fraud
7480,INV_6,2020-01-25 15:14:00,2020-01-25 17:19:00,125,Fraud
7481,INV_20,2020-01-25 16:25:00,2020-01-25 18:30:00,125,Fraud
7482,INV_24,2020-01-25 16:02:00,2020-01-25 18:48:00,166,Fraud
7483,INV_12,2020-01-25 15:21:00,2020-01-25 16:49:00,88,Fraud
7484,INV_11,2020-01-25 16:36:00,2020-01-25 18:36:00,120,False Positive
7485,INV_15,2020-01-25 16:56:00,2020-01-25 17:47:00,51,False Positive
7486,INV_1,2020-01-25 15:31:00,2020-01-25 18:08:00,157,False Positive
7487,INV_18,2020-01-25 15:09:00,2020-01-25 15:38:00,29,Fraud
7488,INV_6,2020-01-25 15:27:00,2020-01-25 18:12:00,165,False Positive
7489,INV_12,2020-01-25 16:04:00,2020-01-25 16:59:00,55,Fraud
7490,INV_12,2020-01-25 17:04:00,2020-01-25 18:20:00,76,False Positive
7491,INV_12,2020-01-25 17:51:00,2020-01-25 19:52:00,121,Fraud
7492,INV_10,2020-01-25 16:21:00,2020-01-25 19:15:00,174,False Positive
7493,INV_1,2020-01-25 16:42:00,2020-01-25 17:13:00,31,Fraud
7494,INV_24,2020-01-25 16:49:00,2020-01-25 18:10:00,81,False Positive
7495,INV_8,2020-01-25 17:56:00,2020-01-25 20:16:00,140,Fraud
7496,INV_19,2020-01-25 17:10:00,2020-01-25 19:43:00,153,Fraud
7497,INV_21,2020-01-25 17:02:00,2020-01-25 17:19:00,17,False Positive
7498,INV_25,2020-01-25 16:14:00,2020-01-25 19:13:00,179,Fraud
7499,INV_16,2020-01-25 17:35:00,2020-01-25 18:52:00,77,Fraud
7500,INV_18,2020-01-25 18:35:00,2020-01-25 20:14:00,99,Fraud
7501,INV_25,2020-01-25 18:46:00,2020-01-25 20:04:00,78,False Positive
7502,INV_1,2020-01-25 18:51:00,2020-01-25 19:59:00,68,False Positive
7503,INV_21,2020-01-25 17:32:00,2020-01-25 18:25:00,53,False Positive
7504,INV_20,2020-01-25 18:30:00,2020-01-25 18:45:00,15,False Positive
7505,INV_1,2020-01-25 18:10:00,2020-01-25 18:28:00,18,False Positive
7506,INV_14,2020-01-25 19:09:00,2020-01-25 19:38:00,29,Fraud
7507,INV_4,2020-01-25 18:49:00,2020-01-25 20:42:00,113,Fraud
7508,INV_7,2020-01-25 18:45:00,2020-01-25 19:44:00,59,Fraud
7509,INV_16,2020-01-25 19:11:00,2020-01-25 19:25:00,14,False Positive
7510,INV_11,2020-01-25 18:27:00,2020-01-25 20:24:00,117,False Positive
7511,INV_5,2020-01-25 18:49:00,2020-01-25 19:48:00,59,Fraud
7512,INV_19,2020-01-25 19:50:00,2020-01-25 21:04:00,74,Fraud
7513,INV_12,2020-01-25 18:44:00,2020-01-25 19:02:00,18,Fraud
7514,INV_10,2020-01-25 20:32:00,2020-01-25 23:19:00,167,False Positive
7515,INV_2,2020-01-25 20:39:00,2020-01-25 22:49:00,130,False Positive
7516,INV_24,2020-01-25 20:12:00,2020-01-25 22:38:00,146,Fraud
7517,INV_24,2020-01-25 20:23:00,2020-01-25 23:19:00,176,Fraud
7518,INV_16,2020-01-25 19:52:00,2020-01-25 21:23:00,91,False Positive
7519,INV_9,2020-01-25 19:14:00,2020-01-25 19:59:00,45,False Positive
7520,INV_15,2020-01-25 20:36:00,2020-01-25 23:31:00,175,False Positive
7521,INV_5,2020-01-25 20:20:00,2020-01-25 20:52:00,32,False Positive
7522,INV_21,2020-01-25 20:31:00,2020-01-25 20:49:00,18,False Positive
7523,INV_21,2020-01-25 20:50:00,2020-01-25 23:10:00,140,False Positive
7524,INV_3,2020-01-25 19:05:00,2020-01-25 20:47:00,102,Fraud
7525,INV_8,2020-01-25 20:56:00,2020-01-25 23:15:00,139,Fraud
7526,INV_19,2020-01-25 20:50:00,2020-01-25 23:03:00,133,False Positive
7527,INV_12,2020-01-25 20:24:00,2020-01-25 22:17:00,113,Fraud
7528,INV_7,2020-01-25 20:42:00,2020-01-25 21:15:00,33,Fraud
7529,INV_19,2020-01-25 21:56:00,2020-01-25 23:00:00,64,Fraud
7530,INV_5,2020-01-25 20:36:00,2020-01-25 22:39:00,123,False Positive
7531,INV_1,2020-01-25 20:25:00,2020-01-25 21:44:00,79,Fraud
7532,INV_25,2020-01-25 21:25:00,2020-01-25 23:01:00,96,False Positive
7533,INV_1,2020-01-25 21:02:00,2020-01-25 21:48:00,46,Fraud
7534,INV_4,2020-01-25 22:43:00,2020-01-26 01:18:00,155,False Positive
7535,INV_10,2020-01-25 21:18:00,2020-01-25 22:09:00,51,False Positive
7536,INV_13,2020-01-25 21:19:00,2020-01-25 23:27:00,128,Fraud
7537,INV_5,2020-01-25 22:07:00,2020-01-26 01:00:00,173,Fraud
7538,INV_8,2020-01-25 22:52:00,2020-01-25 23:51:00,59,Fraud
7539,INV_2,2020-01-25 22:19:00,2020-01-25 22:58:00,39,False Positive
7540,INV_20,2020-01-25 22:05:00,2020-01-26 00:18:00,133,Fraud
7541,INV_23,2020-01-25 23:57:00,2020-01-26 02:25:00,148,Fraud
7542,INV_20,2020-01-25 22:48:00,2020-01-26 01:19:00,151,Fraud
7543,INV_22,2020-01-25 23:01:00,2020-01-26 00:22:00,81,Fraud
7544,INV_9,2020-01-25 23:10:00,2020-01-26 02:08:00,178,Fraud
7545,INV_18,2020-01-26 00:44:00,2020-01-26 02:06:00,82,False Positive
7546,INV_11,2020-01-25 23:41:00,2020-01-26 00:15:00,34,Fraud
7547,INV_9,2020-01-26 00:21:00,2020-01-26 01:13:00,52,False Positive
7548,INV_15,2020-01-26 00:02:00,2020-01-26 00:32:00,30,False Positive
7549,INV_6,2020-01-26 00:12:00,2020-01-26 02:01:00,109,False Positive
7550,INV_10,2020-01-26 00:45:00,2020-01-26 01:45:00,60,False Positive
7551,INV_25,2020-01-26 00:39:00,2020-01-26 01:10:00,31,False Positive
7552,INV_20,2020-01-26 01:24:00,2020-01-26 04:04:00,160,False Positive
7553,INV_18,2020-01-26 01:24:00,2020-01-26 03:52:00,148,Fraud
7554,INV_2,2020-01-26 01:33:00,2020-01-26 04:13:00,160,Fraud
7555,INV_9,2020-01-26 00:47:00,2020-01-26 01:09:00,22,False Positive
7556,INV_20,2020-01-26 00:11:00,2020-01-26 01:12:00,61,Fraud
7557,INV_4,2020-01-26 01:07:00,2020-01-26 02:17:00,70,False Positive
7558,INV_25,2020-01-26 00:30:00,2020-01-26 02:33:00,123,Fraud
7559,INV_17,2020-01-26 01:02:00,2020-01-26 01:57:00,55,Fraud
7560,INV_25,2020-01-26 01:58:00,2020-01-26 04:47:00,169,Fraud
7561,INV_22,2020-01-26 01:13:00,2020-01-26 02:55:00,102,False Positive
7562,INV_7,2020-01-26 00:17:00,2020-01-26 00:58:00,41,False Positive
7563,INV_17,2020-01-26 01:03:00,2020-01-26 01:27:00,24,Fraud
7564,INV_22,2020-01-26 00:23:00,2020-01-26 03:14:00,171,False Positive
7565,INV_12,2020-01-26 00:47:00,2020-01-26 01:40:00,53,Fraud
7566,INV_1,2020-01-26 01:54:00,2020-01-26 02:23:00,29,False Positive
7567,INV_15,2020-01-26 00:19:00,2020-01-26 02:03:00,104,Fraud
7568,INV_23,2020-01-26 01:48:00,2020-01-26 02:24:00,36,Fraud
7569,INV_8,2020-01-26 02:57:00,2020-01-26 04:55:00,118,Fraud
7570,INV_1,2020-01-26 01:07:00,2020-01-26 01:58:00,51,Fraud
7571,INV_17,2020-01-26 01:33:00,2020-01-26 01:48:00,15,Fraud
7572,INV_18,2020-01-26 02:39:00,2020-01-26 03:05:00,26,Fraud
7573,INV_19,2020-01-26 02:59:00,2020-01-26 03:33:00,34,False Positive
7574,INV_9,2020-01-26 01:34:00,2020-01-26 03:38:00,124,False Positive
7575,INV_7,2020-01-26 02:30:00,2020-01-26 02:43:00,13,False Positive
7576,INV_19,2020-01-26 02:49:00,2020-01-26 03:52:00,63,False Positive
7577,INV_21,2020-01-26 01:11:00,2020-01-26 01:23:00,12,Fraud
7578,INV_3,2020-01-26 02:23:00,2020-01-26 02:39:00,16,Fraud
7579,INV_23,2020-01-26 03:29:00,2020-01-26 04:22:00,53,Fraud
7580,INV_12,2020-01-26 02:54:00,2020-01-26 05:01:00,127,Fraud
7581,INV_22,2020-01-26 03:42:00,2020-01-26 05:38:00,116,False Positive
7582,INV_10,2020-01-26 02:33:00,2020-01-26 03:30:00,57,False Positive
7583,INV_15,2020-01-26 02:26:00,2020-01-26 03:21:00,55,Fraud
7584,INV_14,2020-01-26 03:57:00,2020-01-26 06:43:00,166,False Positive
7585,INV_23,2020-01-26 03:01:00,2020-01-26 03:16:00,15,Fraud
7586,INV_25,2020-01-26 04:41:00,2020-01-26 06:59:00,138,Fraud
7587,INV_11,2020-01-26 04:21:00,2020-01-26 05:29:00,68,Fraud
7588,INV_7,2020-01-26 04:38:00,2020-01-26 05:39:00,61,False Positive
7589,INV_17,2020-01-26 04:41:00,2020-01-26 05:20:00,39,False Positive
7590,INV_17,2020-01-26 03:46:00,2020-01-26 05:45:00,119,False Positive
7591,INV_16,2020-01-26 03:48:00,2020-01-26 04:22:00,34,Fraud
7592,INV_25,2020-01-26 04:14:00,2020-01-26 05:17:00,63,False Positive
7593,INV_3,2020-01-26 03:47:00,2020-01-26 05:02:00,75,Fraud
7594,INV_21,2020-01-26 04:49:00,2020-01-26 05:54:00,65,Fraud
7595,INV_4,2020-01-26 04:42:00,2020-01-26 07:05:00,143,Fraud
7596,INV_1,2020-01-26 04:22:00,2020-01-26 05:42:00,80,False Positive
7597,INV_18,2020-01-26 03:18:00,2020-01-26 04:18:00,60,False Positive
7598,INV_25,2020-01-26 05:48:00,2020-01-26 07:12:00,84,False Positive
7599,INV_24,2020-01-26 04:08:00,2020-01-26 05:51:00,103,False Positive
7600,INV_8,2020-01-26 04:55:00,2020-01-26 07:43:00,168,Fraud
7601,INV_12,2020-01-26 05:55:00,2020-01-26 08:45:00,170,False Positive
7602,INV_4,2020-01-26 05:16:00,2020-01-26 07:47:00,151,Fraud
7603,INV_9,2020-01-26 04:43:00,2020-01-26 05:19:00,36,Fraud
7604,INV_25,2020-01-26 04:24:00,2020-01-26 05:29:00,65,Fraud
7605,INV_17,2020-01-26 05:50:00,2020-01-26 06:56:00,66,False Positive
7606,INV_23,2020-01-26 06:32:00,2020-01-26 07:13:00,41,Fraud
7607,INV_8,2020-01-26 06:57:00,2020-01-26 09:42:00,165,Fraud
7608,INV_15,2020-01-26 05:36:00,2020-01-26 07:21:00,105,Fraud
7609,INV_18,2020-01-26 06:16:00,2020-01-26 06:57:00,41,False Positive
7610,INV_17,2020-01-26 06:00:00,2020-01-26 08:33:00,153,Fraud
7611,INV_22,2020-01-26 05:09:00,2020-01-26 07:23:00,134,False Positive
7612,INV_15,2020-01-26 06:29:00,2020-01-26 08:19:00,110,Fraud
7613,INV_14,2020-01-26 06:06:00,2020-01-26 06:43:00,37,Fraud
7614,INV_7,2020-01-26 06:34:00,2020-01-26 07:08:00,34,Fraud
7615,INV_12,2020-01-26 06:37:00,2020-01-26 09:05:00,148,Fraud
7616,INV_22,2020-01-26 05:10:00,2020-01-26 06:54:00,104,Fraud
7617,INV_16,2020-01-26 06:22:00,2020-01-26 07:16:00,54,Fraud
7618,INV_10,2020-01-26 05:39:00,2020-01-26 06:02:00,23,False Positive
7619,INV_24,2020-01-26 06:54:00,2020-01-26 07:33:00,39,Fraud
7620,INV_22,2020-01-26 06:02:00,2020-01-26 09:01:00,179,Fraud
7621,INV_23,2020-01-26 06:32:00,2020-01-26 07:26:00,54,False Positive
7622,INV_5,2020-01-26 06:14:00,2020-01-26 08:27:00,133,False Positive
7623,INV_6,2020-01-26 06:19:00,2020-01-26 07:55:00,96,False Positive
7624,INV_15,2020-01-26 07:56:00,2020-01-26 08:29:00,33,Fraud
7625,INV_14,2020-01-26 07:58:00,2020-01-26 10:53:00,175,False Positive
7626,INV_16,2020-01-26 07:29:00,2020-01-26 07:59:00,30,False Positive
7627,INV_18,2020-01-26 07:18:00,2020-01-26 07:28:00,10,Fraud
7628,INV_11,2020-01-26 06:31:00,2020-01-26 08:13:00,102,Fraud
7629,INV_3,2020-01-26 06:16:00,2020-01-26 08:19:00,123,Fraud
7630,INV_10,2020-01-26 06:37:00,2020-01-26 09:08:00,151,False Positive
7631,INV_14,2020-01-26 07:56:00,2020-01-26 10:41:00,165,False Positive
7632,INV_8,2020-01-26 07:40:00,2020-01-26 07:53:00,13,Fraud
7633,INV_1,2020-01-26 06:06:00,2020-01-26 06:30:00,24,Fraud
7634,INV_3,2020-01-26 07:26:00,2020-01-26 10:14:00,168,Fraud
7635,INV_14,2020-01-26 07:18:00,2020-01-26 08:03:00,45,False Positive
7636,INV_21,2020-01-26 08:19:00,2020-01-26 08:43:00,24,Fraud
7637,INV_24,2020-01-26 08:34:00,2020-01-26 10:15:00,101,Fraud
7638,INV_3,2020-01-26 08:09:00,2020-01-26 10:11:00,122,False Positive
7639,INV_22,2020-01-26 07:36:00,2020-01-26 10:25:00,169,False Positive
7640,INV_16,2020-01-26 07:40:00,2020-01-26 08:16:00,36,Fraud
7641,INV_2,2020-01-26 08:08:00,2020-01-26 10:55:00,167,Fraud
7642,INV_5,2020-01-26 08:25:00,2020-01-26 09:10:00,45,Fraud
7643,INV_9,2020-01-26 07:06:00,2020-01-26 08:26:00,80,False Positive
7644,INV_24,2020-01-26 08:37:00,2020-01-26 10:47:00,130,False Positive
7645,INV_3,2020-01-26 08:31:00,2020-01-26 10:27:00,116,Fraud
7646,INV_18,2020-01-26 09:50:00,2020-01-26 10:31:00,41,Fraud
7647,INV_22,2020-01-26 08:27:00,2020-01-26 10:56:00,149,Fraud
7648,INV_4,2020-01-26 09:12:00,2020-01-26 10:20:00,68,False Positive
7649,INV_4,2020-01-26 08:19:00,2020-01-26 09:55:00,96,Fraud
7650,INV_9,2020-01-26 08:17:00,2020-01-26 08:34:00,17,Fraud
7651,INV_25,2020-01-26 09:20:00,2020-01-26 10:03:00,43,False Positive
7652,INV_23,2020-01-26 08:56:00,2020-01-26 11:02:00,126,Fraud
7653,INV_5,2020-01-26 08:23:00,2020-01-26 08:48:00,25,Fraud
7654,INV_20,2020-01-26 08:27:00,2020-01-26 10:33:00,126,False Positive
7655,INV_4,2020-01-26 08:46:00,2020-01-26 11:05:00,139,Fraud
7656,INV_20,2020-01-26 08:45:00,2020-01-26 09:26:00,41,Fraud
7657,INV_15,2020-01-26 09:21:00,2020-01-26 10:30:00,69,Fraud
7658,INV_4,2020-01-26 08:14:00,2020-01-26 09:40:00,86,Fraud
7659,INV_14,2020-01-26 09:21:00,2020-01-26 11:05:00,104,False Positive
7660,INV_15,2020-01-26 09:08:00,2020-01-26 10:37:00,89,Fraud
7661,INV_14,2020-01-26 10:20:00,2020-01-26 12:03:00,103,Fraud
7662,INV_5,2020-01-26 10:15:00,2020-01-26 12:11:00,116,False Positive
7663,INV_7,2020-01-26 09:34:00,2020-01-26 10:47:00,73,Fraud
7664,INV_16,2020-01-26 10:29:00,2020-01-26 11:08:00,39,False Positive
7665,INV_11,2020-01-26 10:56:00,2020-01-26 13:06:00,130,Fraud
7666,INV_25,2020-01-26 10:55:00,2020-01-26 11:15:00,20,False Positive
7667,INV_2,2020-01-26 09:43:00,2020-01-26 10:16:00,33,Fraud
7668,INV_17,2020-01-26 11:47:00,2020-01-26 13:25:00,98,False Positive
7669,INV_21,2020-01-26 10:38:00,2020-01-26 12:13:00,95,Fraud
7670,INV_12,2020-01-26 10:21:00,2020-01-26 10:31:00,10,False Positive
7671,INV_11,2020-01-26 10:16:00,2020-01-26 11:11:00,55,False Positive
7672,INV_9,2020-01-26 11:06:00,2020-01-26 12:29:00,83,False Positive
7673,INV_14,2020-01-26 11:56:00,2020-01-26 14:43:00,167,False Positive
7674,INV_17,2020-01-26 10:23:00,2020-01-26 11:38:00,75,False Positive
7675,INV_5,2020-01-26 10:28:00,2020-01-26 10:50:00,22,Fraud
7676,INV_9,2020-01-26 11:38:00,2020-01-26 12:18:00,40,Fraud
7677,INV_5,2020-01-26 11:24:00,2020-01-26 13:03:00,99,Fraud
7678,INV_22,2020-01-26 11:27:00,2020-01-26 14:00:00,153,False Positive
7679,INV_3,2020-01-26 10:56:00,2020-01-26 11:49:00,53,False Positive
7680,INV_3,2020-01-26 12:59:00,2020-01-26 14:37:00,98,False Positive
7681,INV_25,2020-01-26 11:08:00,2020-01-26 12:27:00,79,Fraud
7682,INV_23,2020-01-26 12:53:00,2020-01-26 14:42:00,109,Fraud
7683,INV_6,2020-01-26 12:11:00,2020-01-26 13:07:00,56,Fraud
7684,INV_15,2020-01-26 12:23:00,2020-01-26 14:40:00,137,Fraud
7685,INV_10,2020-01-26 12:08:00,2020-01-26 15:03:00,175,Fraud
7686,INV_24,2020-01-26 12:18:00,2020-01-26 14:38:00,140,Fraud
7687,INV_24,2020-01-26 11:14:00,2020-01-26 12:07:00,53,False Positive
7688,INV_18,2020-01-26 12:41:00,2020-01-26 14:12:00,91,False Positive
7689,INV_24,2020-01-26 11:37:00,2020-01-26 13:53:00,136,False Positive
7690,INV_18,2020-01-26 11:10:00,2020-01-26 13:02:00,112,False Positive
7691,INV_16,2020-01-26 12:49:00,2020-01-26 13:33:00,44,False Positive
7692,INV_22,2020-01-26 12:18:00,2020-01-26 14:36:00,138,False Positive
7693,INV_10,2020-01-26 11:12:00,2020-01-26 12:25:00,73,Fraud
7694,INV_14,2020-01-26 12:28:00,2020-01-26 13:13:00,45,Fraud
7695,INV_2,2020-01-26 13:23:00,2020-01-26 15:24:00,121,False Positive
7696,INV_24,2020-01-26 12:38:00,2020-01-26 13:02:00,24,Fraud
7697,INV_3,2020-01-26 12:48:00,2020-01-26 15:29:00,161,Fraud
7698,INV_12,2020-01-26 13:15:00,2020-01-26 15:07:00,112,Fraud
7699,INV_10,2020-01-26 13:21:00,2020-01-26 14:33:00,72,False Positive
7700,INV_20,2020-01-26 12:13:00,2020-01-26 14:56:00,163,Fraud
7701,INV_3,2020-01-26 12:43:00,2020-01-26 15:41:00,178,Fraud
7702,INV_25,2020-01-26 13:55:00,2020-01-26 16:28:00,153,False Positive
7703,INV_5,2020-01-26 13:00:00,2020-01-26 14:25:00,85,False Positive
7704,INV_3,2020-01-26 12:06:00,2020-01-26 12:52:00,46,False Positive
7705,INV_12,2020-01-26 13:26:00,2020-01-26 14:07:00,41,Fraud
7706,INV_8,2020-01-26 14:20:00,2020-01-26 14:35:00,15,False Positive
7707,INV_8,2020-01-26 13:57:00,2020-01-26 14:17:00,20,Fraud
7708,INV_2,2020-01-26 13:20:00,2020-01-26 16:05:00,165,Fraud
7709,INV_23,2020-01-26 14:04:00,2020-01-26 14:56:00,52,Fraud
7710,INV_17,2020-01-26 13:06:00,2020-01-26 13:51:00,45,Fraud
7711,INV_12,2020-01-26 14:21:00,2020-01-26 16:25:00,124,False Positive
7712,INV_22,2020-01-26 14:20:00,2020-01-26 17:06:00,166,Fraud
7713,INV_9,2020-01-26 14:33:00,2020-01-26 16:41:00,128,False Positive
7714,INV_19,2020-01-26 13:50:00,2020-01-26 15:44:00,114,Fraud
7715,INV_7,2020-01-26 13:07:00,2020-01-26 13:37:00,30,Fraud
7716,INV_21,2020-01-26 14:29:00,2020-01-26 16:25:00,116,False Positive
7717,INV_16,2020-01-26 13:39:00,2020-01-26 15:34:00,115,Fraud
7718,INV_6,2020-01-26 14:23:00,2020-01-26 16:38:00,135,Fraud
7719,INV_10,2020-01-26 14:43:00,2020-01-26 15:35:00,52,Fraud
7720,INV_2,2020-01-26 14:24:00,2020-01-26 17:12:00,168,False Positive
7721,INV_20,2020-01-26 14:34:00,2020-01-26 16:21:00,107,Fraud
7722,INV_22,2020-01-26 14:04:00,2020-01-26 15:28:00,84,False Positive
7723,INV_5,2020-01-26 13:54:00,2020-01-26 16:38:00,164,False Positive
7724,INV_9,2020-01-26 13:16:00,2020-01-26 16:12:00,176,Fraud
7725,INV_11,2020-01-26 14:45:00,2020-01-26 15:30:00,45,Fraud
7726,INV_13,2020-01-26 15:20:00,2020-01-26 18:01:00,161,False Positive
7727,INV_15,2020-01-26 14:09:00,2020-01-26 16:10:00,121,Fraud
7728,INV_6,2020-01-26 14:49:00,2020-01-26 16:13:00,84,Fraud
7729,INV_25,2020-01-26 14:52:00,2020-01-26 15:07:00,15,False Positive
7730,INV_13,2020-01-26 14:51:00,2020-01-26 17:31:00,160,Fraud
7731,INV_9,2020-01-26 14:34:00,2020-01-26 14:48:00,14,Fraud
7732,INV_6,2020-01-26 14:53:00,2020-01-26 15:28:00,35,False Positive
7733,INV_18,2020-01-26 15:28:00,2020-01-26 16:08:00,40,Fraud
7734,INV_21,2020-01-26 15:12:00,2020-01-26 15:45:00,33,False Positive
7735,INV_18,2020-01-26 14:52:00,2020-01-26 16:07:00,75,False Positive
7736,INV_3,2020-01-26 15:55:00,2020-01-26 16:59:00,64,Fraud
7737,INV_7,2020-01-26 14:29:00,2020-01-26 15:46:00,77,Fraud
7738,INV_5,2020-01-26 15:25:00,2020-01-26 17:04:00,99,False Positive
7739,INV_20,2020-01-26 15:27:00,2020-01-26 17:47:00,140,False Positive
7740,INV_21,2020-01-26 15:25:00,2020-01-26 18:04:00,159,False Positive
7741,INV_3,2020-01-26 15:14:00,2020-01-26 18:04:00,170,False Positive
7742,INV_4,2020-01-26 16:38:00,2020-01-26 18:58:00,140,Fraud
7743,INV_12,2020-01-26 16:46:00,2020-01-26 17:05:00,19,Fraud
7744,INV_7,2020-01-26 15:16:00,2020-01-26 17:59:00,163,False Positive
7745,INV_2,2020-01-26 15:51:00,2020-01-26 16:48:00,57,Fraud
7746,INV_7,2020-01-26 16:55:00,2020-01-26 17:20:00,25,Fraud
7747,INV_12,2020-01-26 15:57:00,2020-01-26 18:26:00,149,Fraud
7748,INV_23,2020-01-26 15:35:00,2020-01-26 15:52:00,17,Fraud
7749,INV_17,2020-01-26 15:52:00,2020-01-26 17:10:00,78,Fraud
7750,INV_15,2020-01-26 17:33:00,2020-01-26 20:00:00,147,False Positive
7751,INV_1,2020-01-26 17:36:00,2020-01-26 20:08:00,152,Fraud
7752,INV_3,2020-01-26 16:53:00,2020-01-26 19:05:00,132,False Positive
7753,INV_4,2020-01-26 16:54:00,2020-01-26 18:20:00,86,Fraud
7754,INV_7,2020-01-26 16:37:00,2020-01-26 19:29:00,172,Fraud
7755,INV_10,2020-01-26 16:05:00,2020-01-26 16:32:00,27,False Positive
7756,INV_10,2020-01-26 18:05:00,2020-01-26 19:50:00,105,False Positive
7757,INV_3,2020-01-26 17:30:00,2020-01-26 18:42:00,72,Fraud
7758,INV_6,2020-01-26 18:43:00,2020-01-26 20:33:00,110,False Positive
7759,INV_24,2020-01-26 17:30:00,2020-01-26 18:46:00,76,False Positive
7760,INV_22,2020-01-26 18:13:00,2020-01-26 19:42:00,89,Fraud
7761,INV_20,2020-01-26 18:02:00,2020-01-26 18:56:00,54,False Positive
7762,INV_18,2020-01-26 18:11:00,2020-01-26 19:19:00,68,Fraud
7763,INV_7,2020-01-26 18:56:00,2020-01-26 21:44:00,168,Fraud
7764,INV_9,2020-01-26 18:59:00,2020-01-26 20:40:00,101,Fraud
7765,INV_18,2020-01-26 17:06:00,2020-01-26 17:33:00,27,False Positive
7766,INV_14,2020-01-26 18:54:00,2020-01-26 20:45:00,111,False Positive
7767,INV_19,2020-01-26 17:42:00,2020-01-26 19:00:00,78,Fraud
7768,INV_24,2020-01-26 17:22:00,2020-01-26 19:56:00,154,Fraud
7769,INV_6,2020-01-26 18:10:00,2020-01-26 19:44:00,94,Fraud
7770,INV_4,2020-01-26 17:53:00,2020-01-26 18:05:00,12,False Positive
7771,INV_19,2020-01-26 17:37:00,2020-01-26 19:52:00,135,False Positive
7772,INV_18,2020-01-26 19:44:00,2020-01-26 22:05:00,141,False Positive
7773,INV_14,2020-01-26 18:15:00,2020-01-26 19:23:00,68,Fraud
7774,INV_13,2020-01-26 18:51:00,2020-01-26 21:28:00,157,False Positive
7775,INV_8,2020-01-26 19:21:00,2020-01-26 21:58:00,157,Fraud
7776,INV_19,2020-01-26 19:38:00,2020-01-26 19:50:00,12,Fraud
7777,INV_19,2020-01-26 18:37:00,2020-01-26 19:40:00,63,Fraud
7778,INV_6,2020-01-26 19:11:00,2020-01-26 20:40:00,89,False Positive
7779,INV_1,2020-01-26 19:30:00,2020-01-26 20:26:00,56,Fraud
7780,INV_2,2020-01-26 19:43:00,2020-01-26 22:21:00,158,Fraud
7781,INV_4,2020-01-26 19:51:00,2020-01-26 22:03:00,132,Fraud
7782,INV_20,2020-01-26 20:56:00,2020-01-26 23:55:00,179,False Positive
7783,INV_21,2020-01-26 20:44:00,2020-01-26 23:43:00,179,False Positive
7784,INV_24,2020-01-26 20:40:00,2020-01-26 22:45:00,125,False Positive
7785,INV_25,2020-01-26 20:29:00,2020-01-26 22:42:00,133,False Positive
7786,INV_13,2020-01-26 19:19:00,2020-01-26 20:32:00,73,Fraud
7787,INV_4,2020-01-26 20:38:00,2020-01-26 21:15:00,37,Fraud
7788,INV_19,2020-01-26 20:28:00,2020-01-26 23:02:00,154,Fraud
7789,INV_13,2020-01-26 20:40:00,2020-01-26 22:13:00,93,Fraud
7790,INV_20,2020-01-26 20:18:00,2020-01-26 21:41:00,83,False Positive
7791,INV_7,2020-01-26 20:25:00,2020-01-26 21:06:00,41,Fraud
7792,INV_18,2020-01-26 20:31:00,2020-01-26 22:33:00,122,False Positive
7793,INV_17,2020-01-26 20:09:00,2020-01-26 23:02:00,173,False Positive
7794,INV_11,2020-01-26 20:35:00,2020-01-26 21:01:00,26,Fraud
7795,INV_13,2020-01-26 20:49:00,2020-01-26 21:04:00,15,Fraud
7796,INV_8,2020-01-26 20:28:00,2020-01-26 20:43:00,15,Fraud
7797,INV_23,2020-01-26 20:56:00,2020-01-26 23:28:00,152,Fraud
7798,INV_9,2020-01-26 20:19:00,2020-01-26 22:24:00,125,Fraud
7799,INV_9,2020-01-26 20:49:00,2020-01-26 22:39:00,110,Fraud
7800,INV_6,2020-01-26 21:46:00,2020-01-27 00:00:00,134,Fraud
7801,INV_7,2020-01-26 21:21:00,2020-01-26 22:14:00,53,False Positive
7802,INV_25,2020-01-26 22:54:00,2020-01-27 01:46:00,172,Fraud
7803,INV_11,2020-01-26 22:32:00,2020-01-26 23:19:00,47,Fraud
7804,INV_9,2020-01-26 22:38:00,2020-01-27 00:58:00,140,Fraud
7805,INV_12,2020-01-26 21:14:00,2020-01-26 22:29:00,75,False Positive
7806,INV_12,2020-01-26 22:08:00,2020-01-27 00:07:00,119,Fraud
7807,INV_9,2020-01-26 22:44:00,2020-01-26 23:05:00,21,Fraud
7808,INV_5,2020-01-26 21:08:00,2020-01-26 21:58:00,50,False Positive
7809,INV_24,2020-01-26 21:21:00,2020-01-27 00:09:00,168,False Positive
7810,INV_5,2020-01-26 21:55:00,2020-01-26 23:55:00,120,Fraud
7811,INV_15,2020-01-26 21:47:00,2020-01-26 23:28:00,101,Fraud
7812,INV_22,2020-01-26 22:47:00,2020-01-26 23:41:00,54,Fraud
7813,INV_15,2020-01-26 22:19:00,2020-01-26 23:52:00,93,False Positive
7814,INV_5,2020-01-26 22:30:00,2020-01-26 22:41:00,11,False Positive
7815,INV_25,2020-01-26 22:10:00,2020-01-27 00:43:00,153,False Positive
7816,INV_6,2020-01-26 22:04:00,2020-01-26 23:29:00,85,False Positive
7817,INV_8,2020-01-26 21:12:00,2020-01-26 23:19:00,127,False Positive
7818,INV_22,2020-01-26 22:25:00,2020-01-26 23:51:00,86,Fraud
7819,INV_6,2020-01-26 21:11:00,2020-01-26 22:56:00,105,Fraud
7820,INV_17,2020-01-26 22:08:00,2020-01-26 23:22:00,74,Fraud
7821,INV_4,2020-01-26 22:16:00,2020-01-27 01:10:00,174,False Positive
7822,INV_12,2020-01-26 23:46:00,2020-01-27 00:15:00,29,Fraud
7823,INV_10,2020-01-26 22:55:00,2020-01-26 23:57:00,62,False Positive
7824,INV_1,2020-01-27 00:09:00,2020-01-27 01:20:00,71,False Positive
7825,INV_5,2020-01-27 00:18:00,2020-01-27 02:54:00,156,Fraud
7826,INV_11,2020-01-27 00:18:00,2020-01-27 02:43:00,145,False Positive
7827,INV_14,2020-01-26 23:22:00,2020-01-27 01:30:00,128,Fraud
7828,INV_24,2020-01-27 00:52:00,2020-01-27 03:22:00,150,Fraud
7829,INV_20,2020-01-27 00:44:00,2020-01-27 02:09:00,85,Fraud
7830,INV_22,2020-01-27 00:11:00,2020-01-27 02:38:00,147,Fraud
7831,INV_13,2020-01-27 00:32:00,2020-01-27 03:15:00,163,Fraud
7832,INV_11,2020-01-27 00:47:00,2020-01-27 02:16:00,89,False Positive
7833,INV_15,2020-01-27 01:07:00,2020-01-27 01:45:00,38,False Positive
7834,INV_7,2020-01-27 01:38:00,2020-01-27 03:06:00,88,Fraud
7835,INV_12,2020-01-27 00:57:00,2020-01-27 03:29:00,152,Fraud
7836,INV_17,2020-01-27 00:25:00,2020-01-27 02:47:00,142,Fraud
7837,INV_24,2020-01-27 01:59:00,2020-01-27 02:45:00,46,False Positive
7838,INV_22,2020-01-27 00:29:00,2020-01-27 03:14:00,165,False Positive
7839,INV_9,2020-01-27 01:27:00,2020-01-27 01:44:00,17,Fraud
7840,INV_19,2020-01-27 02:31:00,2020-01-27 03:05:00,34,Fraud
7841,INV_23,2020-01-27 02:26:00,2020-01-27 04:03:00,97,Fraud
7842,INV_15,2020-01-27 01:25:00,2020-01-27 01:42:00,17,Fraud
7843,INV_19,2020-01-27 01:59:00,2020-01-27 04:48:00,169,False Positive
7844,INV_1,2020-01-27 02:28:00,2020-01-27 03:51:00,83,Fraud
7845,INV_20,2020-01-27 02:15:00,2020-01-27 03:06:00,51,False Positive
7846,INV_21,2020-01-27 02:49:00,2020-01-27 03:32:00,43,Fraud
7847,INV_8,2020-01-27 02:39:00,2020-01-27 02:53:00,14,Fraud
7848,INV_12,2020-01-27 01:14:00,2020-01-27 04:02:00,168,Fraud
7849,INV_18,2020-01-27 01:51:00,2020-01-27 04:47:00,176,False Positive
7850,INV_13,2020-01-27 02:23:00,2020-01-27 05:11:00,168,False Positive
7851,INV_23,2020-01-27 02:06:00,2020-01-27 02:36:00,30,False Positive
7852,INV_21,2020-01-27 02:23:00,2020-01-27 05:10:00,167,Fraud
7853,INV_13,2020-01-27 01:36:00,2020-01-27 03:14:00,98,False Positive
7854,INV_20,2020-01-27 02:25:00,2020-01-27 04:28:00,123,Fraud
7855,INV_21,2020-01-27 02:18:00,2020-01-27 05:14:00,176,Fraud
7856,INV_22,2020-01-27 02:12:00,2020-01-27 05:02:00,170,Fraud
7857,INV_5,2020-01-27 01:18:00,2020-01-27 04:16:00,178,Fraud
7858,INV_24,2020-01-27 01:32:00,2020-01-27 02:58:00,86,False Positive
7859,INV_15,2020-01-27 02:16:00,2020-01-27 05:12:00,176,Fraud
7860,INV_23,2020-01-27 02:06:00,2020-01-27 03:55:00,109,Fraud
7861,INV_18,2020-01-27 02:19:00,2020-01-27 04:11:00,112,Fraud
7862,INV_13,2020-01-27 01:56:00,2020-01-27 03:20:00,84,Fraud
7863,INV_10,2020-01-27 01:51:00,2020-01-27 03:08:00,77,False Positive
7864,INV_17,2020-01-27 02:56:00,2020-01-27 04:15:00,79,False Positive
7865,INV_14,2020-01-27 03:13:00,2020-01-27 05:31:00,138,Fraud
7866,INV_17,2020-01-27 03:12:00,2020-01-27 06:04:00,172,Fraud
7867,INV_3,2020-01-27 02:28:00,2020-01-27 04:50:00,142,Fraud
7868,INV_14,2020-01-27 02:42:00,2020-01-27 04:38:00,116,Fraud
7869,INV_10,2020-01-27 03:14:00,2020-01-27 05:25:00,131,Fraud
7870,INV_17,2020-01-27 04:00:00,2020-01-27 05:18:00,78,False Positive
7871,INV_20,2020-01-27 03:10:00,2020-01-27 03:32:00,22,Fraud
7872,INV_20,2020-01-27 03:36:00,2020-01-27 05:10:00,94,False Positive
7873,INV_2,2020-01-27 03:58:00,2020-01-27 06:38:00,160,Fraud
7874,INV_3,2020-01-27 05:56:00,2020-01-27 07:33:00,97,Fraud
7875,INV_13,2020-01-27 05:39:00,2020-01-27 08:29:00,170,False Positive
7876,INV_18,2020-01-27 05:29:00,2020-01-27 06:05:00,36,Fraud
7877,INV_20,2020-01-27 04:20:00,2020-01-27 05:17:00,57,Fraud
7878,INV_15,2020-01-27 04:59:00,2020-01-27 05:35:00,36,False Positive
7879,INV_16,2020-01-27 04:48:00,2020-01-27 07:38:00,170,False Positive
7880,INV_5,2020-01-27 05:31:00,2020-01-27 06:06:00,35,Fraud
7881,INV_24,2020-01-27 06:07:00,2020-01-27 09:02:00,175,False Positive
7882,INV_14,2020-01-27 06:57:00,2020-01-27 09:07:00,130,False Positive
7883,INV_13,2020-01-27 06:06:00,2020-01-27 07:52:00,106,Fraud
7884,INV_21,2020-01-27 06:28:00,2020-01-27 07:46:00,78,Fraud
7885,INV_23,2020-01-27 05:59:00,2020-01-27 06:44:00,45,Fraud
7886,INV_12,2020-01-27 06:42:00,2020-01-27 08:46:00,124,Fraud
7887,INV_16,2020-01-27 06:49:00,2020-01-27 08:45:00,116,Fraud
7888,INV_9,2020-01-27 06:17:00,2020-01-27 08:04:00,107,False Positive
7889,INV_2,2020-01-27 06:28:00,2020-01-27 09:09:00,161,Fraud
7890,INV_12,2020-01-27 06:23:00,2020-01-27 08:33:00,130,False Positive
7891,INV_10,2020-01-27 06:05:00,2020-01-27 07:18:00,73,Fraud
7892,INV_24,2020-01-27 06:01:00,2020-01-27 08:51:00,170,Fraud
7893,INV_18,2020-01-27 06:49:00,2020-01-27 07:50:00,61,Fraud
7894,INV_14,2020-01-27 05:44:00,2020-01-27 06:59:00,75,False Positive
7895,INV_15,2020-01-27 05:36:00,2020-01-27 07:32:00,116,Fraud
7896,INV_9,2020-01-27 06:18:00,2020-01-27 07:36:00,78,Fraud
7897,INV_9,2020-01-27 05:15:00,2020-01-27 06:27:00,72,False Positive
7898,INV_9,2020-01-27 05:12:00,2020-01-27 05:51:00,39,Fraud
7899,INV_24,2020-01-27 06:58:00,2020-01-27 07:38:00,40,False Positive
7900,INV_22,2020-01-27 06:58:00,2020-01-27 07:42:00,44,Fraud
7901,INV_11,2020-01-27 06:39:00,2020-01-27 08:44:00,125,Fraud
7902,INV_15,2020-01-27 07:42:00,2020-01-27 08:36:00,54,Fraud
7903,INV_8,2020-01-27 07:48:00,2020-01-27 09:10:00,82,Fraud
7904,INV_25,2020-01-27 07:05:00,2020-01-27 09:26:00,141,Fraud
7905,INV_14,2020-01-27 07:15:00,2020-01-27 09:30:00,135,Fraud
7906,INV_11,2020-01-27 07:47:00,2020-01-27 09:03:00,76,False Positive
7907,INV_4,2020-01-27 07:45:00,2020-01-27 08:25:00,40,False Positive
7908,INV_22,2020-01-27 08:35:00,2020-01-27 10:36:00,121,Fraud
7909,INV_12,2020-01-27 07:45:00,2020-01-27 09:05:00,80,Fraud
7910,INV_13,2020-01-27 08:12:00,2020-01-27 10:39:00,147,Fraud
7911,INV_17,2020-01-27 07:58:00,2020-01-27 10:31:00,153,Fraud
7912,INV_2,2020-01-27 07:57:00,2020-01-27 09:17:00,80,False Positive
7913,INV_11,2020-01-27 08:08:00,2020-01-27 09:39:00,91,False Positive
7914,INV_9,2020-01-27 07:32:00,2020-01-27 10:00:00,148,Fraud
7915,INV_11,2020-01-27 07:41:00,2020-01-27 09:36:00,115,Fraud
7916,INV_10,2020-01-27 09:05:00,2020-01-27 10:55:00,110,False Positive
7917,INV_1,2020-01-27 09:54:00,2020-01-27 10:35:00,41,Fraud
7918,INV_12,2020-01-27 08:09:00,2020-01-27 10:48:00,159,False Positive
7919,INV_8,2020-01-27 09:07:00,2020-01-27 09:54:00,47,Fraud
7920,INV_11,2020-01-27 09:52:00,2020-01-27 12:25:00,153,False Positive
7921,INV_9,2020-01-27 09:17:00,2020-01-27 09:37:00,20,Fraud
7922,INV_10,2020-01-27 08:47:00,2020-01-27 11:04:00,137,Fraud
7923,INV_10,2020-01-27 08:27:00,2020-01-27 11:26:00,179,Fraud
7924,INV_19,2020-01-27 09:06:00,2020-01-27 11:18:00,132,Fraud
7925,INV_15,2020-01-27 10:49:00,2020-01-27 13:00:00,131,Fraud
7926,INV_10,2020-01-27 09:36:00,2020-01-27 12:28:00,172,Fraud
7927,INV_7,2020-01-27 10:22:00,2020-01-27 11:38:00,76,Fraud
7928,INV_22,2020-01-27 09:50:00,2020-01-27 12:20:00,150,Fraud
7929,INV_24,2020-01-27 09:40:00,2020-01-27 09:56:00,16,Fraud
7930,INV_8,2020-01-27 10:29:00,2020-01-27 12:52:00,143,Fraud
7931,INV_23,2020-01-27 09:51:00,2020-01-27 12:22:00,151,Fraud
7932,INV_24,2020-01-27 10:49:00,2020-01-27 11:37:00,48,Fraud
7933,INV_20,2020-01-27 11:17:00,2020-01-27 13:09:00,112,Fraud
7934,INV_14,2020-01-27 11:56:00,2020-01-27 14:15:00,139,False Positive
7935,INV_17,2020-01-27 10:12:00,2020-01-27 12:20:00,128,Fraud
7936,INV_21,2020-01-27 10:58:00,2020-01-27 12:33:00,95,False Positive
7937,INV_2,2020-01-27 10:26:00,2020-01-27 10:41:00,15,Fraud
7938,INV_14,2020-01-27 10:27:00,2020-01-27 11:43:00,76,False Positive
7939,INV_11,2020-01-27 11:39:00,2020-01-27 12:42:00,63,False Positive
7940,INV_24,2020-01-27 11:40:00,2020-01-27 13:07:00,87,False Positive
7941,INV_5,2020-01-27 10:42:00,2020-01-27 13:02:00,140,Fraud
7942,INV_14,2020-01-27 12:49:00,2020-01-27 14:17:00,88,Fraud
7943,INV_5,2020-01-27 11:58:00,2020-01-27 12:09:00,11,False Positive
7944,INV_13,2020-01-27 12:39:00,2020-01-27 14:00:00,81,False Positive
7945,INV_13,2020-01-27 12:40:00,2020-01-27 13:15:00,35,False Positive
7946,INV_15,2020-01-27 12:43:00,2020-01-27 13:21:00,38,Fraud
7947,INV_14,2020-01-27 12:51:00,2020-01-27 13:14:00,23,False Positive
7948,INV_7,2020-01-27 11:11:00,2020-01-27 12:47:00,96,Fraud
7949,INV_8,2020-01-27 11:56:00,2020-01-27 13:22:00,86,False Positive
7950,INV_15,2020-01-27 11:22:00,2020-01-27 12:16:00,54,Fraud
7951,INV_10,2020-01-27 11:05:00,2020-01-27 11:36:00,31,Fraud
7952,INV_19,2020-01-27 11:38:00,2020-01-27 11:53:00,15,Fraud
7953,INV_7,2020-01-27 11:17:00,2020-01-27 13:20:00,123,False Positive
7954,INV_1,2020-01-27 12:43:00,2020-01-27 13:34:00,51,Fraud
7955,INV_11,2020-01-27 11:49:00,2020-01-27 13:15:00,86,Fraud
7956,INV_5,2020-01-27 12:58:00,2020-01-27 15:42:00,164,Fraud
7957,INV_6,2020-01-27 11:09:00,2020-01-27 13:03:00,114,Fraud
7958,INV_13,2020-01-27 12:18:00,2020-01-27 14:09:00,111,False Positive
7959,INV_15,2020-01-27 12:44:00,2020-01-27 13:55:00,71,Fraud
7960,INV_4,2020-01-27 13:48:00,2020-01-27 15:00:00,72,Fraud
7961,INV_24,2020-01-27 13:58:00,2020-01-27 15:58:00,120,False Positive
7962,INV_25,2020-01-27 13:56:00,2020-01-27 16:12:00,136,False Positive
7963,INV_8,2020-01-27 12:39:00,2020-01-27 13:42:00,63,False Positive
7964,INV_20,2020-01-27 12:30:00,2020-01-27 13:06:00,36,Fraud
7965,INV_20,2020-01-27 13:03:00,2020-01-27 14:53:00,110,False Positive
7966,INV_2,2020-01-27 13:58:00,2020-01-27 16:51:00,173,Fraud
7967,INV_8,2020-01-27 13:12:00,2020-01-27 13:36:00,24,Fraud
7968,INV_12,2020-01-27 13:44:00,2020-01-27 15:17:00,93,Fraud
7969,INV_23,2020-01-27 13:32:00,2020-01-27 16:29:00,177,Fraud
7970,INV_2,2020-01-27 13:35:00,2020-01-27 14:52:00,77,Fraud
7971,INV_20,2020-01-27 14:07:00,2020-01-27 15:05:00,58,False Positive
7972,INV_10,2020-01-27 14:28:00,2020-01-27 16:14:00,106,Fraud
7973,INV_6,2020-01-27 14:35:00,2020-01-27 14:58:00,23,Fraud
7974,INV_18,2020-01-27 13:42:00,2020-01-27 16:35:00,173,Fraud
7975,INV_1,2020-01-27 14:08:00,2020-01-27 16:32:00,144,Fraud
7976,INV_24,2020-01-27 14:59:00,2020-01-27 16:43:00,104,Fraud
7977,INV_9,2020-01-27 14:45:00,2020-01-27 17:37:00,172,Fraud
7978,INV_9,2020-01-27 14:00:00,2020-01-27 15:33:00,93,Fraud
7979,INV_5,2020-01-27 14:12:00,2020-01-27 15:29:00,77,False Positive
7980,INV_14,2020-01-27 13:25:00,2020-01-27 16:10:00,165,Fraud
7981,INV_2,2020-01-27 14:55:00,2020-01-27 17:44:00,169,Fraud
7982,INV_16,2020-01-27 15:07:00,2020-01-27 17:45:00,158,Fraud
7983,INV_20,2020-01-27 14:05:00,2020-01-27 15:37:00,92,Fraud
7984,INV_6,2020-01-27 14:23:00,2020-01-27 16:05:00,102,False Positive
7985,INV_7,2020-01-27 15:14:00,2020-01-27 16:02:00,48,False Positive
7986,INV_22,2020-01-27 15:57:00,2020-01-27 18:23:00,146,Fraud
7987,INV_9,2020-01-27 14:20:00,2020-01-27 16:25:00,125,False Positive
7988,INV_1,2020-01-27 14:14:00,2020-01-27 16:09:00,115,Fraud
7989,INV_21,2020-01-27 14:22:00,2020-01-27 14:41:00,19,Fraud
7990,INV_9,2020-01-27 15:30:00,2020-01-27 15:40:00,10,False Positive
7991,INV_18,2020-01-27 15:32:00,2020-01-27 17:58:00,146,Fraud
7992,INV_12,2020-01-27 15:08:00,2020-01-27 16:43:00,95,Fraud
7993,INV_25,2020-01-27 14:42:00,2020-01-27 16:09:00,87,Fraud
7994,INV_4,2020-01-27 14:44:00,2020-01-27 15:25:00,41,Fraud
7995,INV_14,2020-01-27 15:23:00,2020-01-27 17:35:00,132,Fraud
7996,INV_9,2020-01-27 15:13:00,2020-01-27 17:09:00,116,False Positive
7997,INV_11,2020-01-27 16:40:00,2020-01-27 17:13:00,33,False Positive
7998,INV_5,2020-01-27 15:10:00,2020-01-27 16:46:00,96,False Positive
7999,INV_10,2020-01-27 15:47:00,2020-01-27 17:55:00,128,False Positive
8000,INV_4,2020-01-27 16:13:00,2020-01-27 18:17:00,124,False Positive
8001,INV_24,2020-01-27 16:25:00,2020-01-27 18:14:00,109,False Positive
8002,INV_11,2020-01-27 16:00:00,2020-01-27 17:45:00,105,Fraud
8003,INV_7,2020-01-27 15:56:00,2020-01-27 16:13:00,17,False Positive
8004,INV_24,2020-01-27 15:11:00,2020-01-27 16:18:00,67,False Positive
8005,INV_6,2020-01-27 16:52:00,2020-01-27 17:59:00,67,False Positive
8006,INV_1,2020-01-27 16:53:00,2020-01-27 18:25:00,92,Fraud
8007,INV_23,2020-01-27 16:25:00,2020-01-27 19:24:00,179,Fraud
8008,INV_14,2020-01-27 16:07:00,2020-01-27 17:20:00,73,Fraud
8009,INV_16,2020-01-27 16:02:00,2020-01-27 18:36:00,154,Fraud
8010,INV_5,2020-01-27 17:34:00,2020-01-27 19:13:00,99,Fraud
8011,INV_20,2020-01-27 17:07:00,2020-01-27 19:00:00,113,Fraud
8012,INV_3,2020-01-27 17:34:00,2020-01-27 18:53:00,79,Fraud
8013,INV_24,2020-01-27 17:18:00,2020-01-27 19:39:00,141,Fraud
8014,INV_9,2020-01-27 16:27:00,2020-01-27 17:09:00,42,Fraud
8015,INV_14,2020-01-27 17:42:00,2020-01-27 17:58:00,16,False Positive
8016,INV_17,2020-01-27 17:36:00,2020-01-27 18:46:00,70,False Positive
8017,INV_2,2020-01-27 16:58:00,2020-01-27 18:54:00,116,False Positive
8018,INV_6,2020-01-27 17:16:00,2020-01-27 17:57:00,41,False Positive
8019,INV_15,2020-01-27 17:14:00,2020-01-27 17:55:00,41,False Positive
8020,INV_7,2020-01-27 17:33:00,2020-01-27 17:57:00,24,Fraud
8021,INV_19,2020-01-27 16:25:00,2020-01-27 16:40:00,15,False Positive
8022,INV_22,2020-01-27 17:29:00,2020-01-27 19:21:00,112,False Positive
8023,INV_16,2020-01-27 17:08:00,2020-01-27 17:32:00,24,Fraud
8024,INV_23,2020-01-27 17:05:00,2020-01-27 18:01:00,56,Fraud
8025,INV_22,2020-01-27 18:53:00,2020-01-27 20:35:00,102,False Positive
8026,INV_21,2020-01-27 18:55:00,2020-01-27 19:31:00,36,Fraud
8027,INV_11,2020-01-27 17:19:00,2020-01-27 19:41:00,142,False Positive
8028,INV_19,2020-01-27 17:43:00,2020-01-27 19:38:00,115,False Positive
8029,INV_4,2020-01-27 17:42:00,2020-01-27 18:11:00,29,False Positive
8030,INV_8,2020-01-27 17:53:00,2020-01-27 19:35:00,102,False Positive
8031,INV_14,2020-01-27 17:38:00,2020-01-27 19:00:00,82,Fraud
8032,INV_24,2020-01-27 17:41:00,2020-01-27 19:14:00,93,Fraud
8033,INV_19,2020-01-27 18:00:00,2020-01-27 20:26:00,146,Fraud
8034,INV_3,2020-01-27 18:43:00,2020-01-27 21:11:00,148,False Positive
8035,INV_2,2020-01-27 18:49:00,2020-01-27 19:46:00,57,False Positive
8036,INV_3,2020-01-27 18:39:00,2020-01-27 21:37:00,178,False Positive
8037,INV_3,2020-01-27 18:40:00,2020-01-27 18:50:00,10,Fraud
8038,INV_15,2020-01-27 18:38:00,2020-01-27 19:25:00,47,Fraud
8039,INV_20,2020-01-27 18:33:00,2020-01-27 20:13:00,100,False Positive
8040,INV_19,2020-01-27 18:15:00,2020-01-27 20:19:00,124,Fraud
8041,INV_17,2020-01-27 18:14:00,2020-01-27 20:30:00,136,Fraud
8042,INV_23,2020-01-27 20:48:00,2020-01-27 23:24:00,156,False Positive
8043,INV_7,2020-01-27 19:39:00,2020-01-27 20:57:00,78,False Positive
8044,INV_14,2020-01-27 19:26:00,2020-01-27 20:04:00,38,Fraud
8045,INV_4,2020-01-27 20:13:00,2020-01-27 20:43:00,30,Fraud
8046,INV_23,2020-01-27 19:47:00,2020-01-27 22:21:00,154,Fraud
8047,INV_9,2020-01-27 19:35:00,2020-01-27 22:06:00,151,Fraud
8048,INV_4,2020-01-27 20:56:00,2020-01-27 22:11:00,75,Fraud
8049,INV_21,2020-01-27 19:25:00,2020-01-27 21:21:00,116,False Positive
8050,INV_9,2020-01-27 19:33:00,2020-01-27 19:53:00,20,Fraud
8051,INV_25,2020-01-27 20:27:00,2020-01-27 23:16:00,169,Fraud
8052,INV_23,2020-01-27 20:18:00,2020-01-27 22:46:00,148,False Positive
8053,INV_24,2020-01-27 19:39:00,2020-01-27 21:41:00,122,False Positive
8054,INV_1,2020-01-27 20:42:00,2020-01-27 23:20:00,158,False Positive
8055,INV_3,2020-01-27 20:00:00,2020-01-27 22:24:00,144,Fraud
8056,INV_7,2020-01-27 20:25:00,2020-01-27 23:11:00,166,Fraud
8057,INV_25,2020-01-27 21:02:00,2020-01-27 21:44:00,42,Fraud
8058,INV_5,2020-01-27 21:20:00,2020-01-28 00:06:00,166,Fraud
8059,INV_23,2020-01-27 21:23:00,2020-01-27 22:54:00,91,False Positive
8060,INV_18,2020-01-27 20:34:00,2020-01-27 22:06:00,92,Fraud
8061,INV_7,2020-01-27 20:08:00,2020-01-27 22:45:00,157,Fraud
8062,INV_23,2020-01-27 21:48:00,2020-01-28 00:21:00,153,False Positive
8063,INV_11,2020-01-27 21:53:00,2020-01-28 00:01:00,128,Fraud
8064,INV_21,2020-01-27 21:49:00,2020-01-27 23:08:00,79,False Positive
8065,INV_16,2020-01-27 21:27:00,2020-01-27 21:50:00,23,Fraud
8066,INV_2,2020-01-27 22:57:00,2020-01-27 23:41:00,44,Fraud
8067,INV_18,2020-01-27 21:54:00,2020-01-27 22:20:00,26,Fraud
8068,INV_25,2020-01-27 21:42:00,2020-01-27 23:07:00,85,False Positive
8069,INV_21,2020-01-27 21:28:00,2020-01-27 23:28:00,120,Fraud
8070,INV_21,2020-01-27 21:41:00,2020-01-27 23:46:00,125,Fraud
8071,INV_24,2020-01-27 21:15:00,2020-01-28 00:01:00,166,Fraud
8072,INV_21,2020-01-27 21:59:00,2020-01-27 23:24:00,85,Fraud
8073,INV_21,2020-01-27 21:28:00,2020-01-27 22:53:00,85,False Positive
8074,INV_22,2020-01-27 22:45:00,2020-01-28 00:08:00,83,Fraud
8075,INV_2,2020-01-27 22:29:00,2020-01-27 22:51:00,22,Fraud
8076,INV_24,2020-01-27 23:32:00,2020-01-27 23:43:00,11,Fraud
8077,INV_3,2020-01-27 22:58:00,2020-01-27 23:43:00,45,False Positive
8078,INV_19,2020-01-27 22:20:00,2020-01-27 22:31:00,11,False Positive
8079,INV_23,2020-01-27 22:24:00,2020-01-27 23:59:00,95,Fraud
8080,INV_14,2020-01-27 22:58:00,2020-01-28 00:37:00,99,Fraud
8081,INV_2,2020-01-27 22:58:00,2020-01-27 23:36:00,38,False Positive
8082,INV_11,2020-01-27 23:02:00,2020-01-28 00:01:00,59,Fraud
8083,INV_21,2020-01-27 23:25:00,2020-01-28 00:35:00,70,Fraud
8084,INV_3,2020-01-27 22:32:00,2020-01-27 23:33:00,61,False Positive
8085,INV_7,2020-01-27 23:37:00,2020-01-28 00:45:00,68,Fraud
8086,INV_25,2020-01-27 22:11:00,2020-01-27 23:35:00,84,False Positive
8087,INV_3,2020-01-27 23:03:00,2020-01-28 00:16:00,73,Fraud
8088,INV_12,2020-01-27 22:08:00,2020-01-27 22:28:00,20,Fraud
8089,INV_3,2020-01-27 22:39:00,2020-01-28 01:12:00,153,Fraud
8090,INV_24,2020-01-27 23:18:00,2020-01-28 00:09:00,51,Fraud
8091,INV_15,2020-01-27 22:29:00,2020-01-28 00:18:00,109,False Positive
8092,INV_24,2020-01-27 22:55:00,2020-01-28 01:42:00,167,Fraud
8093,INV_10,2020-01-27 22:22:00,2020-01-28 00:18:00,116,Fraud
8094,INV_15,2020-01-27 23:52:00,2020-01-28 01:40:00,108,False Positive
8095,INV_12,2020-01-27 23:52:00,2020-01-28 01:17:00,85,Fraud
8096,INV_13,2020-01-28 00:19:00,2020-01-28 01:00:00,41,Fraud
8097,INV_14,2020-01-27 23:30:00,2020-01-28 01:22:00,112,Fraud
8098,INV_6,2020-01-27 23:14:00,2020-01-28 01:59:00,165,Fraud
8099,INV_15,2020-01-28 00:30:00,2020-01-28 02:58:00,148,Fraud
8100,INV_3,2020-01-28 00:33:00,2020-01-28 00:43:00,10,False Positive
8101,INV_6,2020-01-27 23:21:00,2020-01-28 01:17:00,116,Fraud
8102,INV_10,2020-01-28 00:54:00,2020-01-28 03:51:00,177,Fraud
8103,INV_22,2020-01-28 00:40:00,2020-01-28 01:57:00,77,False Positive
8104,INV_14,2020-01-27 23:16:00,2020-01-28 01:23:00,127,Fraud
8105,INV_11,2020-01-28 00:27:00,2020-01-28 02:30:00,123,Fraud
8106,INV_5,2020-01-28 01:35:00,2020-01-28 04:25:00,170,Fraud
8107,INV_9,2020-01-28 01:55:00,2020-01-28 02:35:00,40,Fraud
8108,INV_2,2020-01-28 00:26:00,2020-01-28 02:14:00,108,Fraud
8109,INV_14,2020-01-28 01:54:00,2020-01-28 04:38:00,164,False Positive
8110,INV_7,2020-01-28 01:36:00,2020-01-28 04:34:00,178,Fraud
8111,INV_5,2020-01-28 00:44:00,2020-01-28 01:35:00,51,Fraud
8112,INV_6,2020-01-28 01:33:00,2020-01-28 04:30:00,177,False Positive
8113,INV_7,2020-01-28 01:06:00,2020-01-28 01:56:00,50,False Positive
8114,INV_11,2020-01-28 01:10:00,2020-01-28 03:11:00,121,Fraud
8115,INV_13,2020-01-28 01:06:00,2020-01-28 02:54:00,108,Fraud
8116,INV_2,2020-01-28 01:25:00,2020-01-28 02:57:00,92,False Positive
8117,INV_4,2020-01-28 00:28:00,2020-01-28 00:48:00,20,Fraud
8118,INV_13,2020-01-28 01:24:00,2020-01-28 03:06:00,102,Fraud
8119,INV_1,2020-01-28 00:27:00,2020-01-28 00:58:00,31,Fraud
8120,INV_4,2020-01-28 01:27:00,2020-01-28 02:36:00,69,Fraud
8121,INV_12,2020-01-28 02:23:00,2020-01-28 03:16:00,53,Fraud
8122,INV_12,2020-01-28 02:22:00,2020-01-28 04:52:00,150,False Positive
8123,INV_6,2020-01-28 02:33:00,2020-01-28 04:04:00,91,Fraud
8124,INV_4,2020-01-28 02:50:00,2020-01-28 05:08:00,138,False Positive
8125,INV_15,2020-01-28 02:29:00,2020-01-28 04:12:00,103,False Positive
8126,INV_25,2020-01-28 02:09:00,2020-01-28 03:02:00,53,Fraud
8127,INV_17,2020-01-28 02:25:00,2020-01-28 03:19:00,54,Fraud
8128,INV_8,2020-01-28 02:36:00,2020-01-28 03:42:00,66,Fraud
8129,INV_3,2020-01-28 02:02:00,2020-01-28 04:42:00,160,Fraud
8130,INV_17,2020-01-28 03:50:00,2020-01-28 06:34:00,164,False Positive
8131,INV_7,2020-01-28 02:13:00,2020-01-28 03:13:00,60,Fraud
8132,INV_15,2020-01-28 03:44:00,2020-01-28 06:08:00,144,Fraud
8133,INV_19,2020-01-28 03:47:00,2020-01-28 04:31:00,44,False Positive
8134,INV_7,2020-01-28 03:29:00,2020-01-28 04:50:00,81,Fraud
8135,INV_20,2020-01-28 02:41:00,2020-01-28 03:40:00,59,False Positive
8136,INV_7,2020-01-28 03:34:00,2020-01-28 06:30:00,176,False Positive
8137,INV_20,2020-01-28 02:17:00,2020-01-28 03:24:00,67,False Positive
8138,INV_10,2020-01-28 03:54:00,2020-01-28 04:27:00,33,Fraud
8139,INV_18,2020-01-28 03:17:00,2020-01-28 03:43:00,26,Fraud
8140,INV_25,2020-01-28 03:34:00,2020-01-28 05:13:00,99,Fraud
8141,INV_5,2020-01-28 02:26:00,2020-01-28 03:36:00,70,False Positive
8142,INV_24,2020-01-28 02:59:00,2020-01-28 04:26:00,87,False Positive
8143,INV_25,2020-01-28 02:53:00,2020-01-28 03:05:00,12,False Positive
8144,INV_23,2020-01-28 02:43:00,2020-01-28 05:39:00,176,False Positive
8145,INV_19,2020-01-28 02:27:00,2020-01-28 03:12:00,45,False Positive
8146,INV_1,2020-01-28 03:43:00,2020-01-28 04:32:00,49,Fraud
8147,INV_20,2020-01-28 04:33:00,2020-01-28 05:18:00,45,False Positive
8148,INV_8,2020-01-28 04:13:00,2020-01-28 05:33:00,80,False Positive
8149,INV_20,2020-01-28 04:50:00,2020-01-28 05:00:00,10,Fraud
8150,INV_15,2020-01-28 03:14:00,2020-01-28 04:17:00,63,Fraud
8151,INV_19,2020-01-28 03:12:00,2020-01-28 05:53:00,161,Fraud
8152,INV_13,2020-01-28 04:07:00,2020-01-28 06:38:00,151,False Positive
8153,INV_4,2020-01-28 04:38:00,2020-01-28 05:14:00,36,False Positive
8154,INV_2,2020-01-28 03:06:00,2020-01-28 03:25:00,19,Fraud
8155,INV_20,2020-01-28 04:12:00,2020-01-28 06:15:00,123,False Positive
8156,INV_11,2020-01-28 05:13:00,2020-01-28 07:51:00,158,False Positive
8157,INV_9,2020-01-28 05:10:00,2020-01-28 06:26:00,76,False Positive
8158,INV_10,2020-01-28 05:29:00,2020-01-28 06:09:00,40,False Positive
8159,INV_14,2020-01-28 05:11:00,2020-01-28 06:09:00,58,False Positive
8160,INV_19,2020-01-28 04:06:00,2020-01-28 05:29:00,83,False Positive
8161,INV_1,2020-01-28 04:34:00,2020-01-28 07:07:00,153,False Positive
8162,INV_21,2020-01-28 05:39:00,2020-01-28 07:56:00,137,Fraud
8163,INV_12,2020-01-28 05:42:00,2020-01-28 08:22:00,160,False Positive
8164,INV_18,2020-01-28 05:57:00,2020-01-28 06:51:00,54,False Positive
8165,INV_6,2020-01-28 05:49:00,2020-01-28 06:03:00,14,False Positive
8166,INV_1,2020-01-28 04:08:00,2020-01-28 04:29:00,21,Fraud
8167,INV_5,2020-01-28 04:05:00,2020-01-28 07:01:00,176,Fraud
8168,INV_22,2020-01-28 04:40:00,2020-01-28 05:06:00,26,False Positive
8169,INV_18,2020-01-28 04:59:00,2020-01-28 06:49:00,110,Fraud
8170,INV_5,2020-01-28 06:17:00,2020-01-28 08:35:00,138,False Positive
8171,INV_17,2020-01-28 06:33:00,2020-01-28 06:49:00,16,Fraud
8172,INV_24,2020-01-28 05:28:00,2020-01-28 05:50:00,22,False Positive
8173,INV_18,2020-01-28 05:51:00,2020-01-28 07:35:00,104,False Positive
8174,INV_8,2020-01-28 06:18:00,2020-01-28 09:05:00,167,False Positive
8175,INV_17,2020-01-28 06:40:00,2020-01-28 09:39:00,179,False Positive
8176,INV_9,2020-01-28 06:51:00,2020-01-28 08:21:00,90,False Positive
8177,INV_2,2020-01-28 06:03:00,2020-01-28 08:40:00,157,False Positive
8178,INV_23,2020-01-28 06:28:00,2020-01-28 07:14:00,46,False Positive
8179,INV_2,2020-01-28 07:29:00,2020-01-28 09:59:00,150,False Positive
8180,INV_12,2020-01-28 06:56:00,2020-01-28 07:34:00,38,Fraud
8181,INV_2,2020-01-28 06:24:00,2020-01-28 08:38:00,134,False Positive
8182,INV_24,2020-01-28 07:06:00,2020-01-28 07:25:00,19,False Positive
8183,INV_12,2020-01-28 06:37:00,2020-01-28 08:12:00,95,False Positive
8184,INV_19,2020-01-28 07:26:00,2020-01-28 09:00:00,94,Fraud
8185,INV_13,2020-01-28 07:05:00,2020-01-28 08:08:00,63,False Positive
8186,INV_12,2020-01-28 08:31:00,2020-01-28 09:11:00,40,False Positive
8187,INV_4,2020-01-28 07:37:00,2020-01-28 09:26:00,109,Fraud
8188,INV_24,2020-01-28 07:16:00,2020-01-28 09:25:00,129,Fraud
8189,INV_20,2020-01-28 07:21:00,2020-01-28 08:27:00,66,Fraud
8190,INV_11,2020-01-28 09:03:00,2020-01-28 11:32:00,149,False Positive
8191,INV_25,2020-01-28 09:35:00,2020-01-28 12:12:00,157,Fraud
8192,INV_17,2020-01-28 08:13:00,2020-01-28 10:00:00,107,Fraud
8193,INV_25,2020-01-28 08:20:00,2020-01-28 10:01:00,101,False Positive
8194,INV_14,2020-01-28 09:18:00,2020-01-28 10:50:00,92,Fraud
8195,INV_21,2020-01-28 09:57:00,2020-01-28 10:09:00,12,Fraud
8196,INV_17,2020-01-28 08:47:00,2020-01-28 10:10:00,83,False Positive
8197,INV_22,2020-01-28 09:55:00,2020-01-28 11:47:00,112,False Positive
8198,INV_11,2020-01-28 09:32:00,2020-01-28 12:14:00,162,Fraud
8199,INV_20,2020-01-28 08:19:00,2020-01-28 09:01:00,42,Fraud
8200,INV_3,2020-01-28 09:19:00,2020-01-28 10:27:00,68,Fraud
8201,INV_7,2020-01-28 08:07:00,2020-01-28 08:47:00,40,Fraud
8202,INV_12,2020-01-28 09:20:00,2020-01-28 09:32:00,12,Fraud
8203,INV_4,2020-01-28 08:38:00,2020-01-28 10:51:00,133,Fraud
8204,INV_17,2020-01-28 08:19:00,2020-01-28 09:07:00,48,False Positive
8205,INV_22,2020-01-28 09:24:00,2020-01-28 10:11:00,47,Fraud
8206,INV_1,2020-01-28 10:30:00,2020-01-28 11:25:00,55,False Positive
8207,INV_6,2020-01-28 09:09:00,2020-01-28 11:47:00,158,Fraud
8208,INV_5,2020-01-28 10:14:00,2020-01-28 11:45:00,91,Fraud
8209,INV_22,2020-01-28 09:45:00,2020-01-28 10:49:00,64,False Positive
8210,INV_23,2020-01-28 09:42:00,2020-01-28 11:59:00,137,Fraud
8211,INV_20,2020-01-28 09:11:00,2020-01-28 09:31:00,20,False Positive
8212,INV_4,2020-01-28 09:13:00,2020-01-28 10:29:00,76,False Positive
8213,INV_8,2020-01-28 09:36:00,2020-01-28 10:48:00,72,False Positive
8214,INV_21,2020-01-28 10:37:00,2020-01-28 11:05:00,28,False Positive
8215,INV_2,2020-01-28 09:28:00,2020-01-28 10:29:00,61,False Positive
8216,INV_23,2020-01-28 11:55:00,2020-01-28 14:37:00,162,False Positive
8217,INV_5,2020-01-28 10:30:00,2020-01-28 10:44:00,14,False Positive
8218,INV_10,2020-01-28 10:49:00,2020-01-28 13:01:00,132,Fraud
8219,INV_13,2020-01-28 10:27:00,2020-01-28 10:52:00,25,False Positive
8220,INV_23,2020-01-28 10:55:00,2020-01-28 12:21:00,86,Fraud
8221,INV_4,2020-01-28 10:35:00,2020-01-28 11:46:00,71,Fraud
8222,INV_5,2020-01-28 10:48:00,2020-01-28 11:06:00,18,Fraud
8223,INV_7,2020-01-28 10:48:00,2020-01-28 11:42:00,54,Fraud
8224,INV_20,2020-01-28 10:52:00,2020-01-28 11:24:00,32,False Positive
8225,INV_17,2020-01-28 11:15:00,2020-01-28 13:11:00,116,Fraud
8226,INV_15,2020-01-28 11:43:00,2020-01-28 14:29:00,166,Fraud
8227,INV_4,2020-01-28 11:26:00,2020-01-28 12:27:00,61,Fraud
8228,INV_2,2020-01-28 10:28:00,2020-01-28 10:47:00,19,Fraud
8229,INV_13,2020-01-28 10:50:00,2020-01-28 11:11:00,21,Fraud
8230,INV_9,2020-01-28 11:30:00,2020-01-28 11:54:00,24,Fraud
8231,INV_21,2020-01-28 11:22:00,2020-01-28 12:08:00,46,False Positive
8232,INV_2,2020-01-28 11:41:00,2020-01-28 13:04:00,83,Fraud
8233,INV_20,2020-01-28 11:48:00,2020-01-28 12:04:00,16,False Positive
8234,INV_20,2020-01-28 11:23:00,2020-01-28 13:30:00,127,Fraud
8235,INV_21,2020-01-28 12:41:00,2020-01-28 15:31:00,170,Fraud
8236,INV_6,2020-01-28 12:50:00,2020-01-28 13:37:00,47,Fraud
8237,INV_22,2020-01-28 12:32:00,2020-01-28 13:03:00,31,Fraud
8238,INV_9,2020-01-28 12:14:00,2020-01-28 14:18:00,124,Fraud
8239,INV_21,2020-01-28 11:30:00,2020-01-28 13:17:00,107,Fraud
8240,INV_16,2020-01-28 12:43:00,2020-01-28 15:31:00,168,Fraud
8241,INV_25,2020-01-28 12:23:00,2020-01-28 13:14:00,51,Fraud
8242,INV_7,2020-01-28 12:47:00,2020-01-28 12:59:00,12,False Positive
8243,INV_16,2020-01-28 12:48:00,2020-01-28 15:32:00,164,Fraud
8244,INV_6,2020-01-28 13:30:00,2020-01-28 14:43:00,73,False Positive
8245,INV_2,2020-01-28 12:16:00,2020-01-28 13:34:00,78,Fraud
8246,INV_15,2020-01-28 13:59:00,2020-01-28 16:47:00,168,False Positive
8247,INV_12,2020-01-28 13:08:00,2020-01-28 13:45:00,37,False Positive
8248,INV_20,2020-01-28 12:16:00,2020-01-28 12:31:00,15,Fraud
8249,INV_9,2020-01-28 12:21:00,2020-01-28 13:50:00,89,Fraud
8250,INV_20,2020-01-28 13:31:00,2020-01-28 14:12:00,41,Fraud
8251,INV_14,2020-01-28 12:35:00,2020-01-28 13:03:00,28,Fraud
8252,INV_7,2020-01-28 14:13:00,2020-01-28 15:31:00,78,Fraud
8253,INV_16,2020-01-28 13:56:00,2020-01-28 15:53:00,117,False Positive
8254,INV_13,2020-01-28 13:52:00,2020-01-28 16:01:00,129,False Positive
8255,INV_9,2020-01-28 13:19:00,2020-01-28 14:10:00,51,Fraud
8256,INV_5,2020-01-28 13:07:00,2020-01-28 13:54:00,47,Fraud
8257,INV_25,2020-01-28 13:07:00,2020-01-28 15:44:00,157,Fraud
8258,INV_12,2020-01-28 13:19:00,2020-01-28 14:17:00,58,Fraud
8259,INV_14,2020-01-28 14:25:00,2020-01-28 14:51:00,26,False Positive
8260,INV_3,2020-01-28 15:39:00,2020-01-28 17:57:00,138,False Positive
8261,INV_14,2020-01-28 15:32:00,2020-01-28 16:05:00,33,False Positive
8262,INV_11,2020-01-28 16:14:00,2020-01-28 17:01:00,47,Fraud
8263,INV_4,2020-01-28 16:39:00,2020-01-28 19:36:00,177,Fraud
8264,INV_9,2020-01-28 15:41:00,2020-01-28 17:33:00,112,Fraud
8265,INV_3,2020-01-28 15:47:00,2020-01-28 16:32:00,45,Fraud
8266,INV_9,2020-01-28 16:50:00,2020-01-28 18:16:00,86,Fraud
8267,INV_9,2020-01-28 16:27:00,2020-01-28 18:41:00,134,Fraud
8268,INV_15,2020-01-28 15:47:00,2020-01-28 17:00:00,73,False Positive
8269,INV_18,2020-01-28 15:51:00,2020-01-28 17:19:00,88,False Positive
8270,INV_16,2020-01-28 16:02:00,2020-01-28 16:30:00,28,Fraud
8271,INV_14,2020-01-28 16:44:00,2020-01-28 19:38:00,174,Fraud
8272,INV_19,2020-01-28 17:25:00,2020-01-28 19:36:00,131,Fraud
8273,INV_6,2020-01-28 16:57:00,2020-01-28 19:35:00,158,Fraud
8274,INV_3,2020-01-28 16:36:00,2020-01-28 17:05:00,29,False Positive
8275,INV_13,2020-01-28 16:13:00,2020-01-28 18:37:00,144,Fraud
8276,INV_16,2020-01-28 16:38:00,2020-01-28 17:22:00,44,Fraud
8277,INV_17,2020-01-28 17:52:00,2020-01-28 18:08:00,16,Fraud
8278,INV_1,2020-01-28 16:49:00,2020-01-28 18:29:00,100,Fraud
8279,INV_15,2020-01-28 16:31:00,2020-01-28 17:57:00,86,Fraud
8280,INV_1,2020-01-28 16:06:00,2020-01-28 17:05:00,59,Fraud
8281,INV_10,2020-01-28 16:25:00,2020-01-28 19:19:00,174,Fraud
8282,INV_5,2020-01-28 17:15:00,2020-01-28 19:56:00,161,Fraud
8283,INV_11,2020-01-28 17:56:00,2020-01-28 19:15:00,79,Fraud
8284,INV_5,2020-01-28 16:36:00,2020-01-28 19:32:00,176,Fraud
8285,INV_9,2020-01-28 17:02:00,2020-01-28 17:43:00,41,Fraud
8286,INV_14,2020-01-28 17:13:00,2020-01-28 18:33:00,80,False Positive
8287,INV_21,2020-01-28 17:06:00,2020-01-28 18:07:00,61,False Positive
8288,INV_12,2020-01-28 16:40:00,2020-01-28 18:14:00,94,Fraud
8289,INV_21,2020-01-28 16:25:00,2020-01-28 17:53:00,88,Fraud
8290,INV_21,2020-01-28 17:32:00,2020-01-28 19:18:00,106,Fraud
8291,INV_22,2020-01-28 17:22:00,2020-01-28 20:03:00,161,Fraud
8292,INV_6,2020-01-28 18:02:00,2020-01-28 18:28:00,26,Fraud
8293,INV_23,2020-01-28 18:49:00,2020-01-28 20:40:00,111,Fraud
8294,INV_5,2020-01-28 17:40:00,2020-01-28 19:07:00,87,False Positive
8295,INV_22,2020-01-28 17:54:00,2020-01-28 18:34:00,40,False Positive
8296,INV_21,2020-01-28 17:58:00,2020-01-28 18:44:00,46,Fraud
8297,INV_17,2020-01-28 18:41:00,2020-01-28 21:18:00,157,False Positive
8298,INV_1,2020-01-28 17:28:00,2020-01-28 17:40:00,12,Fraud
8299,INV_10,2020-01-28 18:23:00,2020-01-28 18:49:00,26,Fraud
8300,INV_14,2020-01-28 18:35:00,2020-01-28 21:10:00,155,Fraud
8301,INV_6,2020-01-28 18:42:00,2020-01-28 19:52:00,70,False Positive
8302,INV_5,2020-01-28 19:10:00,2020-01-28 21:34:00,144,Fraud
8303,INV_2,2020-01-28 18:55:00,2020-01-28 20:06:00,71,Fraud
8304,INV_13,2020-01-28 18:42:00,2020-01-28 19:10:00,28,False Positive
8305,INV_11,2020-01-28 18:36:00,2020-01-28 20:07:00,91,False Positive
8306,INV_3,2020-01-28 18:34:00,2020-01-28 20:53:00,139,False Positive
8307,INV_11,2020-01-28 18:32:00,2020-01-28 19:27:00,55,False Positive
8308,INV_10,2020-01-28 20:48:00,2020-01-28 23:40:00,172,Fraud
8309,INV_25,2020-01-28 20:36:00,2020-01-28 22:16:00,100,Fraud
8310,INV_16,2020-01-28 19:38:00,2020-01-28 20:33:00,55,Fraud
8311,INV_14,2020-01-28 19:36:00,2020-01-28 22:08:00,152,Fraud
8312,INV_9,2020-01-28 20:43:00,2020-01-28 21:29:00,46,Fraud
8313,INV_3,2020-01-28 19:42:00,2020-01-28 19:52:00,10,Fraud
8314,INV_25,2020-01-28 21:55:00,2020-01-28 22:54:00,59,Fraud
8315,INV_4,2020-01-28 21:38:00,2020-01-28 22:19:00,41,Fraud
8316,INV_11,2020-01-28 21:19:00,2020-01-29 00:10:00,171,False Positive
8317,INV_2,2020-01-28 20:10:00,2020-01-28 22:49:00,159,Fraud
8318,INV_8,2020-01-28 20:26:00,2020-01-28 22:35:00,129,False Positive
8319,INV_8,2020-01-28 21:32:00,2020-01-28 23:09:00,97,False Positive
8320,INV_16,2020-01-28 21:36:00,2020-01-28 22:25:00,49,False Positive
8321,INV_22,2020-01-28 20:39:00,2020-01-28 23:27:00,168,False Positive
8322,INV_2,2020-01-28 22:37:00,2020-01-28 23:30:00,53,Fraud
8323,INV_18,2020-01-28 21:58:00,2020-01-28 22:37:00,39,Fraud
8324,INV_15,2020-01-28 21:28:00,2020-01-28 22:04:00,36,False Positive
8325,INV_3,2020-01-28 22:42:00,2020-01-29 00:47:00,125,False Positive
8326,INV_3,2020-01-28 22:13:00,2020-01-28 23:53:00,100,Fraud
8327,INV_11,2020-01-28 22:31:00,2020-01-28 23:08:00,37,Fraud
8328,INV_18,2020-01-28 22:25:00,2020-01-28 23:55:00,90,Fraud
8329,INV_7,2020-01-28 22:09:00,2020-01-28 23:19:00,70,Fraud
8330,INV_13,2020-01-28 23:34:00,2020-01-29 00:01:00,27,False Positive
8331,INV_17,2020-01-28 22:24:00,2020-01-28 22:42:00,18,Fraud
8332,INV_13,2020-01-28 23:58:00,2020-01-29 00:24:00,26,False Positive
8333,INV_7,2020-01-28 22:54:00,2020-01-29 00:21:00,87,Fraud
8334,INV_13,2020-01-28 23:20:00,2020-01-29 00:54:00,94,False Positive
8335,INV_8,2020-01-28 22:28:00,2020-01-29 01:10:00,162,Fraud
8336,INV_24,2020-01-28 23:53:00,2020-01-29 02:07:00,134,Fraud
8337,INV_8,2020-01-28 23:24:00,2020-01-29 01:19:00,115,False Positive
8338,INV_19,2020-01-28 22:32:00,2020-01-29 00:46:00,134,Fraud
8339,INV_22,2020-01-28 23:53:00,2020-01-29 01:50:00,117,Fraud
8340,INV_10,2020-01-28 22:47:00,2020-01-29 00:00:00,73,Fraud
8341,INV_14,2020-01-28 22:05:00,2020-01-28 23:50:00,105,Fraud
8342,INV_12,2020-01-29 00:36:00,2020-01-29 02:55:00,139,Fraud
8343,INV_21,2020-01-29 00:45:00,2020-01-29 01:06:00,21,Fraud
8344,INV_25,2020-01-29 00:42:00,2020-01-29 02:00:00,78,Fraud
8345,INV_1,2020-01-29 00:11:00,2020-01-29 02:21:00,130,False Positive
8346,INV_18,2020-01-29 00:47:00,2020-01-29 02:00:00,73,False Positive
8347,INV_11,2020-01-28 23:21:00,2020-01-28 23:47:00,26,Fraud
8348,INV_22,2020-01-29 00:27:00,2020-01-29 03:23:00,176,False Positive
8349,INV_4,2020-01-29 00:18:00,2020-01-29 02:19:00,121,Fraud
8350,INV_18,2020-01-29 00:01:00,2020-01-29 01:45:00,104,False Positive
8351,INV_12,2020-01-29 00:25:00,2020-01-29 01:17:00,52,Fraud
8352,INV_9,2020-01-28 23:20:00,2020-01-29 00:56:00,96,Fraud
8353,INV_2,2020-01-29 00:55:00,2020-01-29 01:29:00,34,Fraud
8354,INV_19,2020-01-28 23:28:00,2020-01-29 00:49:00,81,False Positive
8355,INV_21,2020-01-29 00:45:00,2020-01-29 02:02:00,77,Fraud
8356,INV_25,2020-01-29 00:12:00,2020-01-29 02:42:00,150,False Positive
8357,INV_10,2020-01-29 00:03:00,2020-01-29 02:08:00,125,Fraud
8358,INV_22,2020-01-28 23:33:00,2020-01-28 23:45:00,12,False Positive
8359,INV_10,2020-01-28 23:18:00,2020-01-29 01:21:00,123,False Positive
8360,INV_12,2020-01-29 01:15:00,2020-01-29 03:49:00,154,Fraud
8361,INV_8,2020-01-29 01:55:00,2020-01-29 02:20:00,25,Fraud
8362,INV_13,2020-01-29 00:13:00,2020-01-29 01:12:00,59,False Positive
8363,INV_2,2020-01-29 00:49:00,2020-01-29 01:03:00,14,False Positive
8364,INV_20,2020-01-29 01:49:00,2020-01-29 01:59:00,10,False Positive
8365,INV_24,2020-01-29 00:26:00,2020-01-29 03:04:00,158,False Positive
8366,INV_1,2020-01-29 01:56:00,2020-01-29 03:05:00,69,False Positive
8367,INV_7,2020-01-29 00:32:00,2020-01-29 01:37:00,65,Fraud
8368,INV_16,2020-01-29 01:32:00,2020-01-29 03:43:00,131,False Positive
8369,INV_7,2020-01-29 01:17:00,2020-01-29 02:39:00,82,False Positive
8370,INV_10,2020-01-29 02:44:00,2020-01-29 04:05:00,81,False Positive
8371,INV_17,2020-01-29 01:26:00,2020-01-29 03:40:00,134,Fraud
8372,INV_23,2020-01-29 02:16:00,2020-01-29 02:54:00,38,Fraud
8373,INV_10,2020-01-29 02:17:00,2020-01-29 02:27:00,10,Fraud
8374,INV_23,2020-01-29 01:46:00,2020-01-29 02:44:00,58,False Positive
8375,INV_18,2020-01-29 01:20:00,2020-01-29 02:54:00,94,Fraud
8376,INV_4,2020-01-29 02:30:00,2020-01-29 03:08:00,38,Fraud
8377,INV_21,2020-01-29 01:17:00,2020-01-29 03:23:00,126,Fraud
8378,INV_16,2020-01-29 02:36:00,2020-01-29 04:39:00,123,Fraud
8379,INV_7,2020-01-29 02:05:00,2020-01-29 03:59:00,114,False Positive
8380,INV_14,2020-01-29 03:13:00,2020-01-29 03:32:00,19,Fraud
8381,INV_24,2020-01-29 03:32:00,2020-01-29 05:31:00,119,Fraud
8382,INV_10,2020-01-29 02:10:00,2020-01-29 04:17:00,127,Fraud
8383,INV_16,2020-01-29 03:19:00,2020-01-29 04:52:00,93,Fraud
8384,INV_2,2020-01-29 02:20:00,2020-01-29 04:46:00,146,Fraud
8385,INV_20,2020-01-29 03:21:00,2020-01-29 05:02:00,101,False Positive
8386,INV_7,2020-01-29 02:30:00,2020-01-29 02:50:00,20,False Positive
8387,INV_14,2020-01-29 02:19:00,2020-01-29 02:55:00,36,False Positive
8388,INV_6,2020-01-29 03:25:00,2020-01-29 06:12:00,167,Fraud
8389,INV_6,2020-01-29 03:53:00,2020-01-29 06:08:00,135,Fraud
8390,INV_2,2020-01-29 02:09:00,2020-01-29 04:41:00,152,Fraud
8391,INV_14,2020-01-29 03:58:00,2020-01-29 05:02:00,64,False Positive
8392,INV_20,2020-01-29 03:34:00,2020-01-29 06:01:00,147,False Positive
8393,INV_10,2020-01-29 02:45:00,2020-01-29 05:30:00,165,False Positive
8394,INV_7,2020-01-29 04:06:00,2020-01-29 04:52:00,46,Fraud
8395,INV_7,2020-01-29 04:16:00,2020-01-29 04:34:00,18,False Positive
8396,INV_10,2020-01-29 03:32:00,2020-01-29 03:49:00,17,Fraud
8397,INV_9,2020-01-29 04:43:00,2020-01-29 07:18:00,155,Fraud
8398,INV_22,2020-01-29 04:47:00,2020-01-29 07:21:00,154,Fraud
8399,INV_18,2020-01-29 03:40:00,2020-01-29 04:38:00,58,Fraud
8400,INV_3,2020-01-29 04:04:00,2020-01-29 05:46:00,102,Fraud
8401,INV_25,2020-01-29 04:27:00,2020-01-29 06:22:00,115,Fraud
8402,INV_7,2020-01-29 04:06:00,2020-01-29 04:49:00,43,False Positive
8403,INV_25,2020-01-29 04:42:00,2020-01-29 06:03:00,81,Fraud
8404,INV_7,2020-01-29 05:23:00,2020-01-29 06:14:00,51,Fraud
8405,INV_12,2020-01-29 05:04:00,2020-01-29 05:49:00,45,False Positive
8406,INV_14,2020-01-29 05:57:00,2020-01-29 06:26:00,29,False Positive
8407,INV_5,2020-01-29 05:44:00,2020-01-29 07:09:00,85,False Positive
8408,INV_19,2020-01-29 05:10:00,2020-01-29 07:07:00,117,False Positive
8409,INV_23,2020-01-29 04:54:00,2020-01-29 06:17:00,83,Fraud
8410,INV_19,2020-01-29 04:54:00,2020-01-29 05:38:00,44,Fraud
8411,INV_20,2020-01-29 05:57:00,2020-01-29 06:29:00,32,False Positive
8412,INV_15,2020-01-29 06:53:00,2020-01-29 09:21:00,148,False Positive
8413,INV_24,2020-01-29 05:45:00,2020-01-29 08:15:00,150,Fraud
8414,INV_1,2020-01-29 06:37:00,2020-01-29 07:07:00,30,Fraud
8415,INV_2,2020-01-29 06:02:00,2020-01-29 06:26:00,24,False Positive
8416,INV_18,2020-01-29 06:11:00,2020-01-29 09:04:00,173,False Positive
8417,INV_3,2020-01-29 06:27:00,2020-01-29 09:09:00,162,Fraud
8418,INV_2,2020-01-29 05:47:00,2020-01-29 06:50:00,63,Fraud
8419,INV_12,2020-01-29 05:10:00,2020-01-29 06:41:00,91,Fraud
8420,INV_24,2020-01-29 06:32:00,2020-01-29 08:49:00,137,False Positive
8421,INV_12,2020-01-29 06:36:00,2020-01-29 08:23:00,107,False Positive
8422,INV_19,2020-01-29 06:16:00,2020-01-29 07:38:00,82,False Positive
8423,INV_6,2020-01-29 07:08:00,2020-01-29 08:06:00,58,Fraud
8424,INV_6,2020-01-29 06:20:00,2020-01-29 08:12:00,112,Fraud
8425,INV_19,2020-01-29 07:32:00,2020-01-29 07:45:00,13,Fraud
8426,INV_11,2020-01-29 07:41:00,2020-01-29 10:39:00,178,Fraud
8427,INV_20,2020-01-29 07:17:00,2020-01-29 08:58:00,101,False Positive
8428,INV_4,2020-01-29 07:58:00,2020-01-29 08:34:00,36,Fraud
8429,INV_9,2020-01-29 08:25:00,2020-01-29 09:32:00,67,Fraud
8430,INV_19,2020-01-29 07:54:00,2020-01-29 09:39:00,105,Fraud
8431,INV_20,2020-01-29 07:27:00,2020-01-29 09:04:00,97,Fraud
8432,INV_24,2020-01-29 08:57:00,2020-01-29 11:35:00,158,Fraud
8433,INV_25,2020-01-29 08:54:00,2020-01-29 11:26:00,152,False Positive
8434,INV_16,2020-01-29 09:04:00,2020-01-29 12:02:00,178,Fraud
8435,INV_3,2020-01-29 09:10:00,2020-01-29 09:57:00,47,False Positive
8436,INV_11,2020-01-29 09:38:00,2020-01-29 10:22:00,44,False Positive
8437,INV_20,2020-01-29 08:35:00,2020-01-29 10:18:00,103,False Positive
8438,INV_17,2020-01-29 08:22:00,2020-01-29 08:54:00,32,Fraud
8439,INV_19,2020-01-29 08:11:00,2020-01-29 10:05:00,114,False Positive
8440,INV_20,2020-01-29 09:07:00,2020-01-29 10:36:00,89,Fraud
8441,INV_20,2020-01-29 08:23:00,2020-01-29 10:07:00,104,Fraud
8442,INV_10,2020-01-29 09:46:00,2020-01-29 10:20:00,34,False Positive
8443,INV_23,2020-01-29 08:05:00,2020-01-29 08:32:00,27,Fraud
8444,INV_3,2020-01-29 09:29:00,2020-01-29 11:27:00,118,Fraud
8445,INV_10,2020-01-29 09:41:00,2020-01-29 11:54:00,133,False Positive
8446,INV_20,2020-01-29 09:16:00,2020-01-29 10:08:00,52,Fraud
8447,INV_18,2020-01-29 08:23:00,2020-01-29 09:26:00,63,Fraud
8448,INV_17,2020-01-29 09:44:00,2020-01-29 10:53:00,69,Fraud
8449,INV_14,2020-01-29 09:01:00,2020-01-29 10:24:00,83,False Positive
8450,INV_16,2020-01-29 09:23:00,2020-01-29 10:24:00,61,Fraud
8451,INV_9,2020-01-29 08:07:00,2020-01-29 08:17:00,10,Fraud
8452,INV_4,2020-01-29 09:52:00,2020-01-29 10:13:00,21,Fraud
8453,INV_1,2020-01-29 08:34:00,2020-01-29 10:36:00,122,Fraud
8454,INV_19,2020-01-29 10:17:00,2020-01-29 11:50:00,93,Fraud
8455,INV_5,2020-01-29 09:37:00,2020-01-29 11:33:00,116,Fraud
8456,INV_14,2020-01-29 09:43:00,2020-01-29 12:17:00,154,Fraud
8457,INV_23,2020-01-29 10:01:00,2020-01-29 12:04:00,123,Fraud
8458,INV_13,2020-01-29 11:43:00,2020-01-29 12:00:00,17,False Positive
8459,INV_17,2020-01-29 10:50:00,2020-01-29 11:49:00,59,False Positive
8460,INV_3,2020-01-29 11:17:00,2020-01-29 13:01:00,104,False Positive
8461,INV_19,2020-01-29 11:45:00,2020-01-29 14:09:00,144,Fraud
8462,INV_23,2020-01-29 11:07:00,2020-01-29 13:33:00,146,Fraud
8463,INV_24,2020-01-29 11:41:00,2020-01-29 14:36:00,175,Fraud
8464,INV_19,2020-01-29 12:02:00,2020-01-29 14:29:00,147,Fraud
8465,INV_19,2020-01-29 11:53:00,2020-01-29 13:22:00,89,False Positive
8466,INV_10,2020-01-29 11:42:00,2020-01-29 14:11:00,149,Fraud
8467,INV_19,2020-01-29 12:27:00,2020-01-29 13:02:00,35,False Positive
8468,INV_22,2020-01-29 11:09:00,2020-01-29 11:46:00,37,False Positive
8469,INV_14,2020-01-29 12:22:00,2020-01-29 12:43:00,21,False Positive
8470,INV_22,2020-01-29 11:08:00,2020-01-29 12:06:00,58,Fraud
8471,INV_11,2020-01-29 12:24:00,2020-01-29 14:14:00,110,Fraud
8472,INV_8,2020-01-29 12:16:00,2020-01-29 14:09:00,113,False Positive
8473,INV_12,2020-01-29 13:03:00,2020-01-29 13:42:00,39,Fraud
8474,INV_23,2020-01-29 12:29:00,2020-01-29 13:05:00,36,False Positive
8475,INV_13,2020-01-29 12:11:00,2020-01-29 15:10:00,179,Fraud
8476,INV_19,2020-01-29 12:15:00,2020-01-29 13:27:00,72,False Positive
8477,INV_11,2020-01-29 12:36:00,2020-01-29 15:15:00,159,False Positive
8478,INV_4,2020-01-29 13:14:00,2020-01-29 15:18:00,124,Fraud
8479,INV_5,2020-01-29 13:31:00,2020-01-29 13:53:00,22,False Positive
8480,INV_5,2020-01-29 13:12:00,2020-01-29 14:44:00,92,Fraud
8481,INV_16,2020-01-29 13:23:00,2020-01-29 14:08:00,45,Fraud
8482,INV_6,2020-01-29 14:53:00,2020-01-29 17:30:00,157,False Positive
8483,INV_12,2020-01-29 13:11:00,2020-01-29 15:22:00,131,False Positive
8484,INV_23,2020-01-29 14:00:00,2020-01-29 14:16:00,16,False Positive
8485,INV_3,2020-01-29 13:15:00,2020-01-29 15:50:00,155,Fraud
8486,INV_21,2020-01-29 13:37:00,2020-01-29 15:09:00,92,False Positive
8487,INV_3,2020-01-29 14:55:00,2020-01-29 17:34:00,159,Fraud
8488,INV_9,2020-01-29 13:05:00,2020-01-29 15:05:00,120,Fraud
8489,INV_23,2020-01-29 13:29:00,2020-01-29 16:16:00,167,Fraud
8490,INV_7,2020-01-29 13:13:00,2020-01-29 15:29:00,136,Fraud
8491,INV_4,2020-01-29 14:16:00,2020-01-29 16:19:00,123,False Positive
8492,INV_9,2020-01-29 14:59:00,2020-01-29 17:02:00,123,Fraud
8493,INV_2,2020-01-29 13:16:00,2020-01-29 13:56:00,40,False Positive
8494,INV_9,2020-01-29 15:38:00,2020-01-29 15:58:00,20,Fraud
8495,INV_18,2020-01-29 14:21:00,2020-01-29 15:14:00,53,False Positive
8496,INV_9,2020-01-29 15:11:00,2020-01-29 18:06:00,175,False Positive
8497,INV_21,2020-01-29 15:20:00,2020-01-29 17:40:00,140,Fraud
8498,INV_15,2020-01-29 15:18:00,2020-01-29 15:56:00,38,False Positive
8499,INV_19,2020-01-29 15:55:00,2020-01-29 18:15:00,140,False Positive
8500,INV_3,2020-01-29 14:07:00,2020-01-29 17:06:00,179,False Positive
8501,INV_12,2020-01-29 15:28:00,2020-01-29 17:49:00,141,Fraud
8502,INV_16,2020-01-29 14:19:00,2020-01-29 17:08:00,169,Fraud
8503,INV_23,2020-01-29 14:52:00,2020-01-29 15:19:00,27,False Positive
8504,INV_23,2020-01-29 14:51:00,2020-01-29 15:17:00,26,Fraud
8505,INV_16,2020-01-29 15:52:00,2020-01-29 18:31:00,159,False Positive
8506,INV_23,2020-01-29 14:31:00,2020-01-29 15:25:00,54,Fraud
8507,INV_15,2020-01-29 14:45:00,2020-01-29 17:41:00,176,Fraud
8508,INV_25,2020-01-29 15:53:00,2020-01-29 17:28:00,95,False Positive
8509,INV_9,2020-01-29 15:03:00,2020-01-29 16:00:00,57,False Positive
8510,INV_9,2020-01-29 16:00:00,2020-01-29 18:36:00,156,False Positive
8511,INV_13,2020-01-29 16:59:00,2020-01-29 19:17:00,138,Fraud
8512,INV_17,2020-01-29 16:39:00,2020-01-29 19:15:00,156,False Positive
8513,INV_17,2020-01-29 16:41:00,2020-01-29 18:00:00,79,Fraud
8514,INV_21,2020-01-29 16:16:00,2020-01-29 17:38:00,82,Fraud
8515,INV_11,2020-01-29 15:36:00,2020-01-29 15:53:00,17,Fraud
8516,INV_7,2020-01-29 15:24:00,2020-01-29 15:57:00,33,False Positive
8517,INV_5,2020-01-29 16:39:00,2020-01-29 17:00:00,21,False Positive
8518,INV_24,2020-01-29 16:24:00,2020-01-29 19:17:00,173,Fraud
8519,INV_23,2020-01-29 16:36:00,2020-01-29 18:55:00,139,Fraud
8520,INV_23,2020-01-29 16:50:00,2020-01-29 17:49:00,59,Fraud
8521,INV_12,2020-01-29 17:19:00,2020-01-29 19:32:00,133,False Positive
8522,INV_9,2020-01-29 17:55:00,2020-01-29 20:48:00,173,Fraud
8523,INV_14,2020-01-29 17:43:00,2020-01-29 19:13:00,90,False Positive
8524,INV_8,2020-01-29 16:57:00,2020-01-29 17:20:00,23,False Positive
8525,INV_23,2020-01-29 17:12:00,2020-01-29 18:26:00,74,False Positive
8526,INV_1,2020-01-29 17:27:00,2020-01-29 18:35:00,68,Fraud
8527,INV_23,2020-01-29 18:48:00,2020-01-29 21:39:00,171,Fraud
8528,INV_25,2020-01-29 18:41:00,2020-01-29 19:43:00,62,Fraud
8529,INV_6,2020-01-29 17:10:00,2020-01-29 19:49:00,159,False Positive
8530,INV_22,2020-01-29 18:55:00,2020-01-29 21:33:00,158,False Positive
8531,INV_6,2020-01-29 18:19:00,2020-01-29 20:40:00,141,False Positive
8532,INV_5,2020-01-29 18:53:00,2020-01-29 21:13:00,140,Fraud
8533,INV_5,2020-01-29 18:12:00,2020-01-29 18:30:00,18,Fraud
8534,INV_8,2020-01-29 18:59:00,2020-01-29 20:19:00,80,False Positive
8535,INV_4,2020-01-29 17:34:00,2020-01-29 19:28:00,114,Fraud
8536,INV_19,2020-01-29 17:07:00,2020-01-29 18:40:00,93,False Positive
8537,INV_4,2020-01-29 17:05:00,2020-01-29 19:33:00,148,Fraud
8538,INV_17,2020-01-29 18:26:00,2020-01-29 18:51:00,25,False Positive
8539,INV_18,2020-01-29 17:58:00,2020-01-29 18:32:00,34,Fraud
8540,INV_15,2020-01-29 18:25:00,2020-01-29 21:18:00,173,Fraud
8541,INV_10,2020-01-29 18:32:00,2020-01-29 20:01:00,89,Fraud
8542,INV_17,2020-01-29 19:08:00,2020-01-29 19:21:00,13,Fraud
8543,INV_19,2020-01-29 19:00:00,2020-01-29 21:52:00,172,Fraud
8544,INV_11,2020-01-29 18:07:00,2020-01-29 18:34:00,27,Fraud
8545,INV_11,2020-01-29 18:48:00,2020-01-29 19:15:00,27,False Positive
8546,INV_18,2020-01-29 19:06:00,2020-01-29 20:00:00,54,Fraud
8547,INV_3,2020-01-29 19:50:00,2020-01-29 20:02:00,12,Fraud
8548,INV_6,2020-01-29 19:38:00,2020-01-29 20:26:00,48,Fraud
8549,INV_15,2020-01-29 19:04:00,2020-01-29 21:12:00,128,Fraud
8550,INV_19,2020-01-29 19:59:00,2020-01-29 20:45:00,46,False Positive
8551,INV_3,2020-01-29 19:37:00,2020-01-29 21:44:00,127,Fraud
8552,INV_1,2020-01-29 20:12:00,2020-01-29 21:46:00,94,Fraud
8553,INV_22,2020-01-29 20:31:00,2020-01-29 23:08:00,157,False Positive
8554,INV_3,2020-01-29 20:40:00,2020-01-29 23:21:00,161,Fraud
8555,INV_15,2020-01-29 19:39:00,2020-01-29 20:49:00,70,Fraud
8556,INV_8,2020-01-29 19:24:00,2020-01-29 21:23:00,119,Fraud
8557,INV_17,2020-01-29 19:20:00,2020-01-29 19:44:00,24,False Positive
8558,INV_25,2020-01-29 19:28:00,2020-01-29 21:37:00,129,Fraud
8559,INV_2,2020-01-29 19:56:00,2020-01-29 21:03:00,67,Fraud
8560,INV_2,2020-01-29 20:29:00,2020-01-29 20:45:00,16,Fraud
8561,INV_20,2020-01-29 20:45:00,2020-01-29 21:44:00,59,Fraud
8562,INV_25,2020-01-29 20:04:00,2020-01-29 23:02:00,178,Fraud
8563,INV_10,2020-01-29 20:33:00,2020-01-29 22:03:00,90,False Positive
8564,INV_14,2020-01-29 21:47:00,2020-01-29 23:05:00,78,Fraud
8565,INV_13,2020-01-29 20:20:00,2020-01-29 21:48:00,88,False Positive
8566,INV_22,2020-01-29 20:22:00,2020-01-29 23:07:00,165,False Positive
8567,INV_23,2020-01-29 20:20:00,2020-01-29 23:04:00,164,False Positive
8568,INV_21,2020-01-29 21:41:00,2020-01-30 00:22:00,161,False Positive
8569,INV_10,2020-01-29 20:52:00,2020-01-29 21:59:00,67,Fraud
8570,INV_16,2020-01-29 20:38:00,2020-01-29 22:24:00,106,Fraud
8571,INV_4,2020-01-29 20:21:00,2020-01-29 21:15:00,54,False Positive
8572,INV_18,2020-01-29 20:54:00,2020-01-29 22:40:00,106,False Positive
8573,INV_20,2020-01-29 20:26:00,2020-01-29 20:44:00,18,Fraud
8574,INV_6,2020-01-29 21:30:00,2020-01-29 21:49:00,19,Fraud
8575,INV_17,2020-01-29 21:37:00,2020-01-29 23:56:00,139,Fraud
8576,INV_16,2020-01-29 20:42:00,2020-01-29 21:37:00,55,Fraud
8577,INV_16,2020-01-29 21:00:00,2020-01-29 22:49:00,109,Fraud
8578,INV_25,2020-01-29 21:42:00,2020-01-29 23:39:00,117,Fraud
8579,INV_15,2020-01-29 20:47:00,2020-01-29 23:22:00,155,Fraud
8580,INV_25,2020-01-29 21:13:00,2020-01-29 22:41:00,88,False Positive
8581,INV_21,2020-01-29 21:13:00,2020-01-29 23:01:00,108,Fraud
8582,INV_19,2020-01-29 20:50:00,2020-01-29 22:25:00,95,False Positive
8583,INV_19,2020-01-29 21:14:00,2020-01-29 22:41:00,87,Fraud
8584,INV_16,2020-01-29 22:17:00,2020-01-30 00:09:00,112,Fraud
8585,INV_1,2020-01-29 21:27:00,2020-01-29 23:06:00,99,False Positive
8586,INV_24,2020-01-29 22:33:00,2020-01-29 23:42:00,69,Fraud
8587,INV_5,2020-01-29 22:38:00,2020-01-29 23:05:00,27,Fraud
8588,INV_11,2020-01-29 22:22:00,2020-01-29 23:23:00,61,False Positive
8589,INV_12,2020-01-29 22:25:00,2020-01-29 23:51:00,86,Fraud
8590,INV_21,2020-01-29 23:30:00,2020-01-30 01:12:00,102,False Positive
8591,INV_2,2020-01-29 22:24:00,2020-01-30 00:48:00,144,False Positive
8592,INV_24,2020-01-29 23:21:00,2020-01-30 01:59:00,158,False Positive
8593,INV_21,2020-01-29 23:40:00,2020-01-30 02:09:00,149,Fraud
8594,INV_25,2020-01-29 23:45:00,2020-01-30 02:43:00,178,Fraud
8595,INV_15,2020-01-29 22:36:00,2020-01-30 00:25:00,109,False Positive
8596,INV_15,2020-01-29 22:52:00,2020-01-29 23:15:00,23,False Positive
8597,INV_17,2020-01-29 22:11:00,2020-01-29 23:50:00,99,Fraud
8598,INV_16,2020-01-29 23:05:00,2020-01-29 23:15:00,10,Fraud
8599,INV_4,2020-01-29 23:08:00,2020-01-30 00:38:00,90,Fraud
8600,INV_19,2020-01-29 23:12:00,2020-01-29 23:39:00,27,Fraud
8601,INV_1,2020-01-29 23:58:00,2020-01-30 00:55:00,57,Fraud
8602,INV_18,2020-01-29 22:58:00,2020-01-30 01:36:00,158,Fraud
8603,INV_11,2020-01-29 22:06:00,2020-01-29 23:17:00,71,False Positive
8604,INV_14,2020-01-29 23:47:00,2020-01-30 02:16:00,149,Fraud
8605,INV_18,2020-01-29 23:13:00,2020-01-30 01:44:00,151,False Positive
8606,INV_22,2020-01-29 22:10:00,2020-01-30 00:50:00,160,Fraud
8607,INV_18,2020-01-29 22:35:00,2020-01-30 01:21:00,166,Fraud
8608,INV_7,2020-01-29 23:46:00,2020-01-30 00:45:00,59,False Positive
8609,INV_7,2020-01-29 23:09:00,2020-01-30 00:59:00,110,Fraud
8610,INV_16,2020-01-29 22:42:00,2020-01-30 00:00:00,78,Fraud
8611,INV_3,2020-01-29 23:44:00,2020-01-30 01:03:00,79,False Positive
8612,INV_3,2020-01-30 00:44:00,2020-01-30 02:26:00,102,Fraud
8613,INV_10,2020-01-30 00:35:00,2020-01-30 02:19:00,104,Fraud
8614,INV_16,2020-01-29 23:10:00,2020-01-30 00:29:00,79,False Positive
8615,INV_25,2020-01-29 23:21:00,2020-01-29 23:49:00,28,False Positive
8616,INV_22,2020-01-30 00:46:00,2020-01-30 02:21:00,95,Fraud
8617,INV_1,2020-01-30 00:19:00,2020-01-30 02:46:00,147,Fraud
8618,INV_6,2020-01-29 23:32:00,2020-01-30 00:53:00,81,False Positive
8619,INV_9,2020-01-30 00:53:00,2020-01-30 03:31:00,158,Fraud
8620,INV_16,2020-01-30 00:54:00,2020-01-30 03:32:00,158,False Positive
8621,INV_2,2020-01-29 23:25:00,2020-01-30 00:24:00,59,Fraud
8622,INV_9,2020-01-30 01:10:00,2020-01-30 02:25:00,75,False Positive
8623,INV_24,2020-01-30 00:37:00,2020-01-30 03:03:00,146,False Positive
8624,INV_17,2020-01-30 00:15:00,2020-01-30 01:39:00,84,False Positive
8625,INV_12,2020-01-30 01:05:00,2020-01-30 01:36:00,31,Fraud
8626,INV_11,2020-01-30 00:24:00,2020-01-30 01:17:00,53,Fraud
8627,INV_20,2020-01-30 01:08:00,2020-01-30 02:03:00,55,Fraud
8628,INV_3,2020-01-30 02:01:00,2020-01-30 02:31:00,30,Fraud
8629,INV_18,2020-01-30 01:47:00,2020-01-30 04:43:00,176,Fraud
8630,INV_12,2020-01-30 02:41:00,2020-01-30 05:24:00,163,Fraud
8631,INV_8,2020-01-30 02:59:00,2020-01-30 04:18:00,79,Fraud
8632,INV_10,2020-01-30 01:41:00,2020-01-30 01:56:00,15,Fraud
8633,INV_18,2020-01-30 01:36:00,2020-01-30 03:42:00,126,False Positive
8634,INV_18,2020-01-30 02:07:00,2020-01-30 04:17:00,130,Fraud
8635,INV_8,2020-01-30 02:50:00,2020-01-30 05:12:00,142,False Positive
8636,INV_12,2020-01-30 01:55:00,2020-01-30 02:20:00,25,Fraud
8637,INV_21,2020-01-30 01:24:00,2020-01-30 02:52:00,88,Fraud
8638,INV_20,2020-01-30 01:52:00,2020-01-30 03:39:00,107,False Positive
8639,INV_15,2020-01-30 01:54:00,2020-01-30 02:15:00,21,False Positive
8640,INV_21,2020-01-30 03:25:00,2020-01-30 05:40:00,135,Fraud
8641,INV_21,2020-01-30 02:13:00,2020-01-30 04:10:00,117,Fraud
8642,INV_5,2020-01-30 03:46:00,2020-01-30 05:06:00,80,False Positive
8643,INV_5,2020-01-30 02:55:00,2020-01-30 03:11:00,16,Fraud
8644,INV_19,2020-01-30 03:32:00,2020-01-30 04:47:00,75,False Positive
8645,INV_4,2020-01-30 03:46:00,2020-01-30 05:33:00,107,False Positive
8646,INV_8,2020-01-30 03:47:00,2020-01-30 03:58:00,11,Fraud
8647,INV_16,2020-01-30 03:47:00,2020-01-30 06:40:00,173,Fraud
8648,INV_19,2020-01-30 02:15:00,2020-01-30 02:52:00,37,Fraud
8649,INV_3,2020-01-30 02:44:00,2020-01-30 05:35:00,171,Fraud
8650,INV_7,2020-01-30 03:57:00,2020-01-30 06:10:00,133,Fraud
8651,INV_15,2020-01-30 02:12:00,2020-01-30 03:10:00,58,Fraud
8652,INV_19,2020-01-30 02:07:00,2020-01-30 03:45:00,98,False Positive
8653,INV_10,2020-01-30 03:20:00,2020-01-30 05:27:00,127,Fraud
8654,INV_5,2020-01-30 02:49:00,2020-01-30 04:32:00,103,Fraud
8655,INV_1,2020-01-30 03:59:00,2020-01-30 04:40:00,41,Fraud
8656,INV_23,2020-01-30 04:10:00,2020-01-30 05:53:00,103,Fraud
8657,INV_24,2020-01-30 04:45:00,2020-01-30 06:00:00,75,False Positive
8658,INV_18,2020-01-30 03:28:00,2020-01-30 03:58:00,30,Fraud
8659,INV_8,2020-01-30 03:13:00,2020-01-30 05:11:00,118,False Positive
8660,INV_9,2020-01-30 03:57:00,2020-01-30 06:52:00,175,False Positive
8661,INV_23,2020-01-30 04:24:00,2020-01-30 05:42:00,78,False Positive
8662,INV_10,2020-01-30 03:16:00,2020-01-30 03:29:00,13,Fraud
8663,INV_15,2020-01-30 03:12:00,2020-01-30 05:29:00,137,False Positive
8664,INV_20,2020-01-30 03:55:00,2020-01-30 06:39:00,164,False Positive
8665,INV_24,2020-01-30 04:15:00,2020-01-30 05:37:00,82,Fraud
8666,INV_9,2020-01-30 04:33:00,2020-01-30 05:20:00,47,Fraud
8667,INV_9,2020-01-30 04:24:00,2020-01-30 07:00:00,156,Fraud
8668,INV_5,2020-01-30 03:47:00,2020-01-30 06:10:00,143,Fraud
8669,INV_13,2020-01-30 04:21:00,2020-01-30 05:20:00,59,Fraud
8670,INV_16,2020-01-30 03:29:00,2020-01-30 06:02:00,153,False Positive
8671,INV_3,2020-01-30 03:10:00,2020-01-30 04:02:00,52,Fraud
8672,INV_2,2020-01-30 04:20:00,2020-01-30 06:36:00,136,Fraud
8673,INV_10,2020-01-30 05:32:00,2020-01-30 06:36:00,64,Fraud
8674,INV_8,2020-01-30 04:47:00,2020-01-30 06:39:00,112,Fraud
8675,INV_18,2020-01-30 04:20:00,2020-01-30 06:01:00,101,False Positive
8676,INV_13,2020-01-30 04:30:00,2020-01-30 07:20:00,170,Fraud
8677,INV_17,2020-01-30 04:39:00,2020-01-30 05:25:00,46,Fraud
8678,INV_18,2020-01-30 06:07:00,2020-01-30 08:06:00,119,False Positive
8679,INV_2,2020-01-30 05:14:00,2020-01-30 07:04:00,110,False Positive
8680,INV_2,2020-01-30 06:50:00,2020-01-30 07:26:00,36,False Positive
8681,INV_11,2020-01-30 06:43:00,2020-01-30 09:27:00,164,Fraud
8682,INV_9,2020-01-30 05:31:00,2020-01-30 06:44:00,73,Fraud
8683,INV_1,2020-01-30 06:06:00,2020-01-30 06:19:00,13,Fraud
8684,INV_7,2020-01-30 06:02:00,2020-01-30 07:27:00,85,Fraud
8685,INV_20,2020-01-30 05:10:00,2020-01-30 05:24:00,14,False Positive
8686,INV_11,2020-01-30 05:32:00,2020-01-30 06:35:00,63,False Positive
8687,INV_3,2020-01-30 05:07:00,2020-01-30 05:43:00,36,Fraud
8688,INV_17,2020-01-30 05:18:00,2020-01-30 07:12:00,114,Fraud
8689,INV_23,2020-01-30 06:34:00,2020-01-30 09:00:00,146,False Positive
8690,INV_22,2020-01-30 06:22:00,2020-01-30 07:11:00,49,Fraud
8691,INV_11,2020-01-30 06:55:00,2020-01-30 09:43:00,168,Fraud
8692,INV_9,2020-01-30 06:14:00,2020-01-30 06:38:00,24,False Positive
8693,INV_3,2020-01-30 05:38:00,2020-01-30 05:56:00,18,Fraud
8694,INV_25,2020-01-30 06:01:00,2020-01-30 06:47:00,46,Fraud
8695,INV_5,2020-01-30 05:24:00,2020-01-30 07:56:00,152,False Positive
8696,INV_8,2020-01-30 06:48:00,2020-01-30 08:48:00,120,Fraud
8697,INV_18,2020-01-30 07:02:00,2020-01-30 09:05:00,123,Fraud
8698,INV_1,2020-01-30 07:15:00,2020-01-30 09:59:00,164,Fraud
8699,INV_6,2020-01-30 06:23:00,2020-01-30 08:38:00,135,Fraud
8700,INV_8,2020-01-30 06:10:00,2020-01-30 06:36:00,26,Fraud
8701,INV_6,2020-01-30 07:02:00,2020-01-30 07:22:00,20,Fraud
8702,INV_15,2020-01-30 07:22:00,2020-01-30 07:56:00,34,Fraud
8703,INV_23,2020-01-30 06:47:00,2020-01-30 09:06:00,139,Fraud
8704,INV_20,2020-01-30 07:57:00,2020-01-30 10:26:00,149,Fraud
8705,INV_9,2020-01-30 07:52:00,2020-01-30 08:35:00,43,Fraud
8706,INV_8,2020-01-30 06:50:00,2020-01-30 08:34:00,104,False Positive
8707,INV_15,2020-01-30 07:38:00,2020-01-30 10:33:00,175,False Positive
8708,INV_4,2020-01-30 06:35:00,2020-01-30 08:39:00,124,False Positive
8709,INV_9,2020-01-30 06:34:00,2020-01-30 08:03:00,89,False Positive
8710,INV_13,2020-01-30 08:38:00,2020-01-30 09:07:00,29,Fraud
8711,INV_14,2020-01-30 07:38:00,2020-01-30 09:46:00,128,False Positive
8712,INV_17,2020-01-30 07:20:00,2020-01-30 09:06:00,106,Fraud
8713,INV_24,2020-01-30 07:20:00,2020-01-30 09:22:00,122,Fraud
8714,INV_17,2020-01-30 08:16:00,2020-01-30 08:52:00,36,Fraud
8715,INV_25,2020-01-30 07:46:00,2020-01-30 09:30:00,104,False Positive
8716,INV_9,2020-01-30 08:29:00,2020-01-30 10:09:00,100,Fraud
8717,INV_8,2020-01-30 08:47:00,2020-01-30 10:13:00,86,False Positive
8718,INV_12,2020-01-30 08:09:00,2020-01-30 09:36:00,87,Fraud
8719,INV_14,2020-01-30 08:22:00,2020-01-30 11:20:00,178,Fraud
8720,INV_7,2020-01-30 08:46:00,2020-01-30 10:15:00,89,Fraud
8721,INV_24,2020-01-30 09:23:00,2020-01-30 11:44:00,141,Fraud
8722,INV_21,2020-01-30 09:28:00,2020-01-30 10:48:00,80,Fraud
8723,INV_15,2020-01-30 08:34:00,2020-01-30 09:57:00,83,Fraud
8724,INV_11,2020-01-30 09:34:00,2020-01-30 09:53:00,19,Fraud
8725,INV_11,2020-01-30 08:25:00,2020-01-30 08:42:00,17,Fraud
8726,INV_1,2020-01-30 09:43:00,2020-01-30 11:19:00,96,False Positive
8727,INV_9,2020-01-30 08:06:00,2020-01-30 10:26:00,140,False Positive
8728,INV_25,2020-01-30 08:23:00,2020-01-30 10:55:00,152,Fraud
8729,INV_14,2020-01-30 09:27:00,2020-01-30 09:46:00,19,Fraud
8730,INV_11,2020-01-30 08:28:00,2020-01-30 09:16:00,48,Fraud
8731,INV_18,2020-01-30 09:17:00,2020-01-30 09:57:00,40,Fraud
8732,INV_25,2020-01-30 08:46:00,2020-01-30 09:47:00,61,False Positive
8733,INV_15,2020-01-30 08:18:00,2020-01-30 10:04:00,106,Fraud
8734,INV_17,2020-01-30 10:00:00,2020-01-30 10:44:00,44,False Positive
8735,INV_22,2020-01-30 09:13:00,2020-01-30 09:30:00,17,False Positive
8736,INV_17,2020-01-30 09:36:00,2020-01-30 09:52:00,16,Fraud
8737,INV_22,2020-01-30 10:14:00,2020-01-30 11:29:00,75,Fraud
8738,INV_7,2020-01-30 09:57:00,2020-01-30 10:42:00,45,False Positive
8739,INV_23,2020-01-30 10:25:00,2020-01-30 13:08:00,163,False Positive
8740,INV_24,2020-01-30 09:48:00,2020-01-30 10:23:00,35,False Positive
8741,INV_18,2020-01-30 09:15:00,2020-01-30 09:38:00,23,Fraud
8742,INV_6,2020-01-30 09:31:00,2020-01-30 10:07:00,36,Fraud
8743,INV_17,2020-01-30 09:10:00,2020-01-30 10:48:00,98,False Positive
8744,INV_20,2020-01-30 11:39:00,2020-01-30 12:35:00,56,Fraud
8745,INV_25,2020-01-30 10:37:00,2020-01-30 11:34:00,57,False Positive
8746,INV_22,2020-01-30 10:41:00,2020-01-30 13:36:00,175,False Positive
8747,INV_14,2020-01-30 11:40:00,2020-01-30 14:36:00,176,Fraud
8748,INV_22,2020-01-30 11:05:00,2020-01-30 12:37:00,92,Fraud
8749,INV_1,2020-01-30 11:24:00,2020-01-30 11:34:00,10,False Positive
8750,INV_7,2020-01-30 11:14:00,2020-01-30 11:35:00,21,False Positive
8751,INV_23,2020-01-30 11:05:00,2020-01-30 12:43:00,98,Fraud
8752,INV_17,2020-01-30 11:51:00,2020-01-30 12:51:00,60,Fraud
8753,INV_3,2020-01-30 11:56:00,2020-01-30 12:59:00,63,Fraud
8754,INV_23,2020-01-30 12:20:00,2020-01-30 14:11:00,111,Fraud
8755,INV_12,2020-01-30 12:15:00,2020-01-30 13:51:00,96,False Positive
8756,INV_13,2020-01-30 11:28:00,2020-01-30 12:07:00,39,False Positive
8757,INV_24,2020-01-30 11:29:00,2020-01-30 13:03:00,94,Fraud
8758,INV_5,2020-01-30 12:16:00,2020-01-30 13:49:00,93,Fraud
8759,INV_7,2020-01-30 12:56:00,2020-01-30 14:11:00,75,False Positive
8760,INV_15,2020-01-30 13:07:00,2020-01-30 15:07:00,120,Fraud
8761,INV_18,2020-01-30 13:10:00,2020-01-30 15:39:00,149,Fraud
8762,INV_23,2020-01-30 13:09:00,2020-01-30 16:03:00,174,Fraud
8763,INV_4,2020-01-30 13:49:00,2020-01-30 14:49:00,60,Fraud
8764,INV_13,2020-01-30 14:05:00,2020-01-30 16:22:00,137,Fraud
8765,INV_16,2020-01-30 13:55:00,2020-01-30 15:17:00,82,Fraud
8766,INV_10,2020-01-30 14:36:00,2020-01-30 14:46:00,10,Fraud
8767,INV_14,2020-01-30 13:40:00,2020-01-30 14:33:00,53,Fraud
8768,INV_18,2020-01-30 13:34:00,2020-01-30 15:30:00,116,Fraud
8769,INV_3,2020-01-30 13:57:00,2020-01-30 16:30:00,153,False Positive
8770,INV_2,2020-01-30 14:56:00,2020-01-30 16:28:00,92,False Positive
8771,INV_8,2020-01-30 14:21:00,2020-01-30 16:42:00,141,False Positive
8772,INV_18,2020-01-30 15:06:00,2020-01-30 15:59:00,53,Fraud
8773,INV_21,2020-01-30 15:33:00,2020-01-30 16:28:00,55,Fraud
8774,INV_10,2020-01-30 15:02:00,2020-01-30 17:12:00,130,False Positive
8775,INV_25,2020-01-30 14:14:00,2020-01-30 16:42:00,148,Fraud
8776,INV_20,2020-01-30 15:44:00,2020-01-30 17:05:00,81,Fraud
8777,INV_8,2020-01-30 14:54:00,2020-01-30 15:04:00,10,False Positive
8778,INV_25,2020-01-30 15:11:00,2020-01-30 17:10:00,119,False Positive
8779,INV_10,2020-01-30 15:07:00,2020-01-30 17:51:00,164,Fraud
8780,INV_8,2020-01-30 14:25:00,2020-01-30 15:45:00,80,False Positive
8781,INV_2,2020-01-30 14:34:00,2020-01-30 16:00:00,86,False Positive
8782,INV_6,2020-01-30 15:17:00,2020-01-30 17:09:00,112,False Positive
8783,INV_22,2020-01-30 14:06:00,2020-01-30 14:44:00,38,Fraud
8784,INV_18,2020-01-30 16:36:00,2020-01-30 18:02:00,86,Fraud
8785,INV_15,2020-01-30 16:46:00,2020-01-30 18:11:00,85,Fraud
8786,INV_17,2020-01-30 15:57:00,2020-01-30 16:28:00,31,False Positive
8787,INV_25,2020-01-30 16:59:00,2020-01-30 17:25:00,26,False Positive
8788,INV_9,2020-01-30 16:23:00,2020-01-30 18:37:00,134,False Positive
8789,INV_10,2020-01-30 16:04:00,2020-01-30 18:57:00,173,False Positive
8790,INV_20,2020-01-30 15:46:00,2020-01-30 18:35:00,169,False Positive
8791,INV_4,2020-01-30 16:56:00,2020-01-30 17:54:00,58,Fraud
8792,INV_9,2020-01-30 16:25:00,2020-01-30 18:21:00,116,Fraud
8793,INV_19,2020-01-30 16:22:00,2020-01-30 18:23:00,121,Fraud
8794,INV_25,2020-01-30 17:19:00,2020-01-30 18:47:00,88,False Positive
8795,INV_11,2020-01-30 16:25:00,2020-01-30 16:58:00,33,False Positive
8796,INV_17,2020-01-30 16:27:00,2020-01-30 17:01:00,34,False Positive
8797,INV_15,2020-01-30 16:23:00,2020-01-30 17:04:00,41,Fraud
8798,INV_2,2020-01-30 17:09:00,2020-01-30 19:12:00,123,Fraud
8799,INV_6,2020-01-30 16:29:00,2020-01-30 18:56:00,147,Fraud
8800,INV_1,2020-01-30 17:37:00,2020-01-30 19:43:00,126,Fraud
8801,INV_13,2020-01-30 17:18:00,2020-01-30 19:57:00,159,Fraud
8802,INV_5,2020-01-30 16:51:00,2020-01-30 17:47:00,56,Fraud
8803,INV_18,2020-01-30 16:24:00,2020-01-30 18:19:00,115,Fraud
8804,INV_18,2020-01-30 18:04:00,2020-01-30 19:19:00,75,Fraud
8805,INV_23,2020-01-30 18:48:00,2020-01-30 19:16:00,28,Fraud
8806,INV_3,2020-01-30 17:54:00,2020-01-30 19:50:00,116,Fraud
8807,INV_12,2020-01-30 18:15:00,2020-01-30 19:53:00,98,Fraud
8808,INV_20,2020-01-30 17:27:00,2020-01-30 18:11:00,44,False Positive
8809,INV_15,2020-01-30 18:13:00,2020-01-30 18:51:00,38,False Positive
8810,INV_10,2020-01-30 18:54:00,2020-01-30 19:16:00,22,Fraud
8811,INV_21,2020-01-30 18:27:00,2020-01-30 20:23:00,116,Fraud
8812,INV_25,2020-01-30 18:46:00,2020-01-30 19:36:00,50,False Positive
8813,INV_5,2020-01-30 18:25:00,2020-01-30 18:59:00,34,Fraud
8814,INV_21,2020-01-30 18:34:00,2020-01-30 20:00:00,86,Fraud
8815,INV_16,2020-01-30 18:56:00,2020-01-30 20:59:00,123,Fraud
8816,INV_15,2020-01-30 19:13:00,2020-01-30 19:32:00,19,Fraud
8817,INV_16,2020-01-30 18:41:00,2020-01-30 20:19:00,98,False Positive
8818,INV_18,2020-01-30 19:00:00,2020-01-30 21:17:00,137,Fraud
8819,INV_18,2020-01-30 18:58:00,2020-01-30 20:26:00,88,False Positive
8820,INV_23,2020-01-30 19:58:00,2020-01-30 22:50:00,172,False Positive
8821,INV_12,2020-01-30 19:11:00,2020-01-30 19:58:00,47,Fraud
8822,INV_10,2020-01-30 18:52:00,2020-01-30 21:09:00,137,Fraud
8823,INV_13,2020-01-30 18:30:00,2020-01-30 19:08:00,38,False Positive
8824,INV_21,2020-01-30 19:28:00,2020-01-30 20:48:00,80,False Positive
8825,INV_17,2020-01-30 19:29:00,2020-01-30 20:24:00,55,Fraud
8826,INV_8,2020-01-30 20:27:00,2020-01-30 21:02:00,35,False Positive
8827,INV_11,2020-01-30 20:46:00,2020-01-30 23:33:00,167,False Positive
8828,INV_14,2020-01-30 20:32:00,2020-01-30 22:23:00,111,Fraud
8829,INV_21,2020-01-30 20:36:00,2020-01-30 23:05:00,149,Fraud
8830,INV_16,2020-01-30 20:21:00,2020-01-30 20:37:00,16,Fraud
8831,INV_5,2020-01-30 19:51:00,2020-01-30 21:07:00,76,Fraud
8832,INV_15,2020-01-30 19:53:00,2020-01-30 22:37:00,164,Fraud
8833,INV_19,2020-01-30 19:20:00,2020-01-30 20:16:00,56,Fraud
8834,INV_18,2020-01-30 20:54:00,2020-01-30 22:24:00,90,False Positive
8835,INV_22,2020-01-30 19:48:00,2020-01-30 22:30:00,162,Fraud
8836,INV_17,2020-01-30 21:53:00,2020-01-31 00:44:00,171,False Positive
8837,INV_18,2020-01-30 20:25:00,2020-01-30 23:18:00,173,False Positive
8838,INV_19,2020-01-30 21:26:00,2020-01-30 23:16:00,110,False Positive
8839,INV_9,2020-01-30 20:23:00,2020-01-30 20:36:00,13,False Positive
8840,INV_10,2020-01-30 20:44:00,2020-01-30 21:31:00,47,Fraud
8841,INV_5,2020-01-30 20:11:00,2020-01-30 21:43:00,92,False Positive
8842,INV_3,2020-01-30 21:37:00,2020-01-30 22:25:00,48,Fraud
8843,INV_1,2020-01-30 21:35:00,2020-01-30 23:46:00,131,Fraud
8844,INV_4,2020-01-30 22:54:00,2020-01-31 00:35:00,101,Fraud
8845,INV_12,2020-01-30 22:45:00,2020-01-30 23:14:00,29,Fraud
8846,INV_24,2020-01-30 21:38:00,2020-01-31 00:30:00,172,Fraud
8847,INV_16,2020-01-30 22:07:00,2020-01-30 23:20:00,73,False Positive
8848,INV_18,2020-01-30 22:06:00,2020-01-30 23:41:00,95,Fraud
8849,INV_14,2020-01-30 22:21:00,2020-01-31 00:01:00,100,Fraud
8850,INV_1,2020-01-30 22:20:00,2020-01-30 22:34:00,14,Fraud
8851,INV_7,2020-01-30 21:55:00,2020-01-30 23:30:00,95,Fraud
8852,INV_17,2020-01-30 22:24:00,2020-01-30 23:16:00,52,Fraud
8853,INV_2,2020-01-30 22:50:00,2020-01-30 23:21:00,31,Fraud
8854,INV_22,2020-01-30 21:49:00,2020-01-30 22:18:00,29,False Positive
8855,INV_18,2020-01-30 22:19:00,2020-01-30 23:13:00,54,Fraud
8856,INV_17,2020-01-30 23:28:00,2020-01-30 23:54:00,26,Fraud
8857,INV_14,2020-01-30 23:34:00,2020-01-31 01:10:00,96,Fraud
8858,INV_16,2020-01-30 23:33:00,2020-01-31 01:52:00,139,False Positive
8859,INV_24,2020-01-30 22:23:00,2020-01-31 01:22:00,179,False Positive
8860,INV_6,2020-01-30 23:01:00,2020-01-31 01:49:00,168,False Positive
8861,INV_20,2020-01-30 23:01:00,2020-01-30 23:11:00,10,False Positive
8862,INV_20,2020-01-30 23:39:00,2020-01-31 00:23:00,44,Fraud
8863,INV_13,2020-01-30 23:26:00,2020-01-31 01:38:00,132,Fraud
8864,INV_7,2020-01-30 22:07:00,2020-01-30 22:58:00,51,Fraud
8865,INV_19,2020-01-30 22:22:00,2020-01-30 23:06:00,44,Fraud
8866,INV_16,2020-01-30 23:55:00,2020-01-31 02:21:00,146,False Positive
8867,INV_16,2020-01-30 23:25:00,2020-01-31 00:59:00,94,Fraud
8868,INV_23,2020-01-30 23:30:00,2020-01-31 02:02:00,152,False Positive
8869,INV_4,2020-01-30 22:17:00,2020-01-31 00:21:00,124,Fraud
8870,INV_11,2020-01-30 23:42:00,2020-01-31 02:30:00,168,False Positive
8871,INV_22,2020-01-30 23:35:00,2020-01-31 02:05:00,150,Fraud
8872,INV_24,2020-01-31 00:30:00,2020-01-31 03:01:00,151,False Positive
8873,INV_6,2020-01-31 00:55:00,2020-01-31 03:14:00,139,False Positive
8874,INV_11,2020-01-31 00:17:00,2020-01-31 03:11:00,174,Fraud
8875,INV_13,2020-01-31 00:53:00,2020-01-31 01:42:00,49,Fraud
8876,INV_7,2020-01-31 00:42:00,2020-01-31 02:20:00,98,Fraud
8877,INV_6,2020-01-30 23:40:00,2020-01-31 02:02:00,142,False Positive
8878,INV_14,2020-01-31 00:38:00,2020-01-31 02:45:00,127,Fraud
8879,INV_17,2020-01-31 00:19:00,2020-01-31 01:01:00,42,Fraud
8880,INV_8,2020-01-30 23:26:00,2020-01-31 01:31:00,125,Fraud
8881,INV_6,2020-01-31 00:37:00,2020-01-31 01:16:00,39,False Positive
8882,INV_8,2020-01-30 23:31:00,2020-01-31 00:00:00,29,Fraud
8883,INV_6,2020-01-31 00:15:00,2020-01-31 02:25:00,130,Fraud
8884,INV_15,2020-01-31 00:06:00,2020-01-31 02:51:00,165,False Positive
8885,INV_11,2020-01-31 00:21:00,2020-01-31 01:44:00,83,Fraud
8886,INV_6,2020-01-31 01:56:00,2020-01-31 02:48:00,52,Fraud
8887,INV_13,2020-01-31 00:19:00,2020-01-31 02:37:00,138,False Positive
8888,INV_11,2020-01-31 00:33:00,2020-01-31 03:12:00,159,False Positive
8889,INV_10,2020-01-31 01:45:00,2020-01-31 02:31:00,46,Fraud
8890,INV_6,2020-01-31 00:38:00,2020-01-31 01:48:00,70,False Positive
8891,INV_15,2020-01-31 00:32:00,2020-01-31 02:18:00,106,Fraud
8892,INV_13,2020-01-31 01:57:00,2020-01-31 03:31:00,94,False Positive
8893,INV_20,2020-01-31 01:06:00,2020-01-31 03:35:00,149,Fraud
8894,INV_10,2020-01-31 01:54:00,2020-01-31 02:33:00,39,False Positive
8895,INV_4,2020-01-31 01:52:00,2020-01-31 03:17:00,85,Fraud
8896,INV_24,2020-01-31 01:05:00,2020-01-31 01:51:00,46,False Positive
8897,INV_5,2020-01-31 01:35:00,2020-01-31 04:18:00,163,Fraud
8898,INV_14,2020-01-31 01:07:00,2020-01-31 03:04:00,117,False Positive
8899,INV_4,2020-01-31 02:06:00,2020-01-31 05:04:00,178,Fraud
8900,INV_1,2020-01-31 03:02:00,2020-01-31 03:23:00,21,Fraud
8901,INV_2,2020-01-31 03:30:00,2020-01-31 06:08:00,158,False Positive
8902,INV_4,2020-01-31 03:00:00,2020-01-31 05:29:00,149,Fraud
8903,INV_6,2020-01-31 03:55:00,2020-01-31 05:57:00,122,False Positive
8904,INV_23,2020-01-31 03:38:00,2020-01-31 05:45:00,127,False Positive
8905,INV_25,2020-01-31 02:30:00,2020-01-31 05:03:00,153,False Positive
8906,INV_18,2020-01-31 02:17:00,2020-01-31 03:04:00,47,Fraud
8907,INV_16,2020-01-31 02:39:00,2020-01-31 04:26:00,107,Fraud
8908,INV_19,2020-01-31 03:49:00,2020-01-31 06:00:00,131,False Positive
8909,INV_11,2020-01-31 03:04:00,2020-01-31 04:57:00,113,Fraud
8910,INV_4,2020-01-31 04:38:00,2020-01-31 06:34:00,116,Fraud
8911,INV_6,2020-01-31 04:23:00,2020-01-31 04:53:00,30,False Positive
8912,INV_2,2020-01-31 03:35:00,2020-01-31 04:44:00,69,False Positive
8913,INV_21,2020-01-31 04:47:00,2020-01-31 07:24:00,157,Fraud
8914,INV_23,2020-01-31 04:42:00,2020-01-31 06:36:00,114,Fraud
8915,INV_16,2020-01-31 03:28:00,2020-01-31 06:24:00,176,Fraud
8916,INV_5,2020-01-31 03:22:00,2020-01-31 04:15:00,53,Fraud
8917,INV_19,2020-01-31 04:51:00,2020-01-31 07:41:00,170,Fraud
8918,INV_9,2020-01-31 03:18:00,2020-01-31 03:36:00,18,Fraud
8919,INV_2,2020-01-31 04:59:00,2020-01-31 05:59:00,60,Fraud
8920,INV_9,2020-01-31 03:22:00,2020-01-31 05:34:00,132,False Positive
8921,INV_15,2020-01-31 03:54:00,2020-01-31 06:35:00,161,Fraud
8922,INV_7,2020-01-31 03:23:00,2020-01-31 04:30:00,67,False Positive
8923,INV_12,2020-01-31 04:53:00,2020-01-31 07:14:00,141,Fraud
8924,INV_13,2020-01-31 05:58:00,2020-01-31 06:31:00,33,False Positive
8925,INV_20,2020-01-31 05:44:00,2020-01-31 07:36:00,112,Fraud
8926,INV_2,2020-01-31 04:39:00,2020-01-31 05:12:00,33,False Positive
8927,INV_8,2020-01-31 05:23:00,2020-01-31 06:44:00,81,False Positive
8928,INV_19,2020-01-31 04:34:00,2020-01-31 06:55:00,141,False Positive
8929,INV_23,2020-01-31 04:23:00,2020-01-31 07:16:00,173,Fraud
8930,INV_19,2020-01-31 05:22:00,2020-01-31 07:24:00,122,Fraud
8931,INV_3,2020-01-31 05:56:00,2020-01-31 06:24:00,28,Fraud
8932,INV_9,2020-01-31 04:29:00,2020-01-31 06:29:00,120,Fraud
8933,INV_12,2020-01-31 04:20:00,2020-01-31 06:32:00,132,Fraud
8934,INV_25,2020-01-31 05:16:00,2020-01-31 08:06:00,170,Fraud
8935,INV_8,2020-01-31 04:38:00,2020-01-31 05:40:00,62,False Positive
8936,INV_24,2020-01-31 04:52:00,2020-01-31 07:49:00,177,Fraud
8937,INV_25,2020-01-31 04:11:00,2020-01-31 06:20:00,129,Fraud
8938,INV_17,2020-01-31 06:20:00,2020-01-31 07:10:00,50,Fraud
8939,INV_12,2020-01-31 05:15:00,2020-01-31 06:29:00,74,Fraud
8940,INV_4,2020-01-31 06:08:00,2020-01-31 08:19:00,131,False Positive
8941,INV_16,2020-01-31 06:28:00,2020-01-31 09:01:00,153,Fraud
8942,INV_16,2020-01-31 06:51:00,2020-01-31 09:33:00,162,Fraud
8943,INV_16,2020-01-31 06:43:00,2020-01-31 08:06:00,83,False Positive
8944,INV_9,2020-01-31 07:24:00,2020-01-31 08:42:00,78,False Positive
8945,INV_17,2020-01-31 07:22:00,2020-01-31 08:33:00,71,False Positive
8946,INV_18,2020-01-31 06:18:00,2020-01-31 08:53:00,155,Fraud
8947,INV_14,2020-01-31 06:47:00,2020-01-31 08:15:00,88,False Positive
8948,INV_9,2020-01-31 06:36:00,2020-01-31 08:05:00,89,False Positive
8949,INV_7,2020-01-31 07:26:00,2020-01-31 09:50:00,144,Fraud
8950,INV_9,2020-01-31 06:34:00,2020-01-31 08:45:00,131,Fraud
8951,INV_3,2020-01-31 07:59:00,2020-01-31 09:18:00,79,False Positive
8952,INV_3,2020-01-31 07:35:00,2020-01-31 10:31:00,176,Fraud
8953,INV_18,2020-01-31 07:11:00,2020-01-31 09:26:00,135,False Positive
8954,INV_19,2020-01-31 06:10:00,2020-01-31 08:07:00,117,False Positive
8955,INV_3,2020-01-31 07:48:00,2020-01-31 08:09:00,21,False Positive
8956,INV_12,2020-01-31 06:30:00,2020-01-31 07:01:00,31,False Positive
8957,INV_19,2020-01-31 06:29:00,2020-01-31 07:41:00,72,Fraud
8958,INV_9,2020-01-31 06:58:00,2020-01-31 07:36:00,38,Fraud
8959,INV_13,2020-01-31 06:30:00,2020-01-31 07:59:00,89,Fraud
8960,INV_16,2020-01-31 07:53:00,2020-01-31 10:24:00,151,Fraud
8961,INV_5,2020-01-31 07:01:00,2020-01-31 09:38:00,157,Fraud
8962,INV_6,2020-01-31 07:23:00,2020-01-31 08:19:00,56,False Positive
8963,INV_6,2020-01-31 07:49:00,2020-01-31 08:32:00,43,False Positive
8964,INV_8,2020-01-31 07:08:00,2020-01-31 07:56:00,48,Fraud
8965,INV_17,2020-01-31 07:48:00,2020-01-31 09:24:00,96,Fraud
8966,INV_18,2020-01-31 07:40:00,2020-01-31 08:28:00,48,Fraud
8967,INV_5,2020-01-31 07:45:00,2020-01-31 08:25:00,40,False Positive
8968,INV_23,2020-01-31 07:53:00,2020-01-31 08:39:00,46,Fraud
8969,INV_7,2020-01-31 08:26:00,2020-01-31 10:58:00,152,False Positive
8970,INV_13,2020-01-31 08:20:00,2020-01-31 10:50:00,150,Fraud
8971,INV_23,2020-01-31 08:52:00,2020-01-31 11:34:00,162,Fraud
8972,INV_3,2020-01-31 08:46:00,2020-01-31 09:41:00,55,Fraud
8973,INV_6,2020-01-31 07:38:00,2020-01-31 10:05:00,147,False Positive
8974,INV_15,2020-01-31 08:41:00,2020-01-31 09:12:00,31,Fraud
8975,INV_20,2020-01-31 08:58:00,2020-01-31 10:05:00,67,Fraud
8976,INV_6,2020-01-31 09:03:00,2020-01-31 10:50:00,107,Fraud
8977,INV_20,2020-01-31 09:33:00,2020-01-31 12:21:00,168,False Positive
8978,INV_9,2020-01-31 08:47:00,2020-01-31 09:45:00,58,False Positive
8979,INV_21,2020-01-31 09:15:00,2020-01-31 10:48:00,93,False Positive
8980,INV_8,2020-01-31 09:12:00,2020-01-31 11:40:00,148,False Positive
8981,INV_10,2020-01-31 08:51:00,2020-01-31 10:22:00,91,Fraud
8982,INV_13,2020-01-31 08:50:00,2020-01-31 11:22:00,152,False Positive
8983,INV_21,2020-01-31 08:23:00,2020-01-31 11:05:00,162,False Positive
8984,INV_19,2020-01-31 09:27:00,2020-01-31 12:13:00,166,Fraud
8985,INV_23,2020-01-31 09:52:00,2020-01-31 11:26:00,94,False Positive
8986,INV_8,2020-01-31 10:55:00,2020-01-31 13:08:00,133,False Positive
8987,INV_8,2020-01-31 10:21:00,2020-01-31 12:56:00,155,False Positive
8988,INV_4,2020-01-31 10:00:00,2020-01-31 12:32:00,152,False Positive
8989,INV_12,2020-01-31 09:08:00,2020-01-31 10:15:00,67,False Positive
8990,INV_24,2020-01-31 10:49:00,2020-01-31 12:37:00,108,Fraud
8991,INV_8,2020-01-31 10:31:00,2020-01-31 10:49:00,18,False Positive
8992,INV_17,2020-01-31 11:40:00,2020-01-31 12:20:00,40,Fraud
8993,INV_11,2020-01-31 11:28:00,2020-01-31 14:23:00,175,Fraud
8994,INV_25,2020-01-31 10:59:00,2020-01-31 13:57:00,178,Fraud
8995,INV_6,2020-01-31 11:29:00,2020-01-31 12:48:00,79,Fraud
8996,INV_18,2020-01-31 10:22:00,2020-01-31 11:19:00,57,False Positive
8997,INV_9,2020-01-31 11:59:00,2020-01-31 13:06:00,67,False Positive
8998,INV_8,2020-01-31 11:17:00,2020-01-31 13:01:00,104,False Positive
8999,INV_22,2020-01-31 10:12:00,2020-01-31 13:06:00,174,Fraud
9000,INV_2,2020-01-31 11:29:00,2020-01-31 14:02:00,153,Fraud
9001,INV_9,2020-01-31 11:14:00,2020-01-31 14:08:00,174,Fraud
9002,INV_8,2020-01-31 11:57:00,2020-01-31 14:55:00,178,False Positive
9003,INV_9,2020-01-31 10:50:00,2020-01-31 13:43:00,173,False Positive
9004,INV_17,2020-01-31 11:04:00,2020-01-31 12:20:00,76,Fraud
9005,INV_1,2020-01-31 10:56:00,2020-01-31 13:47:00,171,Fraud
9006,INV_20,2020-01-31 11:50:00,2020-01-31 13:37:00,107,False Positive
9007,INV_24,2020-01-31 11:23:00,2020-01-31 12:07:00,44,Fraud
9008,INV_21,2020-01-31 11:59:00,2020-01-31 13:10:00,71,False Positive
9009,INV_13,2020-01-31 10:14:00,2020-01-31 11:54:00,100,Fraud
9010,INV_14,2020-01-31 11:38:00,2020-01-31 13:51:00,133,Fraud
9011,INV_23,2020-01-31 10:40:00,2020-01-31 10:53:00,13,False Positive
9012,INV_13,2020-01-31 11:31:00,2020-01-31 13:07:00,96,False Positive
9013,INV_24,2020-01-31 11:20:00,2020-01-31 13:44:00,144,False Positive
9014,INV_18,2020-01-31 11:13:00,2020-01-31 11:37:00,24,False Positive
9015,INV_7,2020-01-31 11:52:00,2020-01-31 12:16:00,24,False Positive
9016,INV_5,2020-01-31 11:35:00,2020-01-31 12:41:00,66,Fraud
9017,INV_8,2020-01-31 11:40:00,2020-01-31 12:27:00,47,False Positive
9018,INV_7,2020-01-31 12:50:00,2020-01-31 15:35:00,165,False Positive
9019,INV_2,2020-01-31 11:30:00,2020-01-31 12:14:00,44,Fraud
9020,INV_12,2020-01-31 12:18:00,2020-01-31 13:18:00,60,False Positive
9021,INV_13,2020-01-31 12:04:00,2020-01-31 12:25:00,21,Fraud
9022,INV_13,2020-01-31 11:58:00,2020-01-31 14:50:00,172,Fraud
9023,INV_11,2020-01-31 12:42:00,2020-01-31 14:44:00,122,False Positive
9024,INV_22,2020-01-31 11:26:00,2020-01-31 13:20:00,114,False Positive
9025,INV_8,2020-01-31 12:31:00,2020-01-31 14:48:00,137,Fraud
9026,INV_15,2020-01-31 11:35:00,2020-01-31 13:51:00,136,Fraud
9027,INV_24,2020-01-31 11:31:00,2020-01-31 14:18:00,167,Fraud
9028,INV_6,2020-01-31 12:59:00,2020-01-31 15:47:00,168,Fraud
9029,INV_16,2020-01-31 11:11:00,2020-01-31 11:38:00,27,False Positive
9030,INV_22,2020-01-31 12:33:00,2020-01-31 14:05:00,92,False Positive
9031,INV_15,2020-01-31 11:40:00,2020-01-31 14:26:00,166,False Positive
9032,INV_25,2020-01-31 12:53:00,2020-01-31 14:03:00,70,False Positive
9033,INV_23,2020-01-31 12:43:00,2020-01-31 13:42:00,59,Fraud
9034,INV_19,2020-01-31 13:20:00,2020-01-31 13:41:00,21,False Positive
9035,INV_21,2020-01-31 13:16:00,2020-01-31 14:26:00,70,Fraud
9036,INV_10,2020-01-31 13:15:00,2020-01-31 13:57:00,42,False Positive
9037,INV_22,2020-01-31 13:58:00,2020-01-31 14:37:00,39,Fraud
9038,INV_5,2020-01-31 13:09:00,2020-01-31 14:25:00,76,False Positive
9039,INV_13,2020-01-31 13:55:00,2020-01-31 14:19:00,24,False Positive
9040,INV_9,2020-01-31 12:22:00,2020-01-31 14:03:00,101,Fraud
9041,INV_16,2020-01-31 13:14:00,2020-01-31 14:07:00,53,Fraud
9042,INV_1,2020-01-31 12:30:00,2020-01-31 13:17:00,47,Fraud
9043,INV_15,2020-01-31 13:09:00,2020-01-31 13:41:00,32,Fraud
9044,INV_22,2020-01-31 13:31:00,2020-01-31 14:21:00,50,Fraud
9045,INV_15,2020-01-31 14:21:00,2020-01-31 14:45:00,24,Fraud
9046,INV_9,2020-01-31 14:14:00,2020-01-31 15:32:00,78,False Positive
9047,INV_14,2020-01-31 14:07:00,2020-01-31 15:13:00,66,Fraud
9048,INV_11,2020-01-31 14:12:00,2020-01-31 15:22:00,70,False Positive
9049,INV_5,2020-01-31 13:22:00,2020-01-31 13:41:00,19,False Positive
9050,INV_23,2020-01-31 13:23:00,2020-01-31 16:15:00,172,Fraud
9051,INV_23,2020-01-31 13:05:00,2020-01-31 14:13:00,68,Fraud
9052,INV_8,2020-01-31 13:45:00,2020-01-31 15:27:00,102,Fraud
9053,INV_14,2020-01-31 14:04:00,2020-01-31 16:02:00,118,False Positive
9054,INV_9,2020-01-31 14:48:00,2020-01-31 15:51:00,63,Fraud
9055,INV_4,2020-01-31 14:21:00,2020-01-31 14:40:00,19,False Positive
9056,INV_20,2020-01-31 15:05:00,2020-01-31 16:07:00,62,Fraud
9057,INV_15,2020-01-31 15:08:00,2020-01-31 15:20:00,12,Fraud
9058,INV_10,2020-01-31 15:33:00,2020-01-31 18:04:00,151,False Positive
9059,INV_22,2020-01-31 14:27:00,2020-01-31 17:06:00,159,False Positive
9060,INV_2,2020-01-31 14:23:00,2020-01-31 16:53:00,150,False Positive
9061,INV_6,2020-01-31 15:20:00,2020-01-31 16:47:00,87,Fraud
9062,INV_19,2020-01-31 16:50:00,2020-01-31 18:35:00,105,False Positive
9063,INV_11,2020-01-31 15:40:00,2020-01-31 16:39:00,59,False Positive
9064,INV_24,2020-01-31 15:53:00,2020-01-31 16:33:00,40,False Positive
9065,INV_3,2020-01-31 16:12:00,2020-01-31 18:47:00,155,Fraud
9066,INV_19,2020-01-31 15:24:00,2020-01-31 16:50:00,86,Fraud
9067,INV_12,2020-01-31 15:30:00,2020-01-31 16:48:00,78,Fraud
9068,INV_21,2020-01-31 16:05:00,2020-01-31 18:31:00,146,False Positive
9069,INV_23,2020-01-31 16:39:00,2020-01-31 17:52:00,73,Fraud
9070,INV_19,2020-01-31 15:36:00,2020-01-31 18:10:00,154,False Positive
9071,INV_24,2020-01-31 16:13:00,2020-01-31 17:33:00,80,Fraud
9072,INV_21,2020-01-31 16:09:00,2020-01-31 18:58:00,169,False Positive
9073,INV_10,2020-01-31 16:11:00,2020-01-31 18:25:00,134,Fraud
9074,INV_19,2020-01-31 17:32:00,2020-01-31 18:52:00,80,Fraud
9075,INV_8,2020-01-31 17:13:00,2020-01-31 18:17:00,64,Fraud
9076,INV_19,2020-01-31 16:08:00,2020-01-31 17:44:00,96,Fraud
9077,INV_14,2020-01-31 16:54:00,2020-01-31 18:43:00,109,False Positive
9078,INV_8,2020-01-31 17:13:00,2020-01-31 17:26:00,13,Fraud
9079,INV_21,2020-01-31 17:54:00,2020-01-31 20:34:00,160,Fraud
9080,INV_7,2020-01-31 16:54:00,2020-01-31 17:23:00,29,False Positive
9081,INV_6,2020-01-31 17:51:00,2020-01-31 19:58:00,127,Fraud
9082,INV_12,2020-01-31 17:04:00,2020-01-31 17:26:00,22,False Positive
9083,INV_23,2020-01-31 16:40:00,2020-01-31 17:14:00,34,Fraud
9084,INV_25,2020-01-31 16:39:00,2020-01-31 17:38:00,59,Fraud
9085,INV_14,2020-01-31 16:42:00,2020-01-31 16:56:00,14,False Positive
9086,INV_20,2020-01-31 16:22:00,2020-01-31 18:49:00,147,False Positive
9087,INV_14,2020-01-31 17:55:00,2020-01-31 19:08:00,73,Fraud
9088,INV_9,2020-01-31 18:29:00,2020-01-31 20:30:00,121,False Positive
9089,INV_22,2020-01-31 18:49:00,2020-01-31 20:39:00,110,Fraud
9090,INV_16,2020-01-31 18:25:00,2020-01-31 19:30:00,65,Fraud
9091,INV_23,2020-01-31 18:28:00,2020-01-31 20:02:00,94,False Positive
9092,INV_17,2020-01-31 18:57:00,2020-01-31 21:13:00,136,False Positive
9093,INV_21,2020-01-31 18:49:00,2020-01-31 20:59:00,130,Fraud
9094,INV_6,2020-01-31 17:15:00,2020-01-31 19:17:00,122,Fraud
9095,INV_1,2020-01-31 17:50:00,2020-01-31 20:47:00,177,False Positive
9096,INV_3,2020-01-31 17:47:00,2020-01-31 18:42:00,55,False Positive
9097,INV_16,2020-01-31 17:18:00,2020-01-31 19:16:00,118,False Positive
9098,INV_10,2020-01-31 18:48:00,2020-01-31 20:53:00,125,Fraud
9099,INV_6,2020-01-31 19:13:00,2020-01-31 20:27:00,74,Fraud
9100,INV_5,2020-01-31 18:06:00,2020-01-31 19:25:00,79,False Positive
9101,INV_9,2020-01-31 19:36:00,2020-01-31 21:44:00,128,Fraud
9102,INV_2,2020-01-31 19:46:00,2020-01-31 19:59:00,13,False Positive
9103,INV_20,2020-01-31 19:39:00,2020-01-31 22:01:00,142,Fraud
9104,INV_6,2020-01-31 19:11:00,2020-01-31 19:46:00,35,False Positive
9105,INV_1,2020-01-31 19:10:00,2020-01-31 21:17:00,127,Fraud
9106,INV_4,2020-01-31 19:57:00,2020-01-31 20:32:00,35,Fraud
9107,INV_14,2020-01-31 19:20:00,2020-01-31 21:12:00,112,Fraud
9108,INV_4,2020-01-31 19:53:00,2020-01-31 22:08:00,135,False Positive
9109,INV_5,2020-01-31 19:20:00,2020-01-31 19:50:00,30,False Positive
9110,INV_20,2020-01-31 19:28:00,2020-01-31 21:09:00,101,Fraud
9111,INV_8,2020-01-31 20:37:00,2020-01-31 23:35:00,178,False Positive
9112,INV_7,2020-01-31 20:54:00,2020-01-31 21:42:00,48,False Positive
9113,INV_24,2020-01-31 20:23:00,2020-01-31 21:55:00,92,Fraud
9114,INV_2,2020-01-31 20:51:00,2020-01-31 22:31:00,100,False Positive
9115,INV_25,2020-01-31 20:35:00,2020-01-31 21:36:00,61,Fraud
9116,INV_8,2020-01-31 20:46:00,2020-01-31 21:37:00,51,False Positive
9117,INV_7,2020-01-31 20:21:00,2020-01-31 21:09:00,48,Fraud
9118,INV_14,2020-01-31 20:09:00,2020-01-31 20:26:00,17,Fraud
9119,INV_24,2020-01-31 20:26:00,2020-01-31 22:36:00,130,Fraud
9120,INV_15,2020-01-31 20:07:00,2020-01-31 20:18:00,11,Fraud
9121,INV_3,2020-01-31 20:31:00,2020-01-31 20:48:00,17,Fraud
9122,INV_24,2020-01-31 20:14:00,2020-01-31 21:28:00,74,False Positive
9123,INV_16,2020-01-31 21:27:00,2020-01-31 23:00:00,93,Fraud
9124,INV_19,2020-01-31 21:24:00,2020-01-31 23:26:00,122,Fraud
9125,INV_20,2020-01-31 21:43:00,2020-02-01 00:20:00,157,Fraud
9126,INV_4,2020-01-31 21:51:00,2020-01-31 22:32:00,41,Fraud
9127,INV_25,2020-01-31 21:31:00,2020-01-31 22:35:00,64,Fraud
9128,INV_1,2020-01-31 22:16:00,2020-01-31 23:22:00,66,Fraud
9129,INV_12,2020-01-31 21:05:00,2020-01-31 22:54:00,109,False Positive
9130,INV_13,2020-01-31 22:29:00,2020-01-31 23:41:00,72,Fraud
9131,INV_22,2020-01-31 22:01:00,2020-01-31 22:44:00,43,False Positive
9132,INV_23,2020-01-31 21:46:00,2020-01-31 22:28:00,42,Fraud
9133,INV_12,2020-01-31 21:52:00,2020-01-31 23:18:00,86,False Positive
9134,INV_22,2020-01-31 21:39:00,2020-01-31 23:52:00,133,Fraud
9135,INV_6,2020-01-31 22:48:00,2020-02-01 00:26:00,98,Fraud
9136,INV_24,2020-01-31 22:27:00,2020-01-31 23:08:00,41,Fraud
9137,INV_13,2020-01-31 21:27:00,2020-01-31 23:55:00,148,False Positive
9138,INV_21,2020-01-31 21:37:00,2020-01-31 23:13:00,96,Fraud
9139,INV_7,2020-01-31 21:30:00,2020-02-01 00:13:00,163,Fraud
9140,INV_13,2020-01-31 22:48:00,2020-01-31 23:53:00,65,Fraud
9141,INV_19,2020-01-31 22:03:00,2020-01-31 23:19:00,76,Fraud
9142,INV_19,2020-01-31 21:33:00,2020-01-31 23:40:00,127,False Positive
9143,INV_12,2020-01-31 21:33:00,2020-02-01 00:07:00,154,Fraud
9144,INV_14,2020-01-31 22:54:00,2020-02-01 01:47:00,173,Fraud
9145,INV_22,2020-01-31 22:39:00,2020-02-01 00:07:00,88,Fraud
9146,INV_23,2020-01-31 23:42:00,2020-01-31 23:52:00,10,False Positive
9147,INV_5,2020-01-31 22:17:00,2020-01-31 22:52:00,35,Fraud
9148,INV_1,2020-01-31 22:54:00,2020-02-01 01:42:00,168,False Positive
9149,INV_21,2020-01-31 23:43:00,2020-02-01 00:41:00,58,False Positive
9150,INV_22,2020-01-31 23:23:00,2020-02-01 00:23:00,60,Fraud
9151,INV_22,2020-01-31 22:45:00,2020-01-31 23:02:00,17,Fraud
9152,INV_9,2020-01-31 23:13:00,2020-01-31 23:41:00,28,Fraud
9153,INV_11,2020-01-31 23:31:00,2020-01-31 23:55:00,24,Fraud
9154,INV_7,2020-01-31 23:42:00,2020-02-01 01:22:00,100,Fraud
9155,INV_15,2020-01-31 22:19:00,2020-01-31 23:07:00,48,Fraud
9156,INV_17,2020-01-31 22:28:00,2020-02-01 00:49:00,141,Fraud
9157,INV_20,2020-01-31 23:53:00,2020-02-01 01:14:00,81,False Positive
9158,INV_20,2020-01-31 23:54:00,2020-02-01 00:34:00,40,False Positive
9159,INV_16,2020-01-31 23:36:00,2020-02-01 00:13:00,37,False Positive
9160,INV_2,2020-02-01 00:05:00,2020-02-01 02:16:00,131,False Positive
9161,INV_9,2020-01-31 23:18:00,2020-02-01 01:21:00,123,False Positive
9162,INV_17,2020-01-31 23:11:00,2020-01-31 23:38:00,27,Fraud
9163,INV_6,2020-02-01 00:21:00,2020-02-01 03:07:00,166,False Positive
9164,INV_1,2020-02-01 00:38:00,2020-02-01 01:21:00,43,Fraud
9165,INV_4,2020-01-31 23:22:00,2020-02-01 02:14:00,172,Fraud
9166,INV_17,2020-02-01 00:53:00,2020-02-01 01:46:00,53,False Positive
9167,INV_15,2020-01-31 23:25:00,2020-02-01 02:16:00,171,Fraud
